{
"type": "FeatureCollection",
"name": "NaicSHP2",
"crs": { "type": "name", "properties": { "name": "urn:ogc:def:crs:OGC:1.3:CRS84" } },
"features": [
{ "type": "Feature", "properties": { "psgc_code": 402115001, "name": "Bagong Karsada", "corr_code": 42115001.0, "geo_level": "Bgy", "city_class": null, "inc_class": null, "urb_rur": null, "pop_2015": "R", "pop_2020": null, "status": null, "adm4_pcode": "PH0402115001", "adm4_en": "Bagong Karsada", "adm3_pcode": "PH0402115", "adm2_pcode": "PH04021", "adm1_pcode": "PH04", "adm0_pcode": "PH", "shape_len": 0.0158583853717, "shape_area": 1.4527697708e-05, "shape_sqkm": 0.173407592666 }, "geometry": { "type": "MultiPolygon", "coordinates": [ [ [ [ 120.753679821000105, 14.32344579100004 ], [ 120.753619567000101, 14.323369855000067 ], [ 120.754278201000034, 14.32274224300005 ], [ 120.754850769000086, 14.322274733000029 ], [ 120.755822558000091, 14.321581349000041 ], [ 120.756069446000083, 14.321408002000055 ], [ 120.756031395000036, 14.321383600000047 ], [ 120.755947701000082, 14.321319036000034 ], [ 120.755871181000089, 14.321189909000054 ], [ 120.755828139000073, 14.321118171000023 ], [ 120.755768357000079, 14.320996217000072 ], [ 120.755737271000044, 14.320869481000045 ], [ 120.755694228000038, 14.320771439000055 ], [ 120.755627273000073, 14.320675789000063 ], [ 120.755553144000032, 14.320592095000052 ], [ 120.75545988600004, 14.320510793000039 ], [ 120.755385757000113, 14.320422316000077 ], [ 120.755294889000083, 14.320379274000061 ], [ 120.75516003000007, 14.320263382000064 ], [ 120.755152999000074, 14.320257340000069 ], [ 120.755023376000054, 14.32012089400007 ], [ 120.75493468600007, 14.320001504000061 ], [ 120.754852819, 14.319885526000064 ], [ 120.75478118500007, 14.319776369000067 ], [ 120.754699318, 14.319643335000023 ], [ 120.754470771000115, 14.319496656000069 ], [ 120.754341148000094, 14.319274932000042 ], [ 120.75411942400001, 14.319097553000063 ], [ 120.754224721000014, 14.31892788600004 ], [ 120.753792546000113, 14.318542409000031 ], [ 120.753667467000014, 14.318460836000042 ], [ 120.753575017000117, 14.318422769000051 ], [ 120.753493839000043, 14.318431928000052 ], [ 120.753436833000023, 14.318455401000051 ], [ 120.753356353000072, 14.318495641000027 ], [ 120.753269166000109, 14.318545941000025 ], [ 120.753202100000067, 14.318576121000035 ], [ 120.752900300000078, 14.318914807000056 ], [ 120.752645447000077, 14.319193134000045 ], [ 120.752563716000054, 14.31927496000003 ], [ 120.752467720000027, 14.31937421400005 ], [ 120.752268548000075, 14.319539292000059 ], [ 120.751434894000113, 14.320179013000029 ], [ 120.750796443000013, 14.320757122000032 ], [ 120.750856593000094, 14.320819498000048 ], [ 120.750599252000029, 14.321075613000062 ], [ 120.750601215000074, 14.321076450000078 ], [ 120.750630798000088, 14.321096832000023 ], [ 120.750678787000084, 14.321124220000058 ], [ 120.750694564000014, 14.321131226000034 ], [ 120.750712313, 14.321135048000031 ], [ 120.750741895000033, 14.321152882000035 ], [ 120.750757672000077, 14.321154793000062 ], [ 120.750766218000081, 14.321158615000058 ], [ 120.750786598000104, 14.321179634000032 ], [ 120.750808291000112, 14.321193010000059 ], [ 120.750814208000065, 14.321198742000036 ], [ 120.750820124000029, 14.321212755000033 ], [ 120.750823411000056, 14.32121657700003 ], [ 120.750831028000107, 14.321220761000063 ], [ 120.750833, 14.321225220000031 ], [ 120.750866527000085, 14.321244328000034 ], [ 120.750895452, 14.321255793000034 ], [ 120.750922405000097, 14.32127235300004 ], [ 120.750936867000064, 14.321278723000034 ], [ 120.750963162000062, 14.321295920000068 ], [ 120.751009180000096, 14.321353882000039 ], [ 120.751042049000034, 14.321373627000071 ], [ 120.751054539000052, 14.321379996000076 ], [ 120.751069659000109, 14.321384455000043 ], [ 120.751081492000026, 14.321391461000076 ], [ 120.751098584000033, 14.321406748000072 ], [ 120.751117649000093, 14.321429678000072 ], [ 120.751130796000098, 14.321440506000044 ], [ 120.751146574000018, 14.32145706600005 ], [ 120.751151175000018, 14.321460251000076 ], [ 120.751164588000051, 14.321463823000045 ], [ 120.751169190000041, 14.321470829000077 ], [ 120.751184310000099, 14.321484842000075 ], [ 120.751194171000066, 14.321488663000025 ], [ 120.751207976000046, 14.321497580000027 ], [ 120.751229012000067, 14.321524332000024 ], [ 120.751250049000078, 14.321545351000054 ], [ 120.751282918000015, 14.321563185000059 ], [ 120.751303955000026, 14.321577835000028 ], [ 120.751314473000093, 14.321594396000023 ], [ 120.75132170400002, 14.32160968200003 ], [ 120.75132893600005, 14.321619874000078 ], [ 120.751348, 14.321636434000027 ], [ 120.751407306000033, 14.321671482000056 ], [ 120.751448722000077, 14.32170205500006 ], [ 120.751475017000075, 14.321724348000032 ], [ 120.751493424000046, 14.321737087000031 ], [ 120.751536155000053, 14.321786768000038 ], [ 120.751557191000074, 14.321804603000032 ], [ 120.751617644000021, 14.321875919000036 ], [ 120.751757410000096, 14.322062233000054 ], [ 120.751954586000011, 14.322309042000029 ], [ 120.752284076000024, 14.32261352200004 ], [ 120.752664741000103, 14.323005377000072 ], [ 120.753038426000103, 14.323400314000025 ], [ 120.753391734000047, 14.323789704000035 ], [ 120.753679821000105, 14.32344579100004 ] ] ] ] } },
{ "type": "Feature", "properties": { "psgc_code": 402115002, "name": "Balsahan", "corr_code": 42115001.999999993, "geo_level": "Bgy", "city_class": null, "inc_class": null, "urb_rur": null, "pop_2015": "R", "pop_2020": null, "status": null, "adm4_pcode": "PH0402115002", "adm4_en": "Balsahan", "adm3_pcode": "PH0402115", "adm2_pcode": "PH04021", "adm1_pcode": "PH04", "adm0_pcode": "PH", "shape_len": 0.0078150625564100008, "shape_area": 3.401523988e-06, "shape_sqkm": 0.040601951229600003 }, "geometry": { "type": "MultiPolygon", "coordinates": [ [ [ [ 120.763221015000113, 14.321167864000074 ], [ 120.763479435000022, 14.321105843000055 ], [ 120.763346776000049, 14.320453887000042 ], [ 120.763561637000066, 14.320227411000076 ], [ 120.76375581800005, 14.320220888000051 ], [ 120.763858827000035, 14.320178628000065 ], [ 120.76395655500005, 14.320115237000039 ], [ 120.764101043000096, 14.319813719000024 ], [ 120.764425545000108, 14.319399157000078 ], [ 120.764153282000052, 14.319224421000058 ], [ 120.763612819000059, 14.318935903000067 ], [ 120.763234114000056, 14.318874912000069 ], [ 120.762896431000058, 14.31891127800003 ], [ 120.762607664000029, 14.318968446000042 ], [ 120.762353, 14.319477774000063 ], [ 120.762113316000068, 14.319792359000076 ], [ 120.761978494000118, 14.319897221000076 ], [ 120.762218178000012, 14.320346628000038 ], [ 120.762487822000026, 14.320930857000064 ], [ 120.762727506000033, 14.321380264000027 ], [ 120.763221015000113, 14.321167864000074 ] ] ] ] } },
{ "type": "Feature", "properties": { "psgc_code": 402115003, "name": "Bancaan", "corr_code": 42115003.0, "geo_level": "Bgy", "city_class": null, "inc_class": null, "urb_rur": null, "pop_2015": "R", "pop_2020": null, "status": null, "adm4_pcode": "PH0402115003", "adm4_en": "Bancaan", "adm3_pcode": "PH0402115", "adm2_pcode": "PH04021", "adm1_pcode": "PH04", "adm0_pcode": "PH", "shape_len": 0.024120397286399999, "shape_area": 2.5680306359e-05, "shape_sqkm": 0.30653346995800002 }, "geometry": { "type": "MultiPolygon", "coordinates": [ [ [ [ 120.750856593000094, 14.320819498000048 ], [ 120.750796443000013, 14.320757122000032 ], [ 120.751434894000113, 14.320179013000029 ], [ 120.752268548000075, 14.319539292000059 ], [ 120.752467720000027, 14.31937421400005 ], [ 120.752563716000054, 14.31927496000003 ], [ 120.752645447000077, 14.319193134000045 ], [ 120.752900300000078, 14.318914807000056 ], [ 120.753202100000067, 14.318576121000035 ], [ 120.753269166000109, 14.318545941000025 ], [ 120.753356353000072, 14.318495641000027 ], [ 120.753436833000023, 14.318455401000051 ], [ 120.753493839000043, 14.318431928000052 ], [ 120.753575017000117, 14.318422769000051 ], [ 120.753667467000014, 14.318460836000042 ], [ 120.753792546000113, 14.318542409000031 ], [ 120.754224721000014, 14.31892788600004 ], [ 120.754409581000118, 14.318774716000064 ], [ 120.754541624000012, 14.318637391000038 ], [ 120.75471592100007, 14.318489503000023 ], [ 120.754940752000039, 14.318313842000066 ], [ 120.75468679200003, 14.318044944000064 ], [ 120.754492588000062, 14.317820862000076 ], [ 120.754034465000018, 14.317417515000045 ], [ 120.753656015000047, 14.317108779000023 ], [ 120.753352260000042, 14.316849840000032 ], [ 120.753187933000049, 14.316735309000023 ], [ 120.752844341000014, 14.316541105000056 ], [ 120.752256748000036, 14.316063064000048 ], [ 120.751793645000021, 14.315744369000072 ], [ 120.751481388000116, 14.315507463000074 ], [ 120.75127499000007, 14.315361474000042 ], [ 120.751088728000013, 14.315240656000071 ], [ 120.750927637000018, 14.315064462000066 ], [ 120.750711170000045, 14.314918473000034 ], [ 120.750524908000102, 14.314767450000033 ], [ 120.750383953000096, 14.314641597000048 ], [ 120.75017755500005, 14.314495608000072 ], [ 120.749991293000107, 14.314314380000042 ], [ 120.74986544, 14.314203630000065 ], [ 120.749705327000015, 14.314091118000022 ], [ 120.749636265000049, 14.313989457000048 ], [ 120.749538597000083, 14.313927962000037 ], [ 120.74934643000006, 14.313847696000039 ], [ 120.749225174000117, 14.313860459000068 ], [ 120.749123064000059, 14.313879605000068 ], [ 120.749040100000116, 14.313943424000058 ], [ 120.748976281000068, 14.314007243000049 ], [ 120.748937990000059, 14.314064680000058 ], [ 120.748925226000097, 14.31415402600004 ], [ 120.748918844000059, 14.314268900000059 ], [ 120.748880553000049, 14.314371010000059 ], [ 120.748740151000106, 14.314530557000069 ], [ 120.748306184000057, 14.315098544000023 ], [ 120.748733770000058, 14.31536658300007 ], [ 120.749052864000078, 14.315564421000033 ], [ 120.749320902000022, 14.315749496000024 ], [ 120.749480449000089, 14.315857988000062 ], [ 120.749290711000071, 14.316022803000067 ], [ 120.749076855000112, 14.316217649000066 ], [ 120.748905771000068, 14.316402991000075 ], [ 120.748734686000034, 14.316555066000035 ], [ 120.748520830000075, 14.316773674000046 ], [ 120.748292718000016, 14.317011291000028 ], [ 120.748188166000091, 14.31715861400005 ], [ 120.748078862000057, 14.317329699000027 ], [ 120.747983815000111, 14.317500783000071 ], [ 120.747908382000105, 14.317627745000038 ], [ 120.747832077000112, 14.317799358000059 ], [ 120.747689471000058, 14.318068726000035 ], [ 120.747564030000035, 14.31834073400006 ], [ 120.747527589000015, 14.318413616000043 ], [ 120.747387933000027, 14.318341081000028 ], [ 120.747263108000084, 14.318436620000057 ], [ 120.747272436000117, 14.318443741000067 ], [ 120.747286731000031, 14.318458321000037 ], [ 120.747295760000043, 14.318471443000021 ], [ 120.747304788000065, 14.318477275000077 ], [ 120.747316827000077, 14.318482378000056 ], [ 120.747349931000031, 14.318504248000067 ], [ 120.74741463600003, 14.318540698000049 ], [ 120.74743645500007, 14.318554549000055 ], [ 120.747456769000109, 14.318572045000053 ], [ 120.747463540000012, 14.318581522000045 ], [ 120.74747633100003, 14.318593186000044 ], [ 120.747498902000075, 14.318608495000035 ], [ 120.747507931000087, 14.31861359800007 ], [ 120.747513950000098, 14.318614327000034 ], [ 120.747535017000018, 14.318625262000069 ], [ 120.747549039000091, 14.318629620000024 ], [ 120.747574620000023, 14.318667528000049 ], [ 120.74758289600004, 14.318675547000055 ], [ 120.747594934000062, 14.318684295000025 ], [ 120.747643839000034, 14.31870981000003 ], [ 120.747650610000051, 14.31871637100005 ], [ 120.747658886000067, 14.318728035000049 ], [ 120.747676191000096, 14.318742615000076 ], [ 120.747709296000039, 14.31876156900006 ], [ 120.747724343000073, 14.318772504000037 ], [ 120.747746163000102, 14.318791458000021 ], [ 120.747769487000028, 14.318816973000025 ], [ 120.747789801000067, 14.318834469000024 ], [ 120.747808611000096, 14.318847591000065 ], [ 120.74784356400005, 14.318860777000054 ], [ 120.747869897000101, 14.318879731000038 ], [ 120.747888706000026, 14.318889937000051 ], [ 120.747893973000032, 14.318895769000051 ], [ 120.747944383000117, 14.318929302000072 ], [ 120.747976735000066, 14.318957733000047 ], [ 120.747988021000083, 14.318965752000054 ], [ 120.748024888000032, 14.319003660000021 ], [ 120.748077555, 14.319041568000046 ], [ 120.748099374000049, 14.319059793000065 ], [ 120.748109155000066, 14.319069270000057 ], [ 120.748121946000083, 14.319086037000034 ], [ 120.748144055000012, 14.319103891000054 ], [ 120.748150826000028, 14.319116284000074 ], [ 120.748167379000051, 14.319130864000044 ], [ 120.748193712000102, 14.319149089000064 ], [ 120.74822456000004, 14.319164397000065 ], [ 120.748268198000119, 14.319196473000034 ], [ 120.748285503000034, 14.319206679000047 ], [ 120.748295284000051, 14.319210324000039 ], [ 120.748318802000085, 14.319236766000074 ], [ 120.748332345000108, 14.31924697200003 ], [ 120.748378993000074, 14.319273945000077 ], [ 120.748405326000011, 14.319299459000035 ], [ 120.748417364000034, 14.319315497000048 ], [ 120.748432412000057, 14.319330077000075 ], [ 120.748460250000107, 14.319343928000023 ], [ 120.748469279, 14.319346844000052 ], [ 120.748476803000017, 14.319355592000022 ], [ 120.748479060000022, 14.319360695000057 ], [ 120.748522698000102, 14.319394229000068 ], [ 120.748569346000068, 14.319419743000026 ], [ 120.748592442000017, 14.319438055000035 ], [ 120.748606737000046, 14.319441700000027 ], [ 120.748614261000057, 14.319445345000076 ], [ 120.748636080000097, 14.31946429900006 ], [ 120.748639090000097, 14.319481066000037 ], [ 120.748645861000114, 14.319489814000065 ], [ 120.748663166000028, 14.31950366500007 ], [ 120.748697023000091, 14.319521160000022 ], [ 120.748710566000113, 14.319531366000035 ], [ 120.748712823, 14.31953646900007 ], [ 120.748722604000022, 14.319548862000033 ], [ 120.748748938000062, 14.319566358000031 ], [ 120.748767748000091, 14.319581667000023 ], [ 120.748797091000029, 14.319622491000075 ], [ 120.748815901000057, 14.319653109000058 ], [ 120.74882793900008, 14.319664773000056 ], [ 120.748848254000109, 14.319679352000037 ], [ 120.748867816000029, 14.319698306000078 ], [ 120.748891140000069, 14.319713615000069 ], [ 120.748902426000086, 14.319730382000046 ], [ 120.748906188000092, 14.319733298000074 ], [ 120.748907726000084, 14.319740801000023 ], [ 120.748912241000085, 14.319747362000044 ], [ 120.748927288000118, 14.319765587000063 ], [ 120.748946850000038, 14.319775063000066 ], [ 120.74895437400005, 14.319780895000065 ], [ 120.748967917000073, 14.319797662000042 ], [ 120.748988984000107, 14.319819532000054 ], [ 120.749002527000016, 14.319831196000052 ], [ 120.74904541300009, 14.319853066000064 ], [ 120.749070243, 14.31988732800005 ], [ 120.749099586000057, 14.319915759000025 ], [ 120.749107110000068, 14.31992086200006 ], [ 120.749118647000046, 14.319922618000021 ], [ 120.749131437000074, 14.319928449000031 ], [ 120.749145733000091, 14.319939384000065 ], [ 120.749175829000023, 14.319971460000033 ], [ 120.749186362000046, 14.319980208000061 ], [ 120.749222477000103, 14.320004265000023 ], [ 120.749231505000012, 14.32001228300004 ], [ 120.749271382000074, 14.320031237000023 ], [ 120.749294706000114, 14.320047275000036 ], [ 120.749330068000063, 14.320080079000036 ], [ 120.749339097000075, 14.32009101400007 ], [ 120.749340039000117, 14.320094866000034 ], [ 120.749343984, 14.32009677700006 ], [ 120.749359761000051, 14.320115249000025 ], [ 120.749401833000093, 14.32014454800003 ], [ 120.749408407000033, 14.320150918000024 ], [ 120.749412351000046, 14.320158561000028 ], [ 120.74942352700009, 14.320171300000027 ], [ 120.74943930400002, 14.320187224000051 ], [ 120.749450479000075, 14.320194230000027 ], [ 120.749486635000039, 14.320223530000021 ], [ 120.749493209000093, 14.320233084000051 ], [ 120.749499125000057, 14.320248371000048 ], [ 120.749499125000057, 14.320254103000025 ], [ 120.749508329000037, 14.320271301000048 ], [ 120.749526078000031, 14.320284677000075 ], [ 120.749546457000065, 14.320294868000076 ], [ 120.749583270000016, 14.320320346000074 ], [ 120.749595103000047, 14.320331811000074 ], [ 120.749606441000083, 14.32034694400005 ], [ 120.74961630100006, 14.320353950000026 ], [ 120.749627477000104, 14.320372422000048 ], [ 120.749638652000044, 14.320381339000051 ], [ 120.749666919000106, 14.320398537000074 ], [ 120.749685326000076, 14.320419556000047 ], [ 120.749691900000016, 14.320424651000053 ], [ 120.749755008000079, 14.32046286800005 ], [ 120.749783276000016, 14.320474970000078 ], [ 120.749794451000071, 14.320481339000025 ], [ 120.749841125000103, 14.320520830000078 ], [ 120.74985554400007, 14.32052722800006 ], [ 120.749873951000041, 14.320539967000059 ], [ 120.749886441000058, 14.320545063000054 ], [ 120.749925226000073, 14.320566082000028 ], [ 120.749969271000055, 14.320602388000054 ], [ 120.749992279000026, 14.320615763000035 ], [ 120.750013973000023, 14.320634235000057 ], [ 120.75002909300008, 14.320649522000053 ], [ 120.750073137000072, 14.320683917000053 ], [ 120.750087600000029, 14.320691560000057 ], [ 120.750119154000117, 14.320703025000057 ], [ 120.750144134000038, 14.320725318000029 ], [ 120.750157282000032, 14.320732961000033 ], [ 120.750182920000043, 14.320751433000055 ], [ 120.750189494000097, 14.320757165000032 ], [ 120.750201984000114, 14.320772452000028 ], [ 120.750219733000108, 14.320787738000035 ], [ 120.750243030000092, 14.320812641000032 ], [ 120.750256835000073, 14.320813915000031 ], [ 120.75027392700008, 14.320820284000035 ], [ 120.750310083000045, 14.320840029000067 ], [ 120.750335064000069, 14.320857227000033 ], [ 120.750368590000107, 14.320885889000067 ], [ 120.750377136000111, 14.320896080000068 ], [ 120.750395543000081, 14.320923469000036 ], [ 120.750414608000028, 14.320959138000035 ], [ 120.750436301000036, 14.320982705000063 ], [ 120.750443532000077, 14.32098843700004 ], [ 120.75045207800008, 14.320993533000035 ], [ 120.750478374000068, 14.321001176000038 ], [ 120.750502039000025, 14.321012004000067 ], [ 120.750542140000107, 14.321033660000069 ], [ 120.750553973000024, 14.321038119000036 ], [ 120.750566374000073, 14.321047787000055 ], [ 120.750567689000036, 14.32105288300005 ], [ 120.75057426300009, 14.321061163000024 ], [ 120.750584781000043, 14.321069443000056 ], [ 120.750599252000029, 14.321075613000062 ], [ 120.750856593000094, 14.320819498000048 ] ] ] ] } },
{ "type": "Feature", "properties": { "psgc_code": 402115004, "name": "Bucana Malaki", "corr_code": 42115004.000000007, "geo_level": "Bgy", "city_class": null, "inc_class": null, "urb_rur": null, "pop_2015": "R", "pop_2020": null, "status": null, "adm4_pcode": "PH0402115004", "adm4_en": "Bucana Malaki", "adm3_pcode": "PH0402115", "adm2_pcode": "PH04021", "adm1_pcode": "PH04", "adm0_pcode": "PH", "shape_len": 0.021029346634, "shape_area": 1.6736282795e-05, "shape_sqkm": 0.19976741813599999 }, "geometry": { "type": "MultiPolygon", "coordinates": [ [ [ [ 120.757240261000106, 14.328116273000035 ], [ 120.757239594000112, 14.328115156000024 ], [ 120.757230612000058, 14.328089037000041 ], [ 120.757221628000025, 14.328070174000061 ], [ 120.757218635000072, 14.32805421300003 ], [ 120.75720475300011, 14.328038029000027 ], [ 120.757201157000054, 14.328013623000061 ], [ 120.75719756, 14.328003163000062 ], [ 120.757197561000112, 14.327989217000038 ], [ 120.757195763000027, 14.327978757000039 ], [ 120.757181372000105, 14.327954350000027 ], [ 120.757166982000058, 14.327924713000073 ], [ 120.757165184000087, 14.327914253000074 ], [ 120.757148996000069, 14.327863697000055 ], [ 120.757132807000062, 14.327834060000043 ], [ 120.75710942, 14.327804422000042 ], [ 120.757087833000014, 14.327771298000073 ], [ 120.757068044000107, 14.327748634000045 ], [ 120.757060849000027, 14.327736430000073 ], [ 120.757048256000076, 14.327720740000075 ], [ 120.757003283000017, 14.327651005000064 ], [ 120.756969103000074, 14.327603933000034 ], [ 120.756951136000112, 14.327572561000068 ], [ 120.756943971000055, 14.327549912000052 ], [ 120.756906331000096, 14.327450639000062 ], [ 120.75689197600002, 14.327422779000074 ], [ 120.756888399000104, 14.32741059500006 ], [ 120.756848914000102, 14.327342697000063 ], [ 120.756830980000018, 14.327307891000032 ], [ 120.756822, 14.327295704000051 ], [ 120.756814828000074, 14.327281783000046 ], [ 120.756791478000082, 14.327252186000067 ], [ 120.756777128000067, 14.327227826000069 ], [ 120.756753776000096, 14.327199970000038 ], [ 120.75673939100011, 14.327187771000069 ], [ 120.756696331000057, 14.327121657000077 ], [ 120.756690957000046, 14.327111223000031 ], [ 120.756687414000112, 14.327092118000053 ], [ 120.756689252000115, 14.327081711000062 ], [ 120.756694700000025, 14.327069583000025 ], [ 120.756696531000102, 14.327060914000072 ], [ 120.756694780000089, 14.327045294000072 ], [ 120.756687605000025, 14.327034861000072 ], [ 120.756678616000045, 14.327027890000068 ], [ 120.756669622000118, 14.327022653000029 ], [ 120.756642598000099, 14.327017350000062 ], [ 120.756630021000092, 14.327005161000045 ], [ 120.756590597000013, 14.326939108000033 ], [ 120.756576245000019, 14.326919979000024 ], [ 120.756563710000023, 14.326897391000045 ], [ 120.756540371000028, 14.326871292000021 ], [ 120.756511567000075, 14.326825962000044 ], [ 120.756502548000071, 14.326808511000024 ], [ 120.756480838000016, 14.326774094000029 ], [ 120.756470051000065, 14.326744500000075 ], [ 120.756457462000071, 14.326725349000071 ], [ 120.756416087000048, 14.326674848000039 ], [ 120.756389093000053, 14.326645232000033 ], [ 120.756356691000065, 14.326603411000065 ], [ 120.756354891000115, 14.326598184000034 ], [ 120.757194109000011, 14.326419366000039 ], [ 120.757105652000064, 14.326298534000045 ], [ 120.756987070000037, 14.325988176000067 ], [ 120.756888702000083, 14.325661244000059 ], [ 120.756903247000082, 14.325334358000077 ], [ 120.756861583000045, 14.325051072000065 ], [ 120.756920012000023, 14.324680539000042 ], [ 120.757049996000092, 14.324271450000026 ], [ 120.757104422000111, 14.32406024900007 ], [ 120.757288833000075, 14.323423195000032 ], [ 120.757490008000104, 14.322903493000069 ], [ 120.757578095000099, 14.322721447000049 ], [ 120.757741476000092, 14.322383792000039 ], [ 120.75800971000001, 14.32196467700004 ], [ 120.758244639000054, 14.321620550000034 ], [ 120.758019558000115, 14.321412186000032 ], [ 120.757933491000017, 14.321346418000076 ], [ 120.757729327000106, 14.321246826000049 ], [ 120.757560021000018, 14.321147234000023 ], [ 120.757330960000104, 14.320943071000045 ], [ 120.757261245000109, 14.320808622000072 ], [ 120.757131776000051, 14.320544703000053 ], [ 120.757060913000032, 14.320511043000067 ], [ 120.75693039600003, 14.320559987000024 ], [ 120.75654248100011, 14.321220466000057 ], [ 120.756504145, 14.321270597000023 ], [ 120.756468667000036, 14.321297691000041 ], [ 120.756410885000037, 14.321323956000072 ], [ 120.756347850000111, 14.321334462000038 ], [ 120.756232286000113, 14.321334462000038 ], [ 120.756190263, 14.321339714000032 ], [ 120.75613773300006, 14.321360726000023 ], [ 120.756069446000083, 14.321408002000055 ], [ 120.755822558000091, 14.321581349000041 ], [ 120.754850769000086, 14.322274733000029 ], [ 120.754278201000034, 14.32274224300005 ], [ 120.753619567000101, 14.323369855000067 ], [ 120.753679821000105, 14.32344579100004 ], [ 120.753391734000047, 14.323789704000035 ], [ 120.753643630000056, 14.324067325000044 ], [ 120.75427860700006, 14.324976185000025 ], [ 120.754807203000041, 14.325675711000031 ], [ 120.7566946500001, 14.328483647000041 ], [ 120.757240261000106, 14.328116273000035 ] ] ] ] } },
{ "type": "Feature", "properties": { "psgc_code": 402115005, "name": "Bucana Sasahan", "corr_code": 42115005.0, "geo_level": "Bgy", "city_class": null, "inc_class": null, "urb_rur": null, "pop_2015": "U", "pop_2020": null, "status": null, "adm4_pcode": "PH0402115005", "adm4_en": "Bucana Sasahan", "adm3_pcode": "PH0402115", "adm2_pcode": "PH04021", "adm1_pcode": "PH04", "adm0_pcode": "PH", "shape_len": 0.040192383627999997, "shape_area": 5.6136894682e-05, "shape_sqkm": 0.67005423607100001 }, "geometry": { "type": "MultiPolygon", "coordinates": [ [ [ [ 120.763206409000077, 14.330750548000026 ], [ 120.763212319000104, 14.330747670000051 ], [ 120.763221247000047, 14.330747670000051 ], [ 120.763225667000029, 14.330744793000065 ], [ 120.763247635000084, 14.330723227000021 ], [ 120.76327359000004, 14.330675884000073 ], [ 120.763289669000073, 14.33066156600006 ], [ 120.763296988000093, 14.330655843000045 ], [ 120.763304381000012, 14.330654413000047 ], [ 120.76331036800002, 14.330657275000021 ], [ 120.763319431000014, 14.330665863000036 ], [ 120.763330092000047, 14.330680187000041 ], [ 120.763337873000069, 14.330698827000049 ], [ 120.763365421000117, 14.330739050000034 ], [ 120.763370087000112, 14.330749121000053 ], [ 120.763376186000073, 14.330756319000045 ], [ 120.763382111000055, 14.330754880000029 ], [ 120.763386457000024, 14.330749122000043 ], [ 120.763389284000027, 14.330741928000066 ], [ 120.763387351, 14.330720365000047 ], [ 120.763367244000051, 14.330681623000032 ], [ 120.763360905000013, 14.330661572000054 ], [ 120.763360592000026, 14.330645835000041 ], [ 120.763367607000077, 14.330625831000077 ], [ 120.763399586000105, 14.33059587300005 ], [ 120.763408350000077, 14.330590173000076 ], [ 120.763443727000094, 14.330583053000055 ], [ 120.763459978000014, 14.33058163000004 ], [ 120.76350435400002, 14.330580209000061 ], [ 120.763525113000014, 14.330581635000044 ], [ 120.763562422000064, 14.33059303400006 ], [ 120.763571421000051, 14.330597311000076 ], [ 120.763594065, 14.330613001000074 ], [ 120.763598628000068, 14.330617282000048 ], [ 120.763603467000053, 14.330631562000065 ], [ 120.763611318000017, 14.330647284000065 ], [ 120.763626637000016, 14.330664455000033 ], [ 120.763638757000081, 14.330673047000062 ], [ 120.76366280600007, 14.33068307800005 ], [ 120.763674772000059, 14.330685946000074 ], [ 120.7637138770001, 14.33070172500004 ], [ 120.763728872000115, 14.330706031000034 ], [ 120.76378838100004, 14.330711790000066 ], [ 120.763815584000099, 14.330717567000022 ], [ 120.763843792000102, 14.33071760100006 ], [ 120.763846756000021, 14.330716170000073 ], [ 120.763879384, 14.330714775000047 ], [ 120.763919407000117, 14.330717693000054 ], [ 120.763946407000049, 14.330723222000074 ], [ 120.763900518000014, 14.328938340000036 ], [ 120.76391706600009, 14.328928439000038 ], [ 120.76394093600004, 14.328907677000075 ], [ 120.763956106000023, 14.32886988000007 ], [ 120.763982132000024, 14.328765774000033 ], [ 120.764079731000038, 14.327945939000074 ], [ 120.764112265000108, 14.327672660000076 ], [ 120.764125278000051, 14.327503488000048 ], [ 120.764131784000028, 14.327243223000039 ], [ 120.764125278000051, 14.32687885200005 ], [ 120.764118771000085, 14.326781252000046 ], [ 120.764144798000075, 14.326690160000055 ], [ 120.765231404000019, 14.325213155000029 ], [ 120.765478656000028, 14.324848784000039 ], [ 120.765732415000116, 14.32449742600005 ], [ 120.765510378000045, 14.324301946000048 ], [ 120.765207722000014, 14.32416683100007 ], [ 120.764851253000074, 14.323877312000036 ], [ 120.764483508000012, 14.323658800000032 ], [ 120.764213279000046, 14.323485854000069 ], [ 120.76343923200011, 14.323676233000072 ], [ 120.762476944000014, 14.323664497000038 ], [ 120.76170242, 14.323418058000073 ], [ 120.760951366000086, 14.323054266000042 ], [ 120.760845749000055, 14.322667004000039 ], [ 120.760740132000024, 14.322291477000022 ], [ 120.760493692000068, 14.32183380400005 ], [ 120.760314282000081, 14.321615948000044 ], [ 120.760165106000045, 14.32143480600007 ], [ 120.759971166000014, 14.320288219000076 ], [ 120.759300582000037, 14.320673804000023 ], [ 120.758952486000112, 14.320885917000055 ], [ 120.758759895000026, 14.321064616000058 ], [ 120.758244639000054, 14.321620550000034 ], [ 120.75800971000001, 14.32196467700004 ], [ 120.757741476000092, 14.322383792000039 ], [ 120.757578095000099, 14.322721447000049 ], [ 120.757490008000104, 14.322903493000069 ], [ 120.757288833000075, 14.323423195000032 ], [ 120.757104422000111, 14.32406024900007 ], [ 120.757049996000092, 14.324271450000026 ], [ 120.756920012000023, 14.324680539000042 ], [ 120.756861583000045, 14.325051072000065 ], [ 120.756903247000082, 14.325334358000077 ], [ 120.756888702000083, 14.325661244000059 ], [ 120.756987070000037, 14.325988176000067 ], [ 120.757105652000064, 14.326298534000045 ], [ 120.757194109000011, 14.326419366000039 ], [ 120.757205970000086, 14.326416839000046 ], [ 120.757223525000086, 14.326425550000067 ], [ 120.757230554000103, 14.326430748000064 ], [ 120.757262265, 14.32647042800005 ], [ 120.757276403000105, 14.326496255000052 ], [ 120.757283476000111, 14.326510024000072 ], [ 120.757297737000044, 14.326554735000059 ], [ 120.75731715400002, 14.326599478000048 ], [ 120.757324208000114, 14.326614964000044 ], [ 120.757345326000063, 14.326651094000056 ], [ 120.757355865000022, 14.326664855000047 ], [ 120.757376916000112, 14.326687208000067 ], [ 120.757401416000107, 14.326702673000057 ], [ 120.757432868000024, 14.326718122000045 ], [ 120.757474798000089, 14.326750705000052 ], [ 120.757506272000114, 14.326790123000023 ], [ 120.757527297000024, 14.326829535000059 ], [ 120.757544988000063, 14.326868969000031 ], [ 120.757575313000075, 14.326911892000055 ], [ 120.757584057000031, 14.326915297000028 ], [ 120.757590063000066, 14.326941415000022 ], [ 120.757602511000073, 14.326963614000022 ], [ 120.757607824000047, 14.326970475000053 ], [ 120.757634297000095, 14.326991204000024 ], [ 120.757657274000053, 14.327015270000061 ], [ 120.757696278000026, 14.327071801000045 ], [ 120.757698142000095, 14.327085421000049 ], [ 120.757712447000017, 14.327119602000039 ], [ 120.757716273000028, 14.327157115000034 ], [ 120.757714695000118, 14.327177565000056 ], [ 120.757700850000106, 14.327201347000027 ], [ 120.757686887000091, 14.327213197000049 ], [ 120.75767504800001, 14.327225874000021 ], [ 120.757669437000118, 14.327231883000024 ], [ 120.757665928000051, 14.327233568000054 ], [ 120.757660695000027, 14.327240380000035 ], [ 120.757641388000025, 14.327252239000074 ], [ 120.757632589000082, 14.32725560800003 ], [ 120.757607895000092, 14.327260587000069 ], [ 120.757597316000101, 14.327265670000031 ], [ 120.757581438000102, 14.32727761600006 ], [ 120.757562046000089, 14.327299887000038 ], [ 120.757547901000066, 14.327311879000035 ], [ 120.75753733800002, 14.327332522000063 ], [ 120.757535609000115, 14.327342867000027 ], [ 120.757533896000041, 14.327356670000029 ], [ 120.757537538000065, 14.327373955000041 ], [ 120.757541140000058, 14.327382606000072 ], [ 120.757544716000098, 14.327386073000071 ], [ 120.757562572000097, 14.327398222000056 ], [ 120.757582162000062, 14.327403457000059 ], [ 120.757619463000083, 14.327408743000035 ], [ 120.757631863000029, 14.327408780000042 ], [ 120.757695421000108, 14.327398627000036 ], [ 120.757723663000093, 14.327402162000055 ], [ 120.757744874000082, 14.327410835000023 ], [ 120.757758955000099, 14.327418705000071 ], [ 120.757769637000024, 14.327424675000032 ], [ 120.757780271000115, 14.327433309000071 ], [ 120.757799810000051, 14.327454013000022 ], [ 120.757858234000082, 14.327500593000025 ], [ 120.757890226000086, 14.327538515000072 ], [ 120.757915449000052, 14.327585090000071 ], [ 120.757924870000011, 14.327626570000064 ], [ 120.757925037000064, 14.327636957000038 ], [ 120.75792342200009, 14.32764562400007 ], [ 120.757916599000055, 14.327657781000028 ], [ 120.757911388000025, 14.327661269000032 ], [ 120.75788517, 14.327670046000037 ], [ 120.75785002300006, 14.327673660000073 ], [ 120.757830707000039, 14.327678957000046 ], [ 120.757823697000049, 14.327682466000056 ], [ 120.757816707000075, 14.327687719000039 ], [ 120.757808060000116, 14.327701696000076 ], [ 120.757799447000025, 14.327719179000042 ], [ 120.757790852000085, 14.327747122000062 ], [ 120.757789169000034, 14.327790614000037 ], [ 120.757792781000035, 14.327804530000037 ], [ 120.757810774000063, 14.327846276000059 ], [ 120.757837729000016, 14.327893239000048 ], [ 120.757841345000088, 14.327907165000056 ], [ 120.757843157000025, 14.327915870000027 ], [ 120.757843276000017, 14.327959425000074 ], [ 120.757848730000092, 14.327990783000075 ], [ 120.75786676700011, 14.328041299000063 ], [ 120.757870386000036, 14.328055241000072 ], [ 120.7578973950001, 14.328110987000059 ], [ 120.757906385000069, 14.32812492000005 ], [ 120.757922595000082, 14.328158028000075 ], [ 120.757942358000037, 14.328182402000039 ], [ 120.757971123000061, 14.328222459000074 ], [ 120.758012546000032, 14.328299159000039 ], [ 120.758017977, 14.328316611000048 ], [ 120.758018053000114, 14.328337583000064 ], [ 120.758019875000059, 14.328346315000033 ], [ 120.7580289120001, 14.328370751000023 ], [ 120.758036103000109, 14.328379462000044 ], [ 120.758037893000051, 14.328379454000071 ], [ 120.758052278000036, 14.328412541000034 ], [ 120.758054075000018, 14.328421220000052 ], [ 120.758070251000049, 14.328464648000022 ], [ 120.758075644000087, 14.328476813000066 ], [ 120.758082832000014, 14.328487250000023 ], [ 120.758088226000041, 14.32850288800006 ], [ 120.758100810000087, 14.328527230000077 ], [ 120.758100812000066, 14.328530702000023 ], [ 120.758122384000103, 14.328565494000031 ], [ 120.758151161000114, 14.328624628000057 ], [ 120.758167345000061, 14.328648995000037 ], [ 120.758187121000105, 14.328671635000035 ], [ 120.758190721, 14.328680332000033 ], [ 120.758199711000088, 14.328690782000024 ], [ 120.758232091000082, 14.328743004000046 ], [ 120.758239292000098, 14.328758668000035 ], [ 120.758266283000012, 14.328802198000062 ], [ 120.758278888000063, 14.328828313000031 ], [ 120.758295069000042, 14.328852712000071 ], [ 120.758309434000012, 14.328868413000066 ], [ 120.758325581, 14.328878898000028 ], [ 120.758339924000097, 14.328884156000072 ], [ 120.758377574000065, 14.328906867000057 ], [ 120.758404526000049, 14.328938219000065 ], [ 120.758408149000047, 14.328948655000033 ], [ 120.758401038000102, 14.328960811000059 ], [ 120.758390328000019, 14.328969487000052 ], [ 120.758368851000114, 14.328974668000058 ], [ 120.7583634880001, 14.328978139000071 ], [ 120.758354551000025, 14.328985085000056 ], [ 120.758347361, 14.32900077000005 ], [ 120.758347360000016, 14.329009487000064 ], [ 120.758356353000067, 14.32904609600007 ], [ 120.758363548000034, 14.329061786000068 ], [ 120.758381538000094, 14.329087937000054 ], [ 120.758408523000071, 14.329119318000039 ], [ 120.758421115000033, 14.329140238000036 ], [ 120.758439106000083, 14.329159416000039 ], [ 120.75844810000001, 14.329173363000052 ], [ 120.75845709500004, 14.329183823000051 ], [ 120.758480483000085, 14.329204744000037 ], [ 120.758482282000045, 14.329208231000052 ], [ 120.758505670000091, 14.32922566600007 ], [ 120.758543451000037, 14.32926053500006 ], [ 120.758568637000053, 14.329286686000046 ], [ 120.758579432000033, 14.32929540400005 ], [ 120.758599221000054, 14.329321554000046 ], [ 120.758619010000075, 14.329340732000048 ], [ 120.758631603000026, 14.329356423000036 ], [ 120.758676580000042, 14.329396522000025 ], [ 120.758687375000022, 14.32940175300007 ], [ 120.758712562000028, 14.329424418000031 ], [ 120.758741348000058, 14.329445340000063 ], [ 120.758759339000108, 14.329461031000051 ], [ 120.758766535000063, 14.329469748000065 ], [ 120.758789923000109, 14.329485440000042 ], [ 120.758798919000014, 14.329488927000057 ], [ 120.758806116000073, 14.329488928000046 ], [ 120.758831304000068, 14.329504619000033 ], [ 120.758845696000094, 14.329522053000062 ], [ 120.758849294000015, 14.329530770000076 ], [ 120.758842095000091, 14.329551689000027 ], [ 120.758845692000023, 14.329562149000026 ], [ 120.758849290000057, 14.329567379000025 ], [ 120.758870879000028, 14.329586557000027 ], [ 120.758897866000098, 14.32960573500003 ], [ 120.758906862000117, 14.329609223000034 ], [ 120.758929017000014, 14.329627605000042 ], [ 120.758959602000118, 14.329648527000074 ], [ 120.758975793000104, 14.329662475000077 ], [ 120.758997383000064, 14.329676423000024 ], [ 120.75902257000007, 14.329695601000026 ], [ 120.7590315650001, 14.32970431800004 ], [ 120.759078342000066, 14.32974093100006 ], [ 120.759096333000116, 14.329751392000048 ], [ 120.759110726000017, 14.329763597000067 ], [ 120.759119721000047, 14.329768827000066 ], [ 120.759166475000029, 14.329786316000025 ], [ 120.759195221000027, 14.329800318000025 ], [ 120.759204195000052, 14.329802088000065 ], [ 120.759211378000032, 14.329805587000067 ], [ 120.759238279000101, 14.329809158000046 ], [ 120.759254404000103, 14.329809218000037 ], [ 120.759259772000064, 14.32980750300004 ], [ 120.759284827000101, 14.329805862000057 ], [ 120.75929378, 14.329807630000062 ], [ 120.759308116000057, 14.329814617000068 ], [ 120.759318887000063, 14.32982505800004 ], [ 120.759338651, 14.32984766900006 ], [ 120.759344084000077, 14.329863300000056 ], [ 120.759363920000055, 14.32989980800005 ], [ 120.759372978000101, 14.329924150000068 ], [ 120.759385753000061, 14.32997460200005 ], [ 120.759396612000046, 14.329998983000053 ], [ 120.75946693100002, 14.330192471000032 ], [ 120.759472328000015, 14.330202931000031 ], [ 120.759492116000047, 14.330234312000073 ], [ 120.759526297000093, 14.33028312600004 ], [ 120.759553283000059, 14.330311021000057 ], [ 120.75957307300007, 14.330326712000044 ], [ 120.759592864000069, 14.330338917000063 ], [ 120.759637843000064, 14.330359840000028 ], [ 120.759699015000024, 14.330382508000071 ], [ 120.759718806000024, 14.330387740000049 ], [ 120.759736798000063, 14.330394715000068 ], [ 120.759758388000023, 14.330399946000057 ], [ 120.759796039000094, 14.33041208800006 ], [ 120.759801394000078, 14.330412067000054 ], [ 120.759838972000011, 14.330425919000049 ], [ 120.75988544300003, 14.330439727000055 ], [ 120.759897931000069, 14.33044142500006 ], [ 120.759914010000102, 14.330446605000077 ], [ 120.759928273000014, 14.330448294000064 ], [ 120.759949701000096, 14.330455198000038 ], [ 120.75996929400003, 14.330456864000041 ], [ 120.759996381000065, 14.330466360000059 ], [ 120.760006836000116, 14.330467829000042 ], [ 120.760014306000016, 14.330470737000041 ], [ 120.760065049000104, 14.330479517000072 ], [ 120.760142576000021, 14.330499896000049 ], [ 120.760151522000115, 14.330504246000032 ], [ 120.760211076000019, 14.330520232000026 ], [ 120.760263114000054, 14.330530415000055 ], [ 120.760277994000035, 14.330537654000068 ], [ 120.760306223000043, 14.330544907000046 ], [ 120.760340399000029, 14.330557936000048 ], [ 120.760380692000012, 14.330568048000032 ], [ 120.760409093000021, 14.330578158000037 ], [ 120.760465864000025, 14.330591161000029 ], [ 120.760477809, 14.330592607000028 ], [ 120.760512199000118, 14.330602723000027 ], [ 120.760527142000115, 14.330605614000035 ], [ 120.760551087000067, 14.33061428700006 ], [ 120.760585574000061, 14.330633084000056 ], [ 120.760614025000109, 14.330643209000073 ], [ 120.760653046000016, 14.330664914000067 ], [ 120.760694993000016, 14.33068084000007 ], [ 120.760714414000063, 14.330683737000072 ], [ 120.760750262000101, 14.330692424000063 ], [ 120.760872139000071, 14.330714008000029 ], [ 120.760894361000055, 14.330715424000061 ], [ 120.76092251700004, 14.330719724000062 ], [ 120.76100227400002, 14.330722492000064 ], [ 120.761107704000096, 14.330729676000033 ], [ 120.761171806000107, 14.330736910000041 ], [ 120.761240236000049, 14.330736916000035 ], [ 120.76130579900007, 14.330741260000025 ], [ 120.761319226000069, 14.330742708000059 ], [ 120.761350890000017, 14.330758631000037 ], [ 120.761371926000038, 14.330765874000065 ], [ 120.761388385000032, 14.330768773000045 ], [ 120.761422717000073, 14.330771674000061 ], [ 120.761442246000115, 14.330777474000058 ], [ 120.761463186000015, 14.330780376000064 ], [ 120.761517454000114, 14.330778930000065 ], [ 120.761536818000081, 14.330781818000048 ], [ 120.761562154000103, 14.330781796000053 ], [ 120.761581516000092, 14.330784682000058 ], [ 120.761609820000103, 14.330784657000038 ], [ 120.761657465000098, 14.330780264000055 ], [ 120.761667880000118, 14.330777356000056 ], [ 120.761712494000108, 14.330772972000034 ], [ 120.761725870000078, 14.330770070000028 ], [ 120.76176001500005, 14.330755597000064 ], [ 120.761770407000085, 14.330752705000066 ], [ 120.761825215000044, 14.330725254000072 ], [ 120.761875608000082, 14.330715158000032 ], [ 120.761957252000116, 14.330716607000056 ], [ 120.761983985000029, 14.330718052000066 ], [ 120.761997382000118, 14.330720939000059 ], [ 120.762004862000026, 14.330725269000027 ], [ 120.762021661000063, 14.330758513000035 ], [ 120.762033700000075, 14.33076864800006 ], [ 120.762056185, 14.33078024100007 ], [ 120.762074131000077, 14.330786042000057 ], [ 120.762103918000093, 14.330787495000038 ], [ 120.762117311000111, 14.330787496000028 ], [ 120.762146993000101, 14.330783148000023 ], [ 120.762175063000086, 14.330773006000072 ], [ 120.762189730000046, 14.330762869000068 ], [ 120.762216072000115, 14.330733986000041 ], [ 120.762226483000063, 14.330732549000061 ], [ 120.762236922000056, 14.330732557000033 ], [ 120.762254876000043, 14.330735458000049 ], [ 120.762302958000078, 14.330751396000039 ], [ 120.762335916000097, 14.33075576400006 ], [ 120.762367205000032, 14.330751449000047 ], [ 120.76237461300002, 14.330748562000053 ], [ 120.762382087000105, 14.330748568000047 ], [ 120.762390989000096, 14.330745681000053 ], [ 120.762417736000089, 14.330741354000054 ], [ 120.762434067000072, 14.330739909000044 ], [ 120.762475724000069, 14.33073991200007 ], [ 120.762484612000094, 14.33073846700006 ], [ 120.762535194000066, 14.330738471000075 ], [ 120.762575235000099, 14.330734136000046 ], [ 120.762601837000034, 14.330728356000066 ], [ 120.762653798000088, 14.330725470000061 ], [ 120.762743073000024, 14.330726923000043 ], [ 120.762762507000048, 14.330729815000041 ], [ 120.762777380000102, 14.33072981600003 ], [ 120.762797119000084, 14.330739005000055 ], [ 120.762804561000053, 14.330740444000071 ], [ 120.762817951000102, 14.33074044500006 ], [ 120.762837302000094, 14.330743324000025 ], [ 120.762880451000115, 14.33074332700005 ], [ 120.762898313000051, 14.330744767000056 ], [ 120.762943010000072, 14.330753406000042 ], [ 120.762951940000107, 14.330753407000032 ], [ 120.763001130000021, 14.330762050000033 ], [ 120.763021973000036, 14.330762052000068 ], [ 120.763067957000089, 14.330746219000048 ], [ 120.763079845000107, 14.330744781000021 ], [ 120.76315424400002, 14.330744787000071 ], [ 120.763160215000084, 14.330746227000077 ], [ 120.763170612000067, 14.33074478900005 ], [ 120.763169640000115, 14.330782241000065 ], [ 120.763164055000061, 14.33080966600005 ], [ 120.763160147, 14.330851617000064 ], [ 120.763160459000119, 14.330874809000022 ], [ 120.763165001000061, 14.330879162000031 ], [ 120.763171018000094, 14.330882065000026 ], [ 120.763178470000071, 14.330880614000023 ], [ 120.763185879000048, 14.330876262000061 ], [ 120.763191667000115, 14.330863211000064 ], [ 120.763194464000094, 14.330850171000066 ], [ 120.76319839100006, 14.330812558000048 ], [ 120.763197797000089, 14.330772151000076 ], [ 120.763202030000116, 14.330756306000069 ], [ 120.763206409000077, 14.330750548000026 ] ] ], [ [ [ 120.757256064000103, 14.328142726000067 ], [ 120.757240261000106, 14.328116273000035 ], [ 120.7566946500001, 14.328483647000041 ], [ 120.758442668000043, 14.331084158000067 ], [ 120.758457645000021, 14.331079806000048 ], [ 120.758489094000083, 14.331075457000054 ], [ 120.758520544000021, 14.331056597000043 ], [ 120.758526535000101, 14.331052245000024 ], [ 120.758535521000113, 14.331043540000053 ], [ 120.758541512000079, 14.331034835000025 ], [ 120.758568471000103, 14.331010171000059 ], [ 120.758571467000024, 14.331004368000038 ], [ 120.75857596000003, 14.331000015000029 ], [ 120.758583449000071, 14.330982605000031 ], [ 120.758583454000018, 14.330936174000044 ], [ 120.758580460000076, 14.330930370000033 ], [ 120.758572973000014, 14.330918762000067 ], [ 120.758550513000046, 14.330891191000035 ], [ 120.758529549000059, 14.330872327000066 ], [ 120.75851457400006, 14.330862169000056 ], [ 120.75849960000005, 14.330847658000039 ], [ 120.758495109000023, 14.330831697000065 ], [ 120.75849211700006, 14.330804128000068 ], [ 120.758495114000084, 14.330789619000029 ], [ 120.758502604000114, 14.330767856000023 ], [ 120.758507097, 14.33075769900006 ], [ 120.758520578000116, 14.330737387000056 ], [ 120.758549034000112, 14.330704018000063 ], [ 120.758552030000033, 14.330696764000038 ], [ 120.758556524000028, 14.330690960000027 ], [ 120.758565511000029, 14.330669197000077 ], [ 120.758565513, 14.330647433000024 ], [ 120.758561023000084, 14.330628570000044 ], [ 120.758555033000107, 14.330619863000038 ], [ 120.758549045000109, 14.330603902000064 ], [ 120.75853556800007, 14.330589391000046 ], [ 120.758529579000083, 14.330580685000029 ], [ 120.758508617000075, 14.330544409000026 ], [ 120.758489152000038, 14.33051683900004 ], [ 120.758484660000022, 14.330506682000077 ], [ 120.758460313000114, 14.33049210300004 ], [ 120.758457319000058, 14.330481946000077 ], [ 120.758457320000048, 14.330471789000057 ], [ 120.758463313000107, 14.330451476000064 ], [ 120.758470802000033, 14.330436967000026 ], [ 120.758475297000018, 14.33041230200007 ], [ 120.758472303000076, 14.33040214500005 ], [ 120.758457330000056, 14.330378928000073 ], [ 120.758448345000033, 14.330373123000072 ], [ 120.758428878000018, 14.330365867000069 ], [ 120.758403420000036, 14.330360060000032 ], [ 120.758386948000066, 14.330351353000026 ], [ 120.75836748200004, 14.330326685000045 ], [ 120.758346520000032, 14.330296213000054 ], [ 120.758328553000069, 14.330265741000062 ], [ 120.758306094000091, 14.330220759000042 ], [ 120.758285131000093, 14.330191738000053 ], [ 120.758270159000062, 14.330164168000067 ], [ 120.758255188000021, 14.330123540000045 ], [ 120.75825369100005, 14.330113383000025 ], [ 120.758256688000074, 14.330097423000041 ], [ 120.758255191000103, 14.330090168000027 ], [ 120.758249202000115, 14.330075658000055 ], [ 120.758235727000056, 14.330052441000078 ], [ 120.75821626000004, 14.330040832000066 ], [ 120.758192300000019, 14.330037927000035 ], [ 120.758157857000015, 14.330030669000053 ], [ 120.758150369000077, 14.330027767000047 ], [ 120.758138390000113, 14.330019060000041 ], [ 120.758133898000096, 14.33001325500004 ], [ 120.758117428000105, 14.329982784000038 ], [ 120.758102459000042, 14.329921842000033 ], [ 120.758088985000086, 14.329882665000071 ], [ 120.758039574, 14.329801406000058 ], [ 120.758008133000089, 14.329734659000053 ], [ 120.757970700000101, 14.329676617000075 ], [ 120.757930273000056, 14.329609869000024 ], [ 120.75790182500009, 14.329557631000057 ], [ 120.757844925000086, 14.329490881000027 ], [ 120.757828453000116, 14.32947346800006 ], [ 120.757807489000015, 14.329456054000048 ], [ 120.757788024000092, 14.329431385000078 ], [ 120.757782035000105, 14.329422679000061 ], [ 120.757782037000084, 14.329402365000021 ], [ 120.757762101000026, 14.329364483000063 ], [ 120.75773365100008, 14.329326755000068 ], [ 120.757720175000031, 14.32931224400005 ], [ 120.75771119, 14.329304988000047 ], [ 120.75770220600009, 14.329299184000035 ], [ 120.757681241000114, 14.32929047600004 ], [ 120.757670759, 14.329281769000033 ], [ 120.757663273000048, 14.329267258000073 ], [ 120.757648302, 14.329223728000045 ], [ 120.757642315000112, 14.329193258000032 ], [ 120.757639323000035, 14.329167140000038 ], [ 120.757583927000042, 14.329052509000064 ], [ 120.757568953000032, 14.329032194000035 ], [ 120.757561469000052, 14.32900027200003 ], [ 120.757552486, 14.32898140900005 ], [ 120.757534517000067, 14.328966898000033 ], [ 120.757525532000045, 14.328963995000038 ], [ 120.75750606400004, 14.328963993000059 ], [ 120.757501572000024, 14.328962541000067 ], [ 120.757494085000076, 14.32895383500005 ], [ 120.757489593000059, 14.328945129000033 ], [ 120.757485103000022, 14.328921913000045 ], [ 120.757482111000058, 14.328888541000026 ], [ 120.757468638000091, 14.328846462000058 ], [ 120.757462653000061, 14.328795678000063 ], [ 120.757455168000092, 14.328775364000023 ], [ 120.757438698000101, 14.328744892000032 ], [ 120.757419235000043, 14.328699910000068 ], [ 120.757392288, 14.328620105000027 ], [ 120.757389295000053, 14.328607046000059 ], [ 120.75738780000006, 14.328585282000063 ], [ 120.757383310000023, 14.328560615000072 ], [ 120.757357864000028, 14.328444536000063 ], [ 120.757344395000018, 14.32836037900006 ], [ 120.757344396, 14.328353124000046 ], [ 120.757335415000057, 14.328318300000035 ], [ 120.757317449000084, 14.328277671000023 ], [ 120.757297984000047, 14.328248650000035 ], [ 120.757283013, 14.328208022000069 ], [ 120.757278522000092, 14.328190610000036 ], [ 120.757256064000103, 14.328142726000067 ] ] ] ] } },
{ "type": "Feature", "properties": { "psgc_code": 402115006, "name": "Capt. C. Nazareno", "corr_code": 42115006.0, "geo_level": "Bgy", "city_class": null, "inc_class": null, "urb_rur": null, "pop_2015": "R", "pop_2020": null, "status": null, "adm4_pcode": "PH0402115006", "adm4_en": "Capt. C. Nazareno (Pob.)", "adm3_pcode": "PH0402115", "adm2_pcode": "PH04021", "adm1_pcode": "PH04", "adm0_pcode": "PH", "shape_len": 0.0216465801054, "shape_area": 9.91744276e-06, "shape_sqkm": 0.118379546263 }, "geometry": { "type": "MultiPolygon", "coordinates": [ [ [ [ 120.764165609000088, 14.321754770000041 ], [ 120.764420273000042, 14.321604968000031 ], [ 120.76451015400005, 14.321305363000022 ], [ 120.764585056000101, 14.321035719000065 ], [ 120.764809759000059, 14.320870936000063 ], [ 120.764531417000057, 14.320419838000078 ], [ 120.7649578810001, 14.319663293000076 ], [ 120.766251733000104, 14.318122165000034 ], [ 120.766770407000081, 14.317536751000034 ], [ 120.766920299000049, 14.317373049000025 ], [ 120.767202224000016, 14.317075013000021 ], [ 120.767411655000046, 14.316889748000051 ], [ 120.767693580000014, 14.316672262000054 ], [ 120.767870317000074, 14.316544216000068 ], [ 120.768168826000078, 14.316333952000036 ], [ 120.768652127000109, 14.315963421000049 ], [ 120.768777273000069, 14.315874419000068 ], [ 120.768990601000041, 14.315722703000063 ], [ 120.769266446000074, 14.31551582000003 ], [ 120.769269494000014, 14.315361493000069 ], [ 120.769265651000069, 14.315250055000035 ], [ 120.769257966000055, 14.315130932000045 ], [ 120.76925412300011, 14.315000280000049 ], [ 120.769213889000071, 14.314884533000054 ], [ 120.769010010000102, 14.314874339000028 ], [ 120.768803583000022, 14.31484630500006 ], [ 120.768607349000035, 14.314797884000029 ], [ 120.76846208500001, 14.314774948000036 ], [ 120.76830657000005, 14.314853336000056 ], [ 120.768236064, 14.314983502000075 ], [ 120.768176405000077, 14.315146208000044 ], [ 120.768134967000037, 14.315196654000033 ], [ 120.768022201, 14.315339934000065 ], [ 120.767948615000023, 14.315444503000037 ], [ 120.767840144000047, 14.315531280000073 ], [ 120.767688285000077, 14.315596363000054 ], [ 120.767525579000107, 14.315677716000039 ], [ 120.767373719000034, 14.315731952000021 ], [ 120.767243554000061, 14.31579703400007 ], [ 120.767091694000101, 14.315878387000055 ], [ 120.766874752000035, 14.315932623000037 ], [ 120.766652387000022, 14.316057365000063 ], [ 120.766467986000066, 14.316057365000063 ], [ 120.766364939000027, 14.316003129000023 ], [ 120.766196809, 14.315921776000039 ], [ 120.766033515000117, 14.316025026000034 ], [ 120.765873147000093, 14.316188961000023 ], [ 120.765655661000096, 14.316575602000057 ], [ 120.765132085000118, 14.317501929000059 ], [ 120.764459959000078, 14.318708101000027 ], [ 120.764153282000052, 14.319224421000058 ], [ 120.764425545000108, 14.319399157000078 ], [ 120.764101043000096, 14.319813719000024 ], [ 120.76395655500005, 14.320115237000039 ], [ 120.763858827000035, 14.320178628000065 ], [ 120.76375581800005, 14.320220888000051 ], [ 120.763561637000066, 14.320227411000076 ], [ 120.763346776000049, 14.320453887000042 ], [ 120.763479435000022, 14.321105843000055 ], [ 120.763221015000113, 14.321167864000074 ], [ 120.762727506000033, 14.321380264000027 ], [ 120.763027111000042, 14.321634928000037 ], [ 120.763296755000056, 14.321754770000041 ], [ 120.763656281000067, 14.321814691000043 ], [ 120.764165609000088, 14.321754770000041 ] ] ] ] } },
{ "type": "Feature", "properties": { "psgc_code": 402115007, "name": "Calubcob", "corr_code": 42115007.0, "geo_level": "Bgy", "city_class": null, "inc_class": null, "urb_rur": null, "pop_2015": "U", "pop_2020": null, "status": null, "adm4_pcode": "PH0402115007", "adm4_en": "Calubcob", "adm3_pcode": "PH0402115", "adm2_pcode": "PH04021", "adm1_pcode": "PH04", "adm0_pcode": "PH", "shape_len": 0.077674678112999995, "shape_area": 0.00030351152862, "shape_sqkm": 3.6231353124100001 }, "geometry": { "type": "MultiPolygon", "coordinates": [ [ [ [ 120.789993082000024, 14.314125629000046 ], [ 120.790114595000091, 14.314081442000031 ], [ 120.790254520000076, 14.314022527000077 ], [ 120.790361304000044, 14.313974658000063 ], [ 120.790530686000011, 14.313886285000024 ], [ 120.790674293000052, 14.313816323000026 ], [ 120.790788441000018, 14.313746361000028 ], [ 120.790902590000087, 14.313683763000029 ], [ 120.791024103000041, 14.313657987000056 ], [ 120.791152981000096, 14.31361748300003 ], [ 120.791307634000077, 14.31351806300006 ], [ 120.791414418000045, 14.313444419000064 ], [ 120.791499109000029, 14.313422325000033 ], [ 120.791631669000026, 14.31339655000005 ], [ 120.791756865000025, 14.313374457000066 ], [ 120.791845238000064, 14.313344999000037 ], [ 120.792040395000072, 14.313241897000069 ], [ 120.792294468000023, 14.313079879000043 ], [ 120.792401253000094, 14.312980459000073 ], [ 120.792526448000103, 14.312881039000047 ], [ 120.792651643000113, 14.312814760000037 ], [ 120.79275842800007, 14.312733751000053 ], [ 120.792854165000108, 14.312641695000025 ], [ 120.792960950000065, 14.312564369000029 ], [ 120.793064052000091, 14.312494407000031 ], [ 120.793178201000046, 14.312321342000075 ], [ 120.7932518450001, 14.31221824000005 ], [ 120.793318125000042, 14.312140914000054 ], [ 120.793380722000052, 14.312074634000055 ], [ 120.793458049000037, 14.312000989000069 ], [ 120.793528011000035, 14.311897887000043 ], [ 120.793616384000075, 14.311772692000034 ], [ 120.793686347000062, 14.311669590000065 ], [ 120.7937820840001, 14.311544394000066 ], [ 120.793844682000099, 14.311452339000027 ], [ 120.793940420000013, 14.311345555000059 ], [ 120.79406193300008, 14.311246135000033 ], [ 120.794157670000118, 14.311154079000062 ], [ 120.794282866000117, 14.311076753000066 ], [ 120.794437519000098, 14.31097365100004 ], [ 120.794518528000026, 14.310900006000054 ], [ 120.794614265000064, 14.310841091000043 ], [ 120.794695274000105, 14.310782175000043 ], [ 120.794816787000059, 14.310704849000047 ], [ 120.794919889000084, 14.310645933000046 ], [ 120.79503403800004, 14.310612793000075 ], [ 120.795170280000093, 14.310572289000049 ], [ 120.795262336000064, 14.310539149000022 ], [ 120.795516409000015, 14.310307169000055 ], [ 120.795615829000099, 14.310174610000047 ], [ 120.795766799000035, 14.309913172000051 ], [ 120.795847808000076, 14.30975851900007 ], [ 120.795925135000061, 14.30957440800006 ], [ 120.795965639000087, 14.309474988000034 ], [ 120.795958275000089, 14.309368204000066 ], [ 120.795910406000075, 14.309209868000039 ], [ 120.79583307900009, 14.309055215000058 ], [ 120.79571893100001, 14.308907927000064 ], [ 120.795626875000039, 14.308823236000023 ], [ 120.795538502000113, 14.308723816000054 ], [ 120.795435400000088, 14.308642807000069 ], [ 120.795431718000032, 14.308499201000075 ], [ 120.795483269000101, 14.308381370000063 ], [ 120.795534820000057, 14.308259856000063 ], [ 120.795590053000069, 14.308138343000053 ], [ 120.795641604000025, 14.308020512000041 ], [ 120.795700520000082, 14.307906363000029 ], [ 120.795766799000035, 14.307821672000046 ], [ 120.795891995000034, 14.307700159000035 ], [ 120.796006144000103, 14.307586011000069 ], [ 120.796094517000029, 14.307486591000043 ], [ 120.796208666000098, 14.307431357000041 ], [ 120.796326497000109, 14.307365077000043 ], [ 120.796481150000091, 14.307280386000059 ], [ 120.7966063450001, 14.307217789000049 ], [ 120.79664316700007, 14.307125733000078 ], [ 120.796646849000012, 14.307041042000037 ], [ 120.796672625000042, 14.306945305000056 ], [ 120.796746269000096, 14.306856931000027 ], [ 120.796808867000095, 14.306779605000031 ], [ 120.796900922000077, 14.306713325000032 ], [ 120.797007707000034, 14.306639681000036 ], [ 120.797099762000016, 14.30656235400005 ], [ 120.797202864000042, 14.306507121000038 ], [ 120.797353835000081, 14.306485027000065 ], [ 120.797501124000064, 14.306473981000067 ], [ 120.797560039000018, 14.306451888000026 ], [ 120.797615273000019, 14.306370879000042 ], [ 120.797711010000057, 14.306334057000072 ], [ 120.79782147700007, 14.306315645000041 ], [ 120.797928261000038, 14.306311963000041 ], [ 120.798027681, 14.306271459000072 ], [ 120.798145512000019, 14.306234637000045 ], [ 120.798267025000087, 14.306208861000073 ], [ 120.79838853800004, 14.306186768000032 ], [ 120.798561603000053, 14.306230954000057 ], [ 120.798661022000033, 14.306267777000073 ], [ 120.798672069000077, 14.306359832000055 ], [ 120.798716256000034, 14.306481345000066 ], [ 120.798826722000058, 14.306499756000051 ], [ 120.798999786000081, 14.306481345000066 ], [ 120.799058702000025, 14.306433476000052 ], [ 120.799080795, 14.306334057000072 ], [ 120.799095524000109, 14.306197815000075 ], [ 120.79913602900001, 14.30603579700005 ], [ 120.79913602900001, 14.305862733000026 ], [ 120.799128664000023, 14.305697033000058 ], [ 120.799113935000037, 14.305523969000035 ], [ 120.79913602900001, 14.30532144700004 ], [ 120.799172851000094, 14.305148383000073 ], [ 120.799253860000022, 14.304839076000064 ], [ 120.799342233000061, 14.304610779000029 ], [ 120.799375373000089, 14.304503994000072 ], [ 120.799076816000024, 14.304230534000055 ], [ 120.798682113000041, 14.304014084000073 ], [ 120.7983383400001, 14.303759438000043 ], [ 120.798058229000048, 14.303517523000039 ], [ 120.797727188000067, 14.303288341000041 ], [ 120.797421612000107, 14.303148285000077 ], [ 120.797065106000105, 14.303046426000037 ], [ 120.796772262000104, 14.302753583000026 ], [ 120.796364827000048, 14.302384345000064 ], [ 120.795957392000105, 14.301951445000043 ], [ 120.795651816000031, 14.301633136000078 ], [ 120.795358972000031, 14.301314828000045 ], [ 120.795035126000016, 14.300997642000027 ], [ 120.795200674000057, 14.300858941000058 ], [ 120.795218571000078, 14.300738136000064 ], [ 120.795200674000057, 14.300630754000053 ], [ 120.795285685000067, 14.300492052000038 ], [ 120.795352798000067, 14.300447309000049 ], [ 120.795469129000026, 14.300330979000023 ], [ 120.795513871000026, 14.300250442000049 ], [ 120.795665996000025, 14.300187803000028 ], [ 120.795670470000118, 14.300080421000075 ], [ 120.795621254000025, 14.299959616000024 ], [ 120.795585459000108, 14.299847760000034 ], [ 120.795697316000087, 14.299776172000065 ], [ 120.795836018000045, 14.29974485200006 ], [ 120.795921028000066, 14.299700109000071 ], [ 120.795934451000107, 14.29959720100004 ], [ 120.795947874000035, 14.29948981900003 ], [ 120.795956822000107, 14.299351118000061 ], [ 120.796046307000097, 14.299315324000077 ], [ 120.795893023000076, 14.299097043000074 ], [ 120.795740235000039, 14.298952743000029 ], [ 120.795477100000085, 14.298604725000075 ], [ 120.795307335000075, 14.298401008000042 ], [ 120.795137571000055, 14.298231243000032 ], [ 120.794950830000062, 14.298019038000064 ], [ 120.79470467100009, 14.297704973000066 ], [ 120.794492465000076, 14.297458814000038 ], [ 120.794314213, 14.297212656000056 ], [ 120.794127472000014, 14.297034403000055 ], [ 120.793983172000026, 14.296873127000026 ], [ 120.793813407000016, 14.296626968000055 ], [ 120.793728525, 14.296491156000059 ], [ 120.793609690000039, 14.296321392000038 ], [ 120.793511315000046, 14.296157437000033 ], [ 120.793507831000056, 14.296151628000075 ], [ 120.79338899600009, 14.295896981000055 ], [ 120.793168302000026, 14.295523499000069 ], [ 120.792973073000098, 14.295260364000058 ], [ 120.792752379000035, 14.29494629900006 ], [ 120.792608079000047, 14.294674676000056 ], [ 120.792480755000042, 14.294513399000039 ], [ 120.792370438000034, 14.294237159000033 ], [ 120.792028150000078, 14.292493250000064 ], [ 120.791212743000074, 14.291500580000047 ], [ 120.790220073000114, 14.290366101000075 ], [ 120.788426769000012, 14.289194200000054 ], [ 120.78781225900002, 14.289083903000062 ], [ 120.787111088000074, 14.289060268000071 ], [ 120.786252350000041, 14.288981485000022 ], [ 120.78526755900009, 14.288918458000069 ], [ 120.784526996000068, 14.288753013000075 ], [ 120.783503491000033, 14.288353522000023 ], [ 120.783315629000072, 14.288416143000063 ], [ 120.783106893000081, 14.288474589000032 ], [ 120.782935730000077, 14.288495462000071 ], [ 120.782735344000116, 14.28855390800004 ], [ 120.782593404000067, 14.288649927000051 ], [ 120.782393018000107, 14.288754294000057 ], [ 120.782221855000103, 14.288933807000035 ], [ 120.782259427000099, 14.289109145000054 ], [ 120.782276126000056, 14.289305356000057 ], [ 120.782226029000071, 14.289509917000032 ], [ 120.782159234000119, 14.289747876000035 ], [ 120.78213836000009, 14.289927388000024 ], [ 120.782100788000093, 14.290144473000055 ], [ 120.781975547000116, 14.290365733000044 ], [ 120.78188787800002, 14.29057864300006 ], [ 120.781841956000108, 14.290749806000065 ], [ 120.78178768500004, 14.290937668000026 ], [ 120.781616521000046, 14.291008638000051 ], [ 120.78147875600007, 14.291029512000023 ], [ 120.781278370000109, 14.291092133000063 ], [ 120.7811573030001, 14.291246597000054 ], [ 120.781232448000083, 14.291384362000031 ], [ 120.781274195000037, 14.291576399000064 ], [ 120.781140604000029, 14.291676592000044 ], [ 120.780973616000097, 14.291672418000076 ], [ 120.780831676000048, 14.291684942000074 ], [ 120.780681386000083, 14.291793484000038 ], [ 120.780635464000056, 14.291906201000074 ], [ 120.780685561000041, 14.292077364000022 ], [ 120.780660513000043, 14.292315323000025 ], [ 120.780535271000076, 14.292532408000056 ], [ 120.780485175000081, 14.292699396000046 ], [ 120.78046847600001, 14.292862210000067 ], [ 120.780618765000099, 14.292970753000077 ], [ 120.780819152000049, 14.29304589700007 ], [ 120.780948568000099, 14.293054247000043 ], [ 120.781082158000117, 14.293016675000047 ], [ 120.781274195000037, 14.29299162600006 ], [ 120.781466232000071, 14.293004150000058 ], [ 120.781562250000093, 14.293150265000065 ], [ 120.781541377000053, 14.29332142800007 ], [ 120.781399436000015, 14.293384049000053 ], [ 120.781253322000111, 14.293455019000078 ], [ 120.78112808000003, 14.293580261000045 ], [ 120.781061285000078, 14.293692978000024 ], [ 120.781023712000092, 14.293847442000072 ], [ 120.78103623700008, 14.293935111000053 ], [ 120.781111381000073, 14.294097925000074 ], [ 120.78112808000003, 14.294198118000054 ], [ 120.781153128000028, 14.294285787000035 ], [ 120.781240797, 14.294436076000068 ], [ 120.781348231000038, 14.294515465000075 ], [ 120.781341759000043, 14.294696688000045 ], [ 120.781336095000029, 14.294707308000056 ], [ 120.781334180000044, 14.294710898000062 ], [ 120.7812899810001, 14.294793771000059 ], [ 120.781141120000029, 14.294832605000067 ], [ 120.781018147000054, 14.294832605000067 ], [ 120.780843397000012, 14.294813188000035 ], [ 120.780623341000023, 14.294774355000072 ], [ 120.78045506300009, 14.294774355000072 ], [ 120.780299730000024, 14.294826132000026 ], [ 120.780099091000011, 14.294916744000034 ], [ 120.779885507000017, 14.295052660000067 ], [ 120.779691340000113, 14.295182105000038 ], [ 120.779542479000042, 14.29525330000007 ], [ 120.779393618000086, 14.295330966000051 ], [ 120.779231812000035, 14.295479828000055 ], [ 120.779057062000106, 14.295680467000068 ], [ 120.778947034000112, 14.295913467000048 ], [ 120.778856423000093, 14.296094689000029 ], [ 120.778668728000071, 14.296379468000055 ], [ 120.778571644000067, 14.296560690000035 ], [ 120.778358061000063, 14.296949024000071 ], [ 120.778351589000067, 14.297123774000056 ], [ 120.778371005000054, 14.297324413000069 ], [ 120.778273922000039, 14.297486219000064 ], [ 120.778131533000078, 14.29751858000003 ], [ 120.777989144000117, 14.297790414000076 ], [ 120.777892060000113, 14.29812049700007 ], [ 120.77793736600006, 14.298385859000064 ], [ 120.778047394000055, 14.298502359000054 ], [ 120.778157422000049, 14.298599442000068 ], [ 120.778299811000011, 14.298728887000038 ], [ 120.778429255000106, 14.298851859000024 ], [ 120.778597533000038, 14.29902013700007 ], [ 120.778759339000089, 14.299156054000036 ], [ 120.778824061000023, 14.299330804000022 ], [ 120.778765811000085, 14.29958969300003 ], [ 120.779394376000027, 14.300125457000036 ], [ 120.77966205000007, 14.300593886000058 ], [ 120.780021737000084, 14.301104140000064 ], [ 120.780272681000042, 14.301522381000041 ], [ 120.780557085000055, 14.301856973000042 ], [ 120.78069550400005, 14.302024337000034 ], [ 120.780983691000074, 14.302375591000043 ], [ 120.781527403000041, 14.303028047000055 ], [ 120.781828537000024, 14.303454652000028 ], [ 120.782213318000117, 14.304015095000068 ], [ 120.782573005000017, 14.304558807000035 ], [ 120.782815584000105, 14.30505233100007 ], [ 120.78324219000001, 14.305478937000032 ], [ 120.783509864000052, 14.305913907000047 ], [ 120.783702254000104, 14.306240134000063 ], [ 120.783974429000068, 14.306539038000039 ], [ 120.784296156000096, 14.307243912000047 ], [ 120.784639113000026, 14.307695612000032 ], [ 120.784973706000073, 14.308080393000068 ], [ 120.785366852000038, 14.308523728000068 ], [ 120.78555924300008, 14.308900145000052 ], [ 120.785798183000111, 14.30922793700006 ], [ 120.786086226000066, 14.309611154000038 ], [ 120.786295346000088, 14.309987570000033 ], [ 120.786621574000037, 14.310539648000031 ], [ 120.786997990000032, 14.310916064000025 ], [ 120.787223840000024, 14.311359399000025 ], [ 120.78734931200006, 14.311836194000023 ], [ 120.787474785000086, 14.312137327000073 ], [ 120.787633716000073, 14.312405001000059 ], [ 120.787734094000029, 14.312672675000044 ], [ 120.787893025000017, 14.312965443000053 ], [ 120.788181431000112, 14.31333763400005 ], [ 120.788328720000095, 14.313322906000053 ], [ 120.788464962000035, 14.313286083000037 ], [ 120.788601204000088, 14.313311859000066 ], [ 120.788719035000099, 14.313348681000036 ], [ 120.788870006000025, 14.313403914000048 ], [ 120.788951015000066, 14.313470194000047 ], [ 120.789006248000078, 14.31358066100006 ], [ 120.789083575000063, 14.313727949000054 ], [ 120.789142490000017, 14.313816323000026 ], [ 120.789227181000115, 14.313908378000065 ], [ 120.78934133000007, 14.313970976000064 ], [ 120.789481254000066, 14.314044620000061 ], [ 120.789632225000105, 14.314088807000076 ], [ 120.789735327000017, 14.31411090000006 ], [ 120.789812654000116, 14.314129311000045 ], [ 120.789993082000024, 14.314125629000046 ] ] ] ] } },
{ "type": "Feature", "properties": { "psgc_code": 402115008, "name": "Palangue 2 & 3", "corr_code": 42115008.0, "geo_level": "Bgy", "city_class": null, "inc_class": null, "urb_rur": null, "pop_2015": "R", "pop_2020": null, "status": null, "adm4_pcode": "PH0402115008", "adm4_en": "Palangue 2 & 3", "adm3_pcode": "PH0402115", "adm2_pcode": "PH04021", "adm1_pcode": "PH04", "adm0_pcode": "PH", "shape_len": 0.15147105520500001, "shape_area": 0.00092048410413800004, "shape_sqkm": 10.990206050099999 }, "geometry": { "type": "MultiPolygon", "coordinates": [ [ [ [ 120.824539682000022, 14.279046192000067 ], [ 120.824492451000083, 14.278892690000077 ], [ 120.824433411000086, 14.278668340000024 ], [ 120.824512131, 14.278428245000043 ], [ 120.824559362000059, 14.278286551000065 ], [ 120.824618402000056, 14.278133048000029 ], [ 120.824720737, 14.277959865000071 ], [ 120.82483881600001, 14.277727643000048 ], [ 120.824909663000085, 14.277558397000064 ], [ 120.824968703000081, 14.277389150000033 ], [ 120.82498444700002, 14.277286815000025 ], [ 120.825078910000116, 14.277133312000046 ], [ 120.825283580000018, 14.276932578000071 ], [ 120.825472507000086, 14.276834179000048 ], [ 120.82566143300005, 14.276747587000045 ], [ 120.82579919200009, 14.276779075000036 ], [ 120.826133749000064, 14.276779075000036 ], [ 120.826326612000116, 14.276775139000051 ], [ 120.826653297, 14.276704291000044 ], [ 120.826798928000017, 14.276625572000057 ], [ 120.826987854000095, 14.27654685300007 ], [ 120.827101997000113, 14.27655472500004 ], [ 120.827231884000071, 14.276558661000024 ], [ 120.827401131000101, 14.27638941400005 ], [ 120.827538890000028, 14.276298887000053 ], [ 120.827629417000026, 14.276149320000059 ], [ 120.827656969000031, 14.276039113000024 ], [ 120.827873447000115, 14.27601549700006 ], [ 120.828058437000095, 14.276003689000049 ], [ 120.828251300000034, 14.275932842000032 ], [ 120.828690719000065, 14.27555903700005 ], [ 120.829075677000105, 14.27539123400004 ], [ 120.829421152, 14.275213562000033 ], [ 120.82980611000005, 14.275124725000069 ], [ 120.830299645000082, 14.274907570000039 ], [ 120.830625379000026, 14.274700285000051 ], [ 120.830852405000087, 14.274187007000023 ], [ 120.830862276000062, 14.273871145000044 ], [ 120.831138656, 14.273446704000037 ], [ 120.831296587000111, 14.273259161000055 ], [ 120.831602579000105, 14.273081488000059 ], [ 120.831967795000082, 14.272736013000042 ], [ 120.832510685000102, 14.272400409000056 ], [ 120.832915384000103, 14.272262219000027 ], [ 120.833576721000099, 14.271946356000058 ], [ 120.833971550000115, 14.271689717000072 ], [ 120.834326896000107, 14.271344243000044 ], [ 120.834613146000038, 14.270919802000037 ], [ 120.834840172000099, 14.270534844000053 ], [ 120.835215259000051, 14.270258464000051 ], [ 120.835501510000086, 14.27009066200003 ], [ 120.835560734000069, 14.269695834000061 ], [ 120.835827244000029, 14.269271393000054 ], [ 120.836281296000038, 14.268955530000028 ], [ 120.836528064000049, 14.268679150000025 ], [ 120.836646513000119, 14.268402770000023 ], [ 120.836853798000107, 14.268027683000071 ], [ 120.837120307000077, 14.267790786000035 ], [ 120.837239440000076, 14.267696808000039 ], [ 120.83747565200008, 14.267524277000064 ], [ 120.837830998000072, 14.26748479400004 ], [ 120.838097507000043, 14.267257768000036 ], [ 120.838314663, 14.267070224000065 ], [ 120.838620655000113, 14.266971517000059 ], [ 120.838818069000013, 14.266793844000063 ], [ 120.839007109000022, 14.266758080000045 ], [ 120.839183285000104, 14.266724749000048 ], [ 120.839410312000041, 14.266556947000026 ], [ 120.839597855000079, 14.266369404000045 ], [ 120.839953201000071, 14.266093024000043 ], [ 120.84042699500003, 14.26581664400004 ], [ 120.840861306000079, 14.265609359000052 ], [ 120.841108663000114, 14.26553266600007 ], [ 120.841187040000023, 14.265540264000037 ], [ 120.84153251500004, 14.26533297900005 ], [ 120.841838507000034, 14.265007246000039 ], [ 120.842085275000045, 14.264740736000022 ], [ 120.842253077, 14.264642029000072 ], [ 120.842756483000016, 14.264602546000049 ], [ 120.843032863000076, 14.264523581000049 ], [ 120.843368467000118, 14.264444615000059 ], [ 120.843862003000027, 14.264168235000056 ], [ 120.84405941700004, 14.264020174000052 ], [ 120.844296314000076, 14.263951080000027 ], [ 120.844681272000116, 14.264020174000052 ], [ 120.845095842000092, 14.264020174000052 ], [ 120.845362351000063, 14.263960950000069 ], [ 120.84556963600005, 14.263862243000062 ], [ 120.845609119000073, 14.263487156000053 ], [ 120.845836145000021, 14.263378578000072 ], [ 120.846102654000106, 14.263112069000044 ], [ 120.846438258000035, 14.263191035000034 ], [ 120.846744250000029, 14.26336870800003 ], [ 120.847050243000012, 14.263546380000037 ], [ 120.847356235, 14.263418061000039 ], [ 120.847425330000078, 14.263220647000026 ], [ 120.848161219000076, 14.262843031000045 ], [ 120.849212880000096, 14.262901456000066 ], [ 120.850410605000093, 14.263047520000043 ], [ 120.851111712000034, 14.263252010000031 ], [ 120.852223898000034, 14.263536015000057 ], [ 120.852276864000032, 14.263306494000062 ], [ 120.852585835000014, 14.263253527000074 ], [ 120.85273590700001, 14.262882762000061 ], [ 120.852965428000061, 14.262653241000066 ], [ 120.852983083000026, 14.262397236000027 ], [ 120.85306253300007, 14.262150059000021 ], [ 120.853177294000034, 14.261947021000026 ], [ 120.853397987000108, 14.261902883000062 ], [ 120.853574542000047, 14.261823433000075 ], [ 120.853777580000042, 14.261558601000047 ], [ 120.853715786000066, 14.261364391000029 ], [ 120.853901168000107, 14.261170180000022 ], [ 120.854095379000114, 14.261037764000037 ], [ 120.854386694000027, 14.261284941000042 ], [ 120.854713321000077, 14.261020109000071 ], [ 120.855013464000081, 14.260817071000076 ], [ 120.855163535000088, 14.26048161600005 ], [ 120.855313607000085, 14.260154990000046 ], [ 120.855437195000036, 14.259837191000031 ], [ 120.855313607000085, 14.259554704000038 ], [ 120.855340090000027, 14.259254560000045 ], [ 120.855791516000068, 14.258772979000071 ], [ 120.85606124800006, 14.258446462000052 ], [ 120.856543926000086, 14.258261908000065 ], [ 120.856698543000107, 14.258198656000047 ], [ 120.856856246, 14.258134141000028 ], [ 120.856856246, 14.257580481000048 ], [ 120.856827854000016, 14.257112 ], [ 120.856785264000109, 14.256544144000031 ], [ 120.856842050000068, 14.256061466000062 ], [ 120.85719696000001, 14.255692360000069 ], [ 120.857750620000047, 14.255550396000046 ], [ 120.857722227000068, 14.254996736000066 ], [ 120.857793209000079, 14.254542451000077 ], [ 120.858119726000041, 14.254102363000072 ], [ 120.858432047000065, 14.253875221000044 ], [ 120.858715975000109, 14.25343513200005 ], [ 120.859070885000051, 14.252995044000045 ], [ 120.859397402000013, 14.252654330000041 ], [ 120.859851687000059, 14.252554955000051 ], [ 120.860291775000064, 14.252356206000059 ], [ 120.86077445300009, 14.251987099000075 ], [ 120.860888024000019, 14.251362458000074 ], [ 120.860916417000112, 14.250837191000073 ], [ 120.861072577000073, 14.250297727000032 ], [ 120.861498470000015, 14.250184156000046 ], [ 120.862066326000104, 14.250169960000051 ], [ 120.862236682000116, 14.249587907000034 ], [ 120.862307664000014, 14.249289783000052 ], [ 120.862435432000098, 14.248821302000067 ], [ 120.862595953000096, 14.247961043000032 ], [ 120.862615801000061, 14.247147256000062 ], [ 120.862615801000061, 14.246234225000023 ], [ 120.862853983000036, 14.245360892000065 ], [ 120.861582479000049, 14.246009655000023 ], [ 120.860467615000061, 14.246596712000041 ], [ 120.859742566000023, 14.246389669000052 ], [ 120.857423748000087, 14.245162059000052 ], [ 120.854886688000079, 14.243879889000027 ], [ 120.852786111000114, 14.243006922000063 ], [ 120.849554021000017, 14.24187310800005 ], [ 120.847900256000116, 14.241227106000053 ], [ 120.846685772000114, 14.240865345000032 ], [ 120.845161207000046, 14.240787825000041 ], [ 120.844230964000076, 14.24063278400007 ], [ 120.843249041000036, 14.240400224000041 ], [ 120.842364519000057, 14.240369293000072 ], [ 120.842324058000031, 14.240362815000026 ], [ 120.841595276000021, 14.24024518300007 ], [ 120.840882375000092, 14.24025746500007 ], [ 120.840419472, 14.240386647000037 ], [ 120.840150342000015, 14.240526595000063 ], [ 120.839730500000087, 14.24075266400007 ], [ 120.839439840000068, 14.240731133000054 ], [ 120.839127649000034, 14.240817255000024 ], [ 120.83899846700001, 14.241011028000059 ], [ 120.838869285000101, 14.241183271000068 ], [ 120.838557094000066, 14.241280158000052 ], [ 120.83829873000002, 14.241581583000027 ], [ 120.838051130000053, 14.241947599000071 ], [ 120.837792766, 14.242249025000035 ], [ 120.837717409000106, 14.242658102000064 ], [ 120.837760470000035, 14.242959527000039 ], [ 120.837749705000078, 14.243422430000066 ], [ 120.837577462000013, 14.243777682000029 ], [ 120.837243741000066, 14.243928394000022 ], [ 120.836996142000089, 14.243863803000067 ], [ 120.836834664000094, 14.243691560000059 ], [ 120.8366193600001, 14.243723856000031 ], [ 120.836328700000081, 14.24363773400006 ], [ 120.835930388000065, 14.243422430000066 ], [ 120.835413659000096, 14.243422430000066 ], [ 120.835112234, 14.243723856000031 ], [ 120.834950756000012, 14.243939159000035 ], [ 120.834735452000018, 14.244434358000035 ], [ 120.834412496000027, 14.244757314000026 ], [ 120.83406801000001, 14.245080269000027 ], [ 120.833777350000105, 14.245360164000033 ], [ 120.833626638000055, 14.245661590000054 ], [ 120.83348309500002, 14.245991766000031 ], [ 120.833305526000117, 14.246128747000057 ], [ 120.833051856000111, 14.246286023000039 ], [ 120.832752526000036, 14.246575206000045 ], [ 120.832595251000043, 14.246762922000073 ], [ 120.832483636, 14.247006445000068 ], [ 120.832402462000118, 14.247189087000038 ], [ 120.832478563000109, 14.247305775000029 ], [ 120.832590177000043, 14.247488418000046 ], [ 120.832519150000053, 14.247610179000048 ], [ 120.832341581000037, 14.247569592000048 ], [ 120.832143719000101, 14.24761525200006 ], [ 120.831839315000025, 14.247787748000064 ], [ 120.83159579200003, 14.247838482000077 ], [ 120.831453737000061, 14.247858775000054 ], [ 120.831321828000114, 14.247955170000068 ], [ 120.831245728000113, 14.248087078000026 ], [ 120.831078305, 14.24825450000003 ], [ 120.830981911000094, 14.248300161000031 ], [ 120.830692727000041, 14.248376262000022 ], [ 120.830535452000049, 14.248579198000073 ], [ 120.830459351000059, 14.248782134000066 ], [ 120.830281782000043, 14.249005363000038 ], [ 120.830114360000039, 14.249228592000065 ], [ 120.829967232000058, 14.249416308000036 ], [ 120.829678048000119, 14.249710565000044 ], [ 120.829454819000034, 14.249867840000036 ], [ 120.829155488000083, 14.250020042000074 ], [ 120.828840938000099, 14.250243272000034 ], [ 120.828470580000044, 14.25041576700005 ], [ 120.828252424000084, 14.250567969000031 ], [ 120.828090075000091, 14.250796272000059 ], [ 120.827978461000043, 14.251075308000054 ], [ 120.827927727000088, 14.251354345000038 ], [ 120.827907433000064, 14.251481180000042 ], [ 120.827907433000064, 14.251602942000034 ], [ 120.82795816700002, 14.251795731000072 ], [ 120.828054561000044, 14.251861685000051 ], [ 120.828115442000012, 14.252018960000044 ], [ 120.828049488000033, 14.252155942000059 ], [ 120.827953094, 14.252267557000039 ], [ 120.827871919000017, 14.252353804000052 ], [ 120.827750158000072, 14.252506006000033 ], [ 120.827734938000049, 14.252744456000073 ], [ 120.827780598000118, 14.252962612000033 ], [ 120.827922653000087, 14.253160474000026 ], [ 120.828019048000101, 14.253267016000052 ], [ 120.828176323000093, 14.253358337000066 ], [ 120.828384332000041, 14.253571419000025 ], [ 120.8284299930001, 14.253764208000064 ], [ 120.828440140000112, 14.253982364000024 ], [ 120.828369112000019, 14.254210667000052 ], [ 120.828293011000028, 14.254388236000068 ], [ 120.828166176000082, 14.254489704000036 ], [ 120.82803426800001, 14.254540438000049 ], [ 120.827831332000073, 14.254631759000063 ], [ 120.827658837000058, 14.254738300000042 ], [ 120.827562442000044, 14.254905722000046 ], [ 120.827501561000076, 14.255017337000027 ], [ 120.827445754000109, 14.255235493000043 ], [ 120.827445754000109, 14.255402915000047 ], [ 120.827400093000051, 14.255580484000063 ], [ 120.827273259000094, 14.255742833000056 ], [ 120.827156570000056, 14.255859521000048 ], [ 120.82697900200003, 14.25605231000003 ], [ 120.826862313000106, 14.256255246000023 ], [ 120.826720258000023, 14.25643788800005 ], [ 120.826695591000089, 14.256500539000058 ], [ 120.826654304000044, 14.256605310000054 ], [ 120.826603570000088, 14.256696631000068 ], [ 120.82648688200004, 14.25677780500007 ], [ 120.826334680000059, 14.256950301000074 ], [ 120.826223066000011, 14.257061916000055 ], [ 120.826101304000076, 14.257153237000068 ], [ 120.825969396000119, 14.257391686000062 ], [ 120.825969396000119, 14.257569255000021 ], [ 120.825949102000095, 14.257746824000037 ], [ 120.825867928000093, 14.257827998000039 ], [ 120.825751240000045, 14.257964980000054 ], [ 120.82569146600008, 14.258207497000058 ], [ 120.825469232000046, 14.25851306800007 ], [ 120.82523310900001, 14.25861029500004 ], [ 120.824802532000035, 14.258707522000066 ], [ 120.824663636000082, 14.259026983000069 ], [ 120.824316396000086, 14.259124210000039 ], [ 120.823774702000037, 14.259582566000063 ], [ 120.823441352000032, 14.259860358000026 ], [ 120.823260787000095, 14.260360383000034 ], [ 120.822927437000089, 14.260513169000035 ], [ 120.822635756000068, 14.260638175000054 ], [ 120.822399633000032, 14.260679844000038 ], [ 120.82210795200001, 14.260790961000055 ], [ 120.821871828000099, 14.261165980000044 ], [ 120.821413472000017, 14.261485440000058 ], [ 120.821107901000119, 14.261804901000062 ], [ 120.821038453000028, 14.262110472000074 ], [ 120.820774551000113, 14.26241604300003 ], [ 120.820663434000039, 14.262832730000071 ], [ 120.820274526000048, 14.263221639000051 ], [ 120.82001062300003, 14.263263308000035 ], [ 120.819760611000106, 14.263110522000034 ], [ 120.819552267000063, 14.263124412000025 ], [ 120.819399481000119, 14.263332756000068 ], [ 120.819038352, 14.263138301000026 ], [ 120.818816119000076, 14.262929958000029 ], [ 120.818496658000072, 14.262860510000053 ], [ 120.818121639000083, 14.262929958000029 ], [ 120.818024412000113, 14.263193860000058 ], [ 120.817885516000047, 14.263568879000047 ], [ 120.817649393000011, 14.263693885000066 ], [ 120.81726048500002, 14.263930008000045 ], [ 120.817024362000097, 14.264180021000072 ], [ 120.817038251000099, 14.264402254000061 ], [ 120.817024362000097, 14.264943948000052 ], [ 120.816760459000079, 14.265193961000023 ], [ 120.816427109000074, 14.265513421000037 ], [ 120.816065980000076, 14.265499532000035 ], [ 120.815635403000101, 14.265485642000044 ], [ 120.81534372100009, 14.265916219000076 ], [ 120.815243133000081, 14.266192836000073 ], [ 120.815232604000016, 14.266221790000031 ], [ 120.815204825000023, 14.266527361000044 ], [ 120.81516315600004, 14.266985718000058 ], [ 120.814968702000101, 14.267194062000044 ], [ 120.81457979400011, 14.267194062000044 ], [ 120.814218664, 14.266888491000032 ], [ 120.813940873000092, 14.267041276000043 ], [ 120.813454737000029, 14.267457964000073 ], [ 120.812899153000103, 14.268069106000041 ], [ 120.812663030000067, 14.26858302100004 ], [ 120.812413018000029, 14.268902481000055 ], [ 120.811982440000065, 14.268902481000055 ], [ 120.811746317000029, 14.269194163000066 ], [ 120.811774096000022, 14.269680298000026 ], [ 120.81192688200008, 14.26990253200006 ], [ 120.811732428000028, 14.270221992000074 ], [ 120.811218513000085, 14.270055317000072 ], [ 120.811079617000019, 14.270333109000035 ], [ 120.810732377000022, 14.270763686000066 ], [ 120.810537923000084, 14.27108314700007 ], [ 120.811904753000022, 14.271969938000041 ], [ 120.812372002000075, 14.272197754000047 ], [ 120.813489846000039, 14.272825888000057 ], [ 120.814978285000052, 14.273659977000023 ], [ 120.815560438000034, 14.274111958000049 ], [ 120.816341383, 14.274571338000044 ], [ 120.816858184000012, 14.274892903000023 ], [ 120.817311459000052, 14.275235570000063 ], [ 120.817329048000033, 14.27524892200006 ], [ 120.817949210000052, 14.275490096000055 ], [ 120.818362651000029, 14.275800177000065 ], [ 120.818626794000011, 14.276190649000057 ], [ 120.818907313000068, 14.276759395000056 ], [ 120.819350316000055, 14.276994563000073 ], [ 120.81989008700009, 14.277178315000072 ], [ 120.820935175000045, 14.277557302000048 ], [ 120.821635728000047, 14.277867383000057 ], [ 120.82235925000009, 14.278246371000023 ], [ 120.822990897000068, 14.278464576000033 ], [ 120.823542152000073, 14.278786142000058 ], [ 120.82418528300002, 14.279061769000066 ], [ 120.82459085000005, 14.279262670000037 ], [ 120.824539682000022, 14.279046192000067 ] ] ] ] } },
{ "type": "Feature", "properties": { "psgc_code": 402115009, "name": "Gomez-Zamora", "corr_code": 42115009.0, "geo_level": "Bgy", "city_class": null, "inc_class": null, "urb_rur": null, "pop_2015": "R", "pop_2020": null, "status": null, "adm4_pcode": "PH0402115009", "adm4_en": "Gomez-Zamora (Pob.)", "adm3_pcode": "PH0402115", "adm2_pcode": "PH04021", "adm1_pcode": "PH04", "adm0_pcode": "PH", "shape_len": 0.0107008763081, "shape_area": 4.024544793e-06, "shape_sqkm": 0.048038772152400003 }, "geometry": { "type": "MultiPolygon", "coordinates": [ [ [ [ 120.765049443000066, 14.32070615400005 ], [ 120.765289127000074, 14.320586312000046 ], [ 120.765513830000032, 14.320466470000042 ], [ 120.765708573000097, 14.320361608000042 ], [ 120.765781405000098, 14.320313054000053 ], [ 120.765888336000103, 14.320241766000038 ], [ 120.766038139000102, 14.320002083000077 ], [ 120.766143, 14.319687498000064 ], [ 120.766292803000056, 14.319477774000063 ], [ 120.766502526000068, 14.319298011000058 ], [ 120.766697269000019, 14.319148209000048 ], [ 120.766892012000085, 14.318983426000045 ], [ 120.767116716000032, 14.318848604000038 ], [ 120.76726640000004, 14.318744365000043 ], [ 120.767311459000098, 14.318713782000032 ], [ 120.767476241000054, 14.318548999000029 ], [ 120.76750620200005, 14.318324296000071 ], [ 120.767446281000048, 14.318144533000066 ], [ 120.767386360000046, 14.317889869000055 ], [ 120.767326439000044, 14.31771010600005 ], [ 120.767326439000044, 14.317545323000047 ], [ 120.76735640000004, 14.317395521000037 ], [ 120.767491222000103, 14.317275679000034 ], [ 120.76765600400006, 14.317245719000027 ], [ 120.767411655000046, 14.316889748000051 ], [ 120.767202224000016, 14.317075013000021 ], [ 120.766920299000049, 14.317373049000025 ], [ 120.766770407000081, 14.317536751000034 ], [ 120.766251733000104, 14.318122165000034 ], [ 120.7649578810001, 14.319663293000076 ], [ 120.764531417000057, 14.320419838000078 ], [ 120.764809759000059, 14.320870936000063 ], [ 120.765049443000066, 14.32070615400005 ] ] ] ] } },
{ "type": "Feature", "properties": { "psgc_code": 402115010, "name": "Halang", "corr_code": 42115010.0, "geo_level": "Bgy", "city_class": null, "inc_class": null, "urb_rur": null, "pop_2015": "U", "pop_2020": null, "status": null, "adm4_pcode": "PH0402115010", "adm4_en": "Halang", "adm3_pcode": "PH0402115", "adm2_pcode": "PH04021", "adm1_pcode": "PH04", "adm0_pcode": "PH", "shape_len": 0.0926141536312, "shape_area": 0.00033988537233800001, "shape_sqkm": 4.0574771307999997 }, "geometry": { "type": "MultiPolygon", "coordinates": [ [ [ [ 120.799456381000027, 14.304323566000051 ], [ 120.799537390000069, 14.304187324000054 ], [ 120.799640492000094, 14.304047399000069 ], [ 120.799703090000094, 14.303881700000034 ], [ 120.799725183000078, 14.303745458000037 ], [ 120.799765688000093, 14.303601851000053 ], [ 120.799784099000021, 14.303480338000043 ], [ 120.799872472000061, 14.303384600000072 ], [ 120.80003449000003, 14.303347778000045 ], [ 120.800255423000067, 14.303340414000047 ], [ 120.800461627000118, 14.303388283000061 ], [ 120.800700971000083, 14.303439834000073 ], [ 120.80083353100008, 14.303476656000043 ], [ 120.80093295100005, 14.303524525000057 ], [ 120.801028688000088, 14.303568711000025 ], [ 120.801139155000101, 14.303568711000025 ], [ 120.80127539700004, 14.303495067000028 ], [ 120.801385863000064, 14.303403011000057 ], [ 120.801442476000034, 14.303322136000077 ], [ 120.80146319000005, 14.303292545000033 ], [ 120.801654665000115, 14.303189443000065 ], [ 120.801720945000056, 14.303093705000038 ], [ 120.801787225000112, 14.302979556000025 ], [ 120.801801954000098, 14.302880136000056 ], [ 120.801886645000081, 14.30280281000006 ], [ 120.802048663000051, 14.302751259000047 ], [ 120.80221068000003, 14.302743894000059 ], [ 120.802346922000083, 14.302754941000046 ], [ 120.802468435000037, 14.302758623000045 ], [ 120.802612042000078, 14.302762306000034 ], [ 120.802770377000115, 14.302754941000046 ], [ 120.802936077000027, 14.302707072000032 ], [ 120.803068637000024, 14.30267761500005 ], [ 120.803171739000049, 14.302637110000035 ], [ 120.803315345000101, 14.302603970000064 ], [ 120.803499456000054, 14.302530326000067 ], [ 120.803694614000051, 14.302471410000066 ], [ 120.803878725000118, 14.302416177000055 ], [ 120.804018649000113, 14.302405130000068 ], [ 120.804107022000039, 14.302419859000054 ], [ 120.804184349000025, 14.302427224000041 ], [ 120.804272722000064, 14.302405130000068 ], [ 120.804379506000032, 14.30233516800007 ], [ 120.804523113000073, 14.302261524000073 ], [ 120.804651990000025, 14.30220997300006 ], [ 120.80475509300004, 14.302180515000032 ], [ 120.804920792000075, 14.302191562000075 ], [ 120.805079128000102, 14.302228384000045 ], [ 120.805204323000112, 14.302268888000071 ], [ 120.805336883000109, 14.30237199000004 ], [ 120.805406845000107, 14.302408813000056 ], [ 120.805509947000019, 14.302460364000069 ], [ 120.805602003000104, 14.302504550000037 ], [ 120.805712469000014, 14.302545055000053 ], [ 120.805863440000053, 14.302567148000037 ], [ 120.805887559000098, 14.302741882000078 ], [ 120.806180799000117, 14.302876076000075 ], [ 120.806394515000079, 14.302886016000059 ], [ 120.806667874000027, 14.302876076000075 ], [ 120.806891531000019, 14.302786613000023 ], [ 120.807159920000117, 14.302682240000024 ], [ 120.807353756000111, 14.302533135000033 ], [ 120.807602264000025, 14.302279657000042 ], [ 120.807736458000022, 14.30206097000007 ], [ 120.807825921000017, 14.301906895000059 ], [ 120.807960115000014, 14.301648447000048 ], [ 120.808303056000113, 14.300992386000075 ], [ 120.808392519000108, 14.300828371000023 ], [ 120.808452161000105, 14.300723998000024 ], [ 120.808645997000099, 14.300564953000048 ], [ 120.808909415000016, 14.300430759000051 ], [ 120.809297087000118, 14.300321415000042 ], [ 120.809918357000015, 14.300241893000077 ], [ 120.810211596000045, 14.300207101000069 ], [ 120.810479985000029, 14.300117639000064 ], [ 120.810718553000015, 14.299903922000055 ], [ 120.810842806000096, 14.299441697000077 ], [ 120.810872627000094, 14.299272712000061 ], [ 120.810907419000046, 14.299108697000065 ], [ 120.810937239000054, 14.298954622000053 ], [ 120.811001851000015, 14.298800547000042 ], [ 120.811145986000042, 14.298666353000044 ], [ 120.81140443400011, 14.298606711000048 ], [ 120.811692703000062, 14.298576890000049 ], [ 120.811961092000047, 14.298557009000035 ], [ 120.812115167000115, 14.298552039000072 ], [ 120.812393496000027, 14.29846754600004 ], [ 120.812597272000062, 14.298323412000059 ], [ 120.812766257000021, 14.298139516000049 ], [ 120.812875601000087, 14.298020232000056 ], [ 120.812930273, 14.297876098000074 ], [ 120.812930273, 14.29760273900007 ], [ 120.812845780000089, 14.297384052000041 ], [ 120.812766257000021, 14.297175305000053 ], [ 120.812731466000059, 14.296986439000023 ], [ 120.812711586000091, 14.296807514000022 ], [ 120.812701645000061, 14.296618648000049 ], [ 120.812756317000094, 14.296464573000037 ], [ 120.812955123000052, 14.296285647000047 ], [ 120.813193691000038, 14.296081871000069 ], [ 120.81341734800003, 14.295912885000064 ], [ 120.813631065000095, 14.29579360200006 ], [ 120.813854722000087, 14.295644497000069 ], [ 120.814058498, 14.295564974000058 ], [ 120.814242394000075, 14.295515273000035 ], [ 120.814416350000101, 14.295410899000046 ], [ 120.814595275000102, 14.295286645000033 ], [ 120.814808992000053, 14.295092809000039 ], [ 120.814958097000044, 14.294933764000064 ], [ 120.814977978000115, 14.294670346000032 ], [ 120.815017739000041, 14.294421838000062 ], [ 120.815012769000077, 14.294203151000033 ], [ 120.815017739000041, 14.294024225000044 ], [ 120.815006769000092, 14.293758838000031 ], [ 120.81495166600007, 14.293569912000066 ], [ 120.814888690000089, 14.293223547000025 ], [ 120.81463678800003, 14.29231433800004 ], [ 120.814601365000044, 14.292204131000062 ], [ 120.814581685, 14.291975845000024 ], [ 120.814601365000044, 14.291428746000065 ], [ 120.814723380000032, 14.290826543000037 ], [ 120.813906338000038, 14.29073879300006 ], [ 120.813106772000083, 14.290690335000022 ], [ 120.812282978000098, 14.290629762000037 ], [ 120.811774163000109, 14.290557074000048 ], [ 120.810956659000112, 14.290488049000032 ], [ 120.810229548000052, 14.290205750000041 ], [ 120.809753039000043, 14.289890769000067 ], [ 120.809300760000042, 14.289640400000053 ], [ 120.80890501500005, 14.289325420000068 ], [ 120.808468888000107, 14.288978134000047 ], [ 120.808119299000055, 14.288735378000069 ], [ 120.80806506700003, 14.288695459000053 ], [ 120.807725858000026, 14.288364326000021 ], [ 120.807152432000066, 14.288049346000037 ], [ 120.806579006000106, 14.287556684000037 ], [ 120.806045962000098, 14.287177092000036 ], [ 120.804511443000024, 14.286434062000069 ], [ 120.803958700000067, 14.28621792000007 ], [ 120.803830238000046, 14.286439808000068 ], [ 120.803701777000015, 14.286673375000078 ], [ 120.803573315000108, 14.286848550000059 ], [ 120.803427336000027, 14.287012046000029 ], [ 120.803339749000088, 14.287146347000032 ], [ 120.803187931000025, 14.287122990000057 ], [ 120.80298356000003, 14.287082116000022 ], [ 120.802755833000106, 14.287134669000068 ], [ 120.802504749000036, 14.287169704000064 ], [ 120.802271182000027, 14.287245613000039 ], [ 120.802131043000031, 14.287286487000074 ], [ 120.802049294000085, 14.287409109000066 ], [ 120.801932511000018, 14.287566766000054 ], [ 120.801774854000087, 14.287759459000029 ], [ 120.801628875, 14.287905438000053 ], [ 120.801447861000042, 14.287998864000031 ], [ 120.801249329000029, 14.287987186000066 ], [ 120.80114422500003, 14.287922955000056 ], [ 120.801015763, 14.287812011000028 ], [ 120.800898980000056, 14.28771858500005 ], [ 120.800776357000018, 14.28759012300003 ], [ 120.800595343000055, 14.287566766000054 ], [ 120.800000769, 14.287339849000034 ], [ 120.799414883000054, 14.287144553000076 ], [ 120.798731350000025, 14.286851610000042 ], [ 120.797706050000102, 14.286461020000047 ], [ 120.796802809000042, 14.286094841000022 ], [ 120.79580192100002, 14.285631015000035 ], [ 120.794849857000031, 14.285338072000059 ], [ 120.793873381000026, 14.284898658000031 ], [ 120.792848081000102, 14.284434832000045 ], [ 120.791554250000104, 14.283775710000043 ], [ 120.790260419000106, 14.283116589000031 ], [ 120.789114303000019, 14.282400384000027 ], [ 120.789055857000108, 14.282300191000047 ], [ 120.788943140000015, 14.282216697000024 ], [ 120.78880119900009, 14.282166600000039 ], [ 120.788630036000086, 14.282212522000066 ], [ 120.788458873000081, 14.282279317000075 ], [ 120.788304409000034, 14.282379510000055 ], [ 120.788208390000023, 14.282517276000021 ], [ 120.788124896000113, 14.282513101000063 ], [ 120.787995480000063, 14.282412908000026 ], [ 120.787924510000039, 14.282250094000062 ], [ 120.787749172000076, 14.282070582000074 ], [ 120.787615581000068, 14.282037184000046 ], [ 120.787352575000114, 14.282041359000061 ], [ 120.787281605000089, 14.282141552000041 ], [ 120.787244032000103, 14.282270968000034 ], [ 120.787218984000106, 14.282421258000056 ], [ 120.787177237000037, 14.282579897000062 ], [ 120.787118791000012, 14.282742710000036 ], [ 120.786997724000116, 14.282909699000072 ], [ 120.786868308000066, 14.283051639000064 ], [ 120.786713844000019, 14.283051639000064 ], [ 120.786563554000054, 14.283022416000051 ], [ 120.786375692000092, 14.282976494000025 ], [ 120.786225403000117, 14.282997368000053 ], [ 120.786162782000019, 14.283110085000033 ], [ 120.786192005000089, 14.283218627000053 ], [ 120.786217053000087, 14.283322995000049 ], [ 120.786262975000113, 14.283456586000057 ], [ 120.786321421000025, 14.283552604000022 ], [ 120.786429963000046, 14.283723767000026 ], [ 120.7865092830001, 14.283903280000061 ], [ 120.786530157000016, 14.284091142000023 ], [ 120.786530157000016, 14.284262305000027 ], [ 120.786446662000117, 14.28440007100005 ], [ 120.786308897000026, 14.284475215000043 ], [ 120.786150258000021, 14.284483565000073 ], [ 120.785999968000056, 14.284508613000071 ], [ 120.785891426000035, 14.284667252000077 ], [ 120.78584132900005, 14.284813367000027 ], [ 120.785891426000035, 14.284946958000035 ], [ 120.78594152200003, 14.285034627000073 ], [ 120.785983269000099, 14.285159868000051 ], [ 120.785983269000099, 14.285305983000057 ], [ 120.785954046000029, 14.285506369000075 ], [ 120.785916474000032, 14.285677532000022 ], [ 120.785979095000016, 14.285827822000044 ], [ 120.78604171500001, 14.286003160000064 ], [ 120.786146083000062, 14.286228594000022 ], [ 120.786187830000017, 14.286341311000058 ], [ 120.786150258000021, 14.28642480600007 ], [ 120.786066764000111, 14.286499950000064 ], [ 120.786037541000042, 14.286633541000072 ], [ 120.78594152200003, 14.286666939000042 ], [ 120.785812106000094, 14.286758782000049 ], [ 120.78574113600007, 14.286875674000044 ], [ 120.785620069000061, 14.286946644000068 ], [ 120.785453081000014, 14.287046838000037 ], [ 120.78552822600011, 14.287167904000057 ], [ 120.785490653000011, 14.287280621000036 ], [ 120.785411334000059, 14.287393339000062 ], [ 120.78528191800001, 14.287410037000029 ], [ 120.78506900800005, 14.287410037000029 ], [ 120.784906194000087, 14.28747265800007 ], [ 120.78474338, 14.287589550000064 ], [ 120.784580566000045, 14.287668869000072 ], [ 120.784388530000115, 14.287794111000039 ], [ 120.784242415000108, 14.287919352000074 ], [ 120.784112999000058, 14.288027895000027 ], [ 120.783954360000052, 14.288194883000074 ], [ 120.783683003000078, 14.288295076000054 ], [ 120.783503491000033, 14.288353522000023 ], [ 120.784526996000068, 14.288753013000075 ], [ 120.78526755900009, 14.288918458000069 ], [ 120.786252350000041, 14.288981485000022 ], [ 120.787111088000074, 14.289060268000071 ], [ 120.78781225900002, 14.289083903000062 ], [ 120.788426769000012, 14.289194200000054 ], [ 120.790220073000114, 14.290366101000075 ], [ 120.791212743000074, 14.291500580000047 ], [ 120.792028150000078, 14.292493250000064 ], [ 120.792370438000034, 14.294237159000033 ], [ 120.792480755000042, 14.294513399000039 ], [ 120.792608079000047, 14.294674676000056 ], [ 120.792752379000035, 14.29494629900006 ], [ 120.792973073000098, 14.295260364000058 ], [ 120.793168302000026, 14.295523499000069 ], [ 120.79338899600009, 14.295896981000055 ], [ 120.793507831000056, 14.296151628000075 ], [ 120.793511315000046, 14.296157437000033 ], [ 120.793609690000039, 14.296321392000038 ], [ 120.793728525, 14.296491156000059 ], [ 120.793813407000016, 14.296626968000055 ], [ 120.793983172000026, 14.296873127000026 ], [ 120.794127472000014, 14.297034403000055 ], [ 120.794314213, 14.297212656000056 ], [ 120.794492465000076, 14.297458814000038 ], [ 120.79470467100009, 14.297704973000066 ], [ 120.794950830000062, 14.298019038000064 ], [ 120.795137571000055, 14.298231243000032 ], [ 120.795307335000075, 14.298401008000042 ], [ 120.795477100000085, 14.298604725000075 ], [ 120.795740235000039, 14.298952743000029 ], [ 120.795893023000076, 14.299097043000074 ], [ 120.796046307000097, 14.299315324000077 ], [ 120.795956822000107, 14.299351118000061 ], [ 120.795947874000035, 14.29948981900003 ], [ 120.795934451000107, 14.29959720100004 ], [ 120.795921028000066, 14.299700109000071 ], [ 120.795836018000045, 14.29974485200006 ], [ 120.795697316000087, 14.299776172000065 ], [ 120.795585459000108, 14.299847760000034 ], [ 120.795621254000025, 14.299959616000024 ], [ 120.795670470000118, 14.300080421000075 ], [ 120.795665996000025, 14.300187803000028 ], [ 120.795513871000026, 14.300250442000049 ], [ 120.795469129000026, 14.300330979000023 ], [ 120.795352798000067, 14.300447309000049 ], [ 120.795285685000067, 14.300492052000038 ], [ 120.795200674000057, 14.300630754000053 ], [ 120.795218571000078, 14.300738136000064 ], [ 120.795200674000057, 14.300858941000058 ], [ 120.795035126000016, 14.300997642000027 ], [ 120.795358972000031, 14.301314828000045 ], [ 120.795651816000031, 14.301633136000078 ], [ 120.795957392000105, 14.301951445000043 ], [ 120.796364827000048, 14.302384345000064 ], [ 120.796772262000104, 14.302753583000026 ], [ 120.797065106000105, 14.303046426000037 ], [ 120.797421612000107, 14.303148285000077 ], [ 120.797727188000067, 14.303288341000041 ], [ 120.798058229000048, 14.303517523000039 ], [ 120.7983383400001, 14.303759438000043 ], [ 120.798682113000041, 14.304014084000073 ], [ 120.799076816000024, 14.304230534000055 ], [ 120.799375373000089, 14.304503994000072 ], [ 120.799456381000027, 14.304323566000051 ] ] ] ] } },
{ "type": "Feature", "properties": { "psgc_code": 402115011, "name": "Humbac", "corr_code": 42115011.0, "geo_level": "Bgy", "city_class": null, "inc_class": null, "urb_rur": null, "pop_2015": "R", "pop_2020": null, "status": null, "adm4_pcode": "PH0402115011", "adm4_en": "Humbac", "adm3_pcode": "PH0402115", "adm2_pcode": "PH04021", "adm1_pcode": "PH04", "adm0_pcode": "PH", "shape_len": 0.00733798412098, "shape_area": 3.119492676e-06, "shape_sqkm": 0.037236013957599998 }, "geometry": { "type": "MultiPolygon", "coordinates": [ [ [ [ 120.769723277000026, 14.317755047000048 ], [ 120.769843119000029, 14.317635205000045 ], [ 120.769858099000089, 14.317470422000042 ], [ 120.769858099000089, 14.31726069900003 ], [ 120.769768218000081, 14.317065956000022 ], [ 120.769588455000076, 14.316766351000069 ], [ 120.769513554000014, 14.31646674600006 ], [ 120.76954351400002, 14.316272003000051 ], [ 120.769357134000074, 14.315777315000048 ], [ 120.769266446000074, 14.31551582000003 ], [ 120.768990601000041, 14.315722703000063 ], [ 120.768777273000069, 14.315874419000068 ], [ 120.768652127000109, 14.315963421000049 ], [ 120.768168826000078, 14.316333952000036 ], [ 120.767870317000074, 14.316544216000068 ], [ 120.767693580000014, 14.316672262000054 ], [ 120.767411655000046, 14.316889748000051 ], [ 120.76765600400006, 14.317245719000027 ], [ 120.767880708, 14.31726069900003 ], [ 120.768060471000013, 14.317365561000031 ], [ 120.76831513500008, 14.317500383000038 ], [ 120.768764542000099, 14.317695126000046 ], [ 120.769139048000056, 14.317770027000051 ], [ 120.769453633000012, 14.317770027000051 ], [ 120.769723277000026, 14.317755047000048 ] ] ] ] } },
{ "type": "Feature", "properties": { "psgc_code": 402115012, "name": "Ibayo Estacion", "corr_code": 42115012.0, "geo_level": "Bgy", "city_class": null, "inc_class": null, "urb_rur": null, "pop_2015": "U", "pop_2020": null, "status": null, "adm4_pcode": "PH0402115012", "adm4_en": "Ibayo Estacion", "adm3_pcode": "PH0402115", "adm2_pcode": "PH04021", "adm1_pcode": "PH04", "adm0_pcode": "PH", "shape_len": 0.035555701959799998, "shape_area": 4.1754096944000001e-05, "shape_sqkm": 0.49838063699599999 }, "geometry": { "type": "MultiPolygon", "coordinates": [ [ [ [ 120.76420194800005, 14.330990346000021 ], [ 120.764207857000088, 14.330985989000055 ], [ 120.764213748000088, 14.330978738000056 ], [ 120.764220877000071, 14.330958409000061 ], [ 120.764224909000063, 14.330929426000068 ], [ 120.764245853000034, 14.330845686000032 ], [ 120.764249759000108, 14.330811176000054 ], [ 120.764249565000114, 14.330798255000047 ], [ 120.764252185000032, 14.330776745000037 ], [ 120.764255020000064, 14.330769583000063 ], [ 120.764262304000113, 14.330762423000067 ], [ 120.76427259400009, 14.330759563000072 ], [ 120.764287398000079, 14.330763864000062 ], [ 120.76429482900005, 14.330768163000073 ], [ 120.764297836000082, 14.330772461000038 ], [ 120.764318680000088, 14.33078679700003 ], [ 120.764326096000104, 14.330789665000054 ], [ 120.764339370000016, 14.330789668000023 ], [ 120.764345228000025, 14.330786802000034 ], [ 120.764371518000075, 14.330765024000073 ], [ 120.764374531000044, 14.330753354000024 ], [ 120.764380554000013, 14.330741684000031 ], [ 120.764389589000075, 14.330730015000029 ], [ 120.764395612000044, 14.330718345000037 ], [ 120.764407658000096, 14.330712511000058 ], [ 120.764416692000054, 14.330703759000073 ], [ 120.764428738000106, 14.330697924000049 ], [ 120.764440783000055, 14.330695008000077 ], [ 120.764464873000065, 14.330695009000067 ], [ 120.764476918000014, 14.330700845000024 ], [ 120.764513052000098, 14.330712518000041 ], [ 120.764525097000046, 14.330718354000055 ], [ 120.764537141, 14.330721272000062 ], [ 120.764549186000067, 14.330727108000076 ], [ 120.764576287000068, 14.330732945000022 ], [ 120.764591343, 14.330732946000069 ], [ 120.764600377000079, 14.330735864000076 ], [ 120.764672647000111, 14.330735869000023 ], [ 120.764687704000039, 14.330732953000052 ], [ 120.764711795000039, 14.330721284000049 ], [ 120.76473588500005, 14.33071545100006 ], [ 120.764759975000061, 14.330715452000049 ], [ 120.764787076000061, 14.330721289000053 ], [ 120.76479912100001, 14.330721290000042 ], [ 120.764811166000072, 14.330724209000039 ], [ 120.764838267000073, 14.330724210000028 ], [ 120.764850312000021, 14.330727129000024 ], [ 120.764886447000094, 14.330730049000067 ], [ 120.764922581000064, 14.33073588600007 ], [ 120.764886435000108, 14.330890514000032 ], [ 120.764934614000026, 14.330902188000039 ], [ 120.764937628000098, 14.330867177000073 ], [ 120.764937631000066, 14.330829249000033 ], [ 120.764949679000097, 14.330779652000047 ], [ 120.764949680000086, 14.330765064000047 ], [ 120.764967753000064, 14.330695044000038 ], [ 120.764973776000033, 14.330683374000046 ], [ 120.764976788000013, 14.330671704000054 ], [ 120.765000882000095, 14.330625025000074 ], [ 120.765003894000074, 14.330613355000025 ], [ 120.765021964000084, 14.330578345000049 ], [ 120.765030999000032, 14.330566676000046 ], [ 120.765177229000074, 14.330530700000054 ], [ 120.765227960000061, 14.330512383000041 ], [ 120.765255512000067, 14.330505342000038 ], [ 120.76531789, 14.33049408200003 ], [ 120.765431017000083, 14.330477202000054 ], [ 120.765445488000069, 14.33047298300005 ], [ 120.765470143000016, 14.330470171000059 ], [ 120.765512122000018, 14.33046033100004 ], [ 120.765561333000051, 14.330458928000041 ], [ 120.765581703000066, 14.330454712000062 ], [ 120.765610757000104, 14.330453309000063 ], [ 120.765677507000078, 14.33045893600007 ], [ 120.765758828000116, 14.330458942000064 ], [ 120.76589101400009, 14.330464586000062 ], [ 120.765911355000071, 14.330465998000022 ], [ 120.76597670000001, 14.330475853000053 ], [ 120.766001381000024, 14.330477264000024 ], [ 120.766050721000056, 14.330487111000025 ], [ 120.766117451000014, 14.330496957000037 ], [ 120.766210254000043, 14.33051523000006 ], [ 120.766239254000084, 14.330523663000065 ], [ 120.766290017000074, 14.330541933000063 ], [ 120.766395856000031, 14.330572847000042 ], [ 120.76645092800004, 14.330586894000078 ], [ 120.766501690000041, 14.330605164000076 ], [ 120.766519076, 14.330609376000041 ], [ 120.766563905000112, 14.330624803000035 ], [ 120.766612964000046, 14.330635986000061 ], [ 120.766637525000078, 14.330645797000045 ], [ 120.766676468000014, 14.330656985000076 ], [ 120.766719750000107, 14.330672380000067 ], [ 120.766765840000062, 14.33068494500003 ], [ 120.766807659000051, 14.330701734000058 ], [ 120.766850956000098, 14.330722737000031 ], [ 120.766874107000035, 14.330738160000067 ], [ 120.766920295000091, 14.330761962000054 ], [ 120.766941854000038, 14.330770835000067 ], [ 120.766978799000071, 14.330713679000041 ], [ 120.767029840000077, 14.330727866000075 ], [ 120.767060015000084, 14.330657371000029 ], [ 120.767291402000069, 14.330070247000037 ], [ 120.767359455000019, 14.32978831500003 ], [ 120.767495560000043, 14.329608462000067 ], [ 120.767733744000111, 14.329520966000075 ], [ 120.767933040000116, 14.329462635000027 ], [ 120.768093450000038, 14.329311947000065 ], [ 120.768404548000035, 14.329136955000024 ], [ 120.768701062000105, 14.328918215000044 ], [ 120.76895869000009, 14.328796692000026 ], [ 120.769157987000085, 14.32871891800005 ], [ 120.769167708000055, 14.328602256000067 ], [ 120.769119100000012, 14.328466151000043 ], [ 120.769264926, 14.32832032400006 ], [ 120.769405892, 14.328349490000051 ], [ 120.769541998000022, 14.328364072000056 ], [ 120.769673242000067, 14.328252272000043 ], [ 120.769804486000112, 14.328121027000066 ], [ 120.769867678000082, 14.327887704000034 ], [ 120.769965706000107, 14.327664103000075 ], [ 120.769949503000021, 14.327443742000071 ], [ 120.769887932000074, 14.327307637000047 ], [ 120.769900894000102, 14.327129404000061 ], [ 120.769988390000094, 14.327009502000067 ], [ 120.770098570000073, 14.326934968000046 ], [ 120.770118014000104, 14.326860435000071 ], [ 120.770127011000113, 14.326781334000032 ], [ 120.770131165000066, 14.326766419000023 ], [ 120.770118118000028, 14.326757819000022 ], [ 120.770043461000114, 14.326710038000044 ], [ 120.769940096000028, 14.326650525000048 ], [ 120.769180927000093, 14.326143603000048 ], [ 120.768165893000059, 14.325525473000027 ], [ 120.768333593000079, 14.325270309000075 ], [ 120.768419252000058, 14.325146579000034 ], [ 120.768697645000088, 14.324763491000056 ], [ 120.768871343000114, 14.324577896000051 ], [ 120.768666712000027, 14.324349472000051 ], [ 120.768836860000079, 14.32408249100007 ], [ 120.768911372000048, 14.323997818000066 ], [ 120.769040074000031, 14.323943628000052 ], [ 120.769287318000011, 14.323682837000035 ], [ 120.769277157000033, 14.323557522000044 ], [ 120.769287318000011, 14.323476236000033 ], [ 120.769324573000063, 14.323378016000049 ], [ 120.769839381000111, 14.322605804000034 ], [ 120.769910506000087, 14.322531292000065 ], [ 120.769971470000087, 14.322500810000065 ], [ 120.770032434000086, 14.322487263000028 ], [ 120.770198392000111, 14.32243307300007 ], [ 120.770205927, 14.322273420000045 ], [ 120.770024518000014, 14.322237138000048 ], [ 120.76993582800003, 14.322219317000076 ], [ 120.768533876000106, 14.322609425000053 ], [ 120.768326631000036, 14.322654125000042 ], [ 120.76821691300006, 14.322666316000038 ], [ 120.768143767000083, 14.322662252000043 ], [ 120.768062495000095, 14.32263787100004 ], [ 120.767952777000119, 14.322585043000061 ], [ 120.767838995000034, 14.322515962000068 ], [ 120.767652068000075, 14.322373735000042 ], [ 120.767591113000094, 14.322300589000065 ], [ 120.767005951000101, 14.321670726000036 ], [ 120.766794642000036, 14.321439100000077 ], [ 120.766502060000107, 14.321130264000033 ], [ 120.766298879000033, 14.320910827000034 ], [ 120.766063188000089, 14.320646691000036 ], [ 120.765851879000024, 14.320402874000024 ], [ 120.765781405000098, 14.320313054000053 ], [ 120.765708573000097, 14.320361608000042 ], [ 120.765513830000032, 14.320466470000042 ], [ 120.765289127000074, 14.320586312000046 ], [ 120.765049443000066, 14.32070615400005 ], [ 120.764809759000059, 14.320870936000063 ], [ 120.764585056000101, 14.321035719000065 ], [ 120.76451015400005, 14.321305363000022 ], [ 120.764420273000042, 14.321604968000031 ], [ 120.764165609000088, 14.321754770000041 ], [ 120.763656281000067, 14.321814691000043 ], [ 120.763678225000035, 14.322231991000024 ], [ 120.763834958000075, 14.322340082000039 ], [ 120.763937583000029, 14.322383693000063 ], [ 120.764022805000081, 14.322390421000023 ], [ 120.76409569100008, 14.322431910000034 ], [ 120.764147272000059, 14.322440881000034 ], [ 120.764164654000069, 14.322425662000057 ], [ 120.764330991000065, 14.322502433000068 ], [ 120.764403497000103, 14.322542951000059 ], [ 120.764401364000037, 14.322611192000068 ], [ 120.764375774000086, 14.322715685000048 ], [ 120.764320328000053, 14.322798853000052 ], [ 120.764248466000026, 14.322908897000048 ], [ 120.764213279000046, 14.323485854000069 ], [ 120.764483508000012, 14.323658800000032 ], [ 120.764851253000074, 14.323877312000036 ], [ 120.765207722000014, 14.32416683100007 ], [ 120.765510378000045, 14.324301946000048 ], [ 120.765732415000116, 14.32449742600005 ], [ 120.765478656000028, 14.324848784000039 ], [ 120.765231404000019, 14.325213155000029 ], [ 120.764144798000075, 14.326690160000055 ], [ 120.764118771000085, 14.326781252000046 ], [ 120.764125278000051, 14.32687885200005 ], [ 120.764131784000028, 14.327243223000039 ], [ 120.764125278000051, 14.327503488000048 ], [ 120.764112265000108, 14.327672660000076 ], [ 120.764079731000038, 14.327945939000074 ], [ 120.763982132000024, 14.328765774000033 ], [ 120.763956106000023, 14.32886988000007 ], [ 120.76394093600004, 14.328907677000075 ], [ 120.76391706600009, 14.328928439000038 ], [ 120.763900518000014, 14.328938340000036 ], [ 120.763946407000049, 14.330723222000074 ], [ 120.76394757300011, 14.330723461000048 ], [ 120.763966868000011, 14.330732086000069 ], [ 120.763984654000069, 14.330736407000074 ], [ 120.763993532000086, 14.330736416000036 ], [ 120.764002386000016, 14.33073355700003 ], [ 120.764015639000036, 14.330726404000075 ], [ 120.764028858000074, 14.330716394000035 ], [ 120.764045029000044, 14.330707828000072 ], [ 120.764050920000045, 14.330706406000047 ], [ 120.764077476000011, 14.330706442000064 ], [ 120.764149780000025, 14.330715114000043 ], [ 120.764163066000037, 14.33071798900005 ], [ 120.764171952000083, 14.330722288000061 ], [ 120.764177913000026, 14.330728014000044 ], [ 120.764198921000116, 14.330758088000039 ], [ 120.764207816000066, 14.330762391000064 ], [ 120.764212293000014, 14.330766692000054 ], [ 120.764216891000046, 14.33077959600007 ], [ 120.764215698000044, 14.330799684000056 ], [ 120.764210218000017, 14.330829867000034 ], [ 120.764210436000099, 14.330845700000054 ], [ 120.764207660000011, 14.330858668000076 ], [ 120.764207779000117, 14.33086731800006 ], [ 120.764198014000044, 14.330910653000046 ], [ 120.764192322000099, 14.330928025000048 ], [ 120.76419097500002, 14.330938166000067 ], [ 120.764191165000057, 14.330952661000026 ], [ 120.764188538000099, 14.330978790000074 ], [ 120.764194532000033, 14.330990362000023 ], [ 120.76420194800005, 14.330990346000021 ] ] ] ] } },
{ "type": "Feature", "properties": { "psgc_code": 402115013, "name": "Ibayo Silangan", "corr_code": 42115013.000000007, "geo_level": "Bgy", "city_class": null, "inc_class": null, "urb_rur": null, "pop_2015": "U", "pop_2020": null, "status": null, "adm4_pcode": "PH0402115013", "adm4_en": "Ibayo Silangan", "adm3_pcode": "PH0402115", "adm2_pcode": "PH04021", "adm1_pcode": "PH04", "adm0_pcode": "PH", "shape_len": 0.054119030067499997, "shape_area": 8.4008270247000003e-05, "shape_sqkm": 1.0027426631 }, "geometry": { "type": "MultiPolygon", "coordinates": [ [ [ [ 120.775465510000117, 14.328197744000022 ], [ 120.776195426000072, 14.327333183000064 ], [ 120.776431904000106, 14.327182363000077 ], [ 120.776871069000094, 14.326535566000075 ], [ 120.777190502000053, 14.326617927000029 ], [ 120.777435196000056, 14.326781056000073 ], [ 120.77769348400011, 14.326957779000054 ], [ 120.778191136000032, 14.327241472000026 ], [ 120.778155138000102, 14.327153478000071 ], [ 120.778115140000068, 14.327089482000076 ], [ 120.778083143000117, 14.326981489000048 ], [ 120.778183136000052, 14.326937491000024 ], [ 120.778275130000111, 14.32694549100006 ], [ 120.778359125000065, 14.326889495000046 ], [ 120.778327127000011, 14.326789501000064 ], [ 120.77841512100008, 14.32673750400005 ], [ 120.778507115000025, 14.326681508000036 ], [ 120.778575111, 14.326549516000057 ], [ 120.778599109000083, 14.326445523000075 ], [ 120.778759099000013, 14.326441523000028 ], [ 120.778863092000051, 14.326449523000065 ], [ 120.778896867000071, 14.326367499000071 ], [ 120.778947087, 14.326245536000044 ], [ 120.77897108600007, 14.326097545000039 ], [ 120.778903090000085, 14.325985553000066 ], [ 120.778847093000081, 14.325893558000075 ], [ 120.778787097000077, 14.325793565000026 ], [ 120.778835094000101, 14.325649574000067 ], [ 120.778947087, 14.325521582000022 ], [ 120.779103077000059, 14.325429588000077 ], [ 120.779171073000043, 14.325357593000035 ], [ 120.779223069000068, 14.325213602000076 ], [ 120.779274116000011, 14.325111509000067 ], [ 120.779291065000052, 14.32507761100004 ], [ 120.77937506, 14.324921621000044 ], [ 120.779459054000085, 14.324825627000052 ], [ 120.779467054000065, 14.324697635000064 ], [ 120.77937506, 14.324625640000022 ], [ 120.779251068, 14.324597642000072 ], [ 120.779207070000098, 14.32451764700005 ], [ 120.779275066000082, 14.324381656000071 ], [ 120.779363060000037, 14.324261663000073 ], [ 120.779387059000101, 14.324141671000064 ], [ 120.779383059000111, 14.324013679000075 ], [ 120.779367060000027, 14.323885687000029 ], [ 120.77937506, 14.32375369600004 ], [ 120.779379059, 14.323593706000054 ], [ 120.779383059000111, 14.323385719000044 ], [ 120.779383059000111, 14.323245728000074 ], [ 120.779343062000066, 14.323097738000058 ], [ 120.779315063000013, 14.322977746000049 ], [ 120.779199071000107, 14.322893751000038 ], [ 120.779055080000035, 14.322885752000047 ], [ 120.778923089000045, 14.322885752000047 ], [ 120.778871092000031, 14.322725762000061 ], [ 120.778839094000091, 14.322533774000021 ], [ 120.778807096000037, 14.322429781000039 ], [ 120.778779098000086, 14.322269791000053 ], [ 120.778627108000023, 14.322257792000073 ], [ 120.778363125000055, 14.322445780000066 ], [ 120.778183136000052, 14.32265376600003 ], [ 120.778011147000029, 14.32284975400006 ], [ 120.777839158, 14.322977746000049 ], [ 120.777751164000051, 14.32298174500005 ], [ 120.777382418000116, 14.322513040000047 ], [ 120.776892854000039, 14.322586416000036 ], [ 120.776033959000074, 14.322615046000067 ], [ 120.775031915000113, 14.322428952000053 ], [ 120.773890355000049, 14.322377414000073 ], [ 120.773228846000052, 14.322563993000074 ], [ 120.773016824000024, 14.322402856000053 ], [ 120.772584299000073, 14.322322288000066 ], [ 120.772681829000021, 14.321796473000063 ], [ 120.772769818000029, 14.321343667000065 ], [ 120.772786755000084, 14.320757411000045 ], [ 120.772786755000084, 14.320562505000055 ], [ 120.772911586000077, 14.319298316000072 ], [ 120.772969967000108, 14.318695304000073 ], [ 120.772958223000046, 14.31836938500004 ], [ 120.772853280000049, 14.318363861000023 ], [ 120.77276490700001, 14.318352815000026 ], [ 120.772615777000055, 14.318314151000038 ], [ 120.772510834000059, 14.318247872000029 ], [ 120.772356181000077, 14.318159498000057 ], [ 120.772129724000024, 14.318159498000057 ], [ 120.771925361000058, 14.318120835000059 ], [ 120.771698905000108, 14.318049032000033 ], [ 120.77157739200004, 14.317993799000021 ], [ 120.77145035500007, 14.317910949000066 ], [ 120.771395122000058, 14.317761819000054 ], [ 120.771406169000102, 14.317629259000057 ], [ 120.771428262000086, 14.317336523000051 ], [ 120.771466925000027, 14.316994076000071 ], [ 120.771516635000012, 14.316557734000071 ], [ 120.771522158000039, 14.316137961000038 ], [ 120.771511112000098, 14.315922551000028 ], [ 120.771505588000082, 14.315740281000046 ], [ 120.771494542000028, 14.315591152000025 ], [ 120.771406169000102, 14.31541992800004 ], [ 120.771290179000061, 14.315331555000057 ], [ 120.771141049000107, 14.31532603200003 ], [ 120.771014012000023, 14.31541440500007 ], [ 120.77089249900007, 14.315491732000055 ], [ 120.770743369000115, 14.315629815000023 ], [ 120.77051723000011, 14.315732715000024 ], [ 120.770262566000042, 14.315837576000035 ], [ 120.769873080000025, 14.316032319000044 ], [ 120.769693317000019, 14.316137181000045 ], [ 120.76954351400002, 14.316272003000051 ], [ 120.769513554000014, 14.31646674600006 ], [ 120.769588455000076, 14.316766351000069 ], [ 120.769768218000081, 14.317065956000022 ], [ 120.769858099000089, 14.31726069900003 ], [ 120.769858099000089, 14.317470422000042 ], [ 120.769843119000029, 14.317635205000045 ], [ 120.769723277000026, 14.317755047000048 ], [ 120.769453633000012, 14.317770027000051 ], [ 120.769139048000056, 14.317770027000051 ], [ 120.768764542000099, 14.317695126000046 ], [ 120.76831513500008, 14.317500383000038 ], [ 120.768060471000013, 14.317365561000031 ], [ 120.767880708, 14.31726069900003 ], [ 120.76765600400006, 14.317245719000027 ], [ 120.767491222000103, 14.317275679000034 ], [ 120.76735640000004, 14.317395521000037 ], [ 120.767326439000044, 14.317545323000047 ], [ 120.767326439000044, 14.31771010600005 ], [ 120.767386360000046, 14.317889869000055 ], [ 120.767446281000048, 14.318144533000066 ], [ 120.76750620200005, 14.318324296000071 ], [ 120.767476241000054, 14.318548999000029 ], [ 120.767311459000098, 14.318713782000032 ], [ 120.76726640000004, 14.318744365000043 ], [ 120.767116716000032, 14.318848604000038 ], [ 120.766892012000085, 14.318983426000045 ], [ 120.766697269000019, 14.319148209000048 ], [ 120.766502526000068, 14.319298011000058 ], [ 120.766292803000056, 14.319477774000063 ], [ 120.766143, 14.319687498000064 ], [ 120.766038139000102, 14.320002083000077 ], [ 120.765888336000103, 14.320241766000038 ], [ 120.765781405000098, 14.320313054000053 ], [ 120.765851879000024, 14.320402874000024 ], [ 120.766063188000089, 14.320646691000036 ], [ 120.766298879000033, 14.320910827000034 ], [ 120.766502060000107, 14.321130264000033 ], [ 120.766794642000036, 14.321439100000077 ], [ 120.767005951000101, 14.321670726000036 ], [ 120.767591113000094, 14.322300589000065 ], [ 120.767652068000075, 14.322373735000042 ], [ 120.767838995000034, 14.322515962000068 ], [ 120.767952777000119, 14.322585043000061 ], [ 120.768062495000095, 14.32263787100004 ], [ 120.768143767000083, 14.322662252000043 ], [ 120.76821691300006, 14.322666316000038 ], [ 120.768326631000036, 14.322654125000042 ], [ 120.768533876000106, 14.322609425000053 ], [ 120.76993582800003, 14.322219317000076 ], [ 120.770024518000014, 14.322237138000048 ], [ 120.770205927, 14.322273420000045 ], [ 120.770198392000111, 14.32243307300007 ], [ 120.770032434000086, 14.322487263000028 ], [ 120.769971470000087, 14.322500810000065 ], [ 120.769910506000087, 14.322531292000065 ], [ 120.769839381000111, 14.322605804000034 ], [ 120.769324573000063, 14.323378016000049 ], [ 120.769287318000011, 14.323476236000033 ], [ 120.769277157000033, 14.323557522000044 ], [ 120.769287318000011, 14.323682837000035 ], [ 120.769040074000031, 14.323943628000052 ], [ 120.768911372000048, 14.323997818000066 ], [ 120.768836860000079, 14.32408249100007 ], [ 120.768666712000027, 14.324349472000051 ], [ 120.768871343000114, 14.324577896000051 ], [ 120.768697645000088, 14.324763491000056 ], [ 120.768419252000058, 14.325146579000034 ], [ 120.768333593000079, 14.325270309000075 ], [ 120.768165893000059, 14.325525473000027 ], [ 120.769180927000093, 14.326143603000048 ], [ 120.769940096000028, 14.326650525000048 ], [ 120.770043461000114, 14.326710038000044 ], [ 120.770118118000028, 14.326757819000022 ], [ 120.770131165000066, 14.326766419000023 ], [ 120.770209471000044, 14.326829064000037 ], [ 120.770242797000037, 14.326847435000047 ], [ 120.770503122000036, 14.327004471000066 ], [ 120.771151501000077, 14.327394439000045 ], [ 120.771668325000064, 14.327695136000045 ], [ 120.771945530000039, 14.327864279000039 ], [ 120.772142863000113, 14.32798643700005 ], [ 120.772654989000102, 14.328310627000064 ], [ 120.772913401000096, 14.328460975000041 ], [ 120.773096639000073, 14.328573737000056 ], [ 120.773237591000111, 14.328672403000041 ], [ 120.77336914600005, 14.328756975000033 ], [ 120.773500701000103, 14.328818054000067 ], [ 120.773627558000044, 14.328902625000069 ], [ 120.773834288000103, 14.329052974000035 ], [ 120.773951748000059, 14.329128148000052 ], [ 120.774149080000029, 14.329217418000042 ], [ 120.774228953000033, 14.329301989000044 ], [ 120.774510857000109, 14.329471132000037 ], [ 120.774684698000101, 14.329593290000048 ], [ 120.775465510000117, 14.328197744000022 ] ] ] ] } },
{ "type": "Feature", "properties": { "psgc_code": 402115014, "name": "Kanluran", "corr_code": 42115014.0, "geo_level": "Bgy", "city_class": null, "inc_class": null, "urb_rur": null, "pop_2015": "R", "pop_2020": null, "status": null, "adm4_pcode": "PH0402115014", "adm4_en": "Kanluran", "adm3_pcode": "PH0402115", "adm2_pcode": "PH04021", "adm1_pcode": "PH04", "adm0_pcode": "PH", "shape_len": 0.013312387916700001, "shape_area": 8.996180444e-06, "shape_sqkm": 0.107383420501 }, "geometry": { "type": "MultiPolygon", "coordinates": [ [ [ [ 120.764459959000078, 14.318708101000027 ], [ 120.765132085000118, 14.317501929000059 ], [ 120.765655661000096, 14.316575602000057 ], [ 120.765873147000093, 14.316188961000023 ], [ 120.766033515000117, 14.316025026000034 ], [ 120.766196809, 14.315921776000039 ], [ 120.765952749, 14.315786187000072 ], [ 120.765676148000011, 14.315699410000036 ], [ 120.765432088000011, 14.315634328000044 ], [ 120.765269381000053, 14.315525857000068 ], [ 120.765188028000011, 14.315368574000047 ], [ 120.765160910000077, 14.315232985000023 ], [ 120.765133793000018, 14.315075702000058 ], [ 120.76513921600008, 14.314799101000062 ], [ 120.76513921600008, 14.314587582000058 ], [ 120.765009051000106, 14.314441146000036 ], [ 120.76480295600004, 14.314386911000042 ], [ 120.764678214000014, 14.314473688000078 ], [ 120.764613132000022, 14.314674359000037 ], [ 120.764515508000045, 14.314761136000072 ], [ 120.764385343000072, 14.314880454000047 ], [ 120.764222636000113, 14.31502689000007 ], [ 120.764032812000096, 14.31517874900004 ], [ 120.763848411000026, 14.315357727000048 ], [ 120.763656281000067, 14.315597893000074 ], [ 120.763461538000115, 14.31576267500003 ], [ 120.763221854000108, 14.31606228000004 ], [ 120.762997150000047, 14.316391845000055 ], [ 120.762847348000037, 14.316721410000071 ], [ 120.762757467000029, 14.317050976000075 ], [ 120.762757467000029, 14.317380541000034 ], [ 120.762802407000095, 14.317740067000045 ], [ 120.762772447000089, 14.318144533000066 ], [ 120.762757467000029, 14.318459118000021 ], [ 120.762607664000029, 14.318968446000042 ], [ 120.762896431000058, 14.31891127800003 ], [ 120.763234114000056, 14.318874912000069 ], [ 120.763612819000059, 14.318935903000067 ], [ 120.764153282000052, 14.319224421000058 ], [ 120.764459959000078, 14.318708101000027 ] ] ] ] } },
{ "type": "Feature", "properties": { "psgc_code": 402115015, "name": "Labac", "corr_code": 42115015.0, "geo_level": "Bgy", "city_class": null, "inc_class": null, "urb_rur": null, "pop_2015": "U", "pop_2020": null, "status": null, "adm4_pcode": "PH0402115015", "adm4_en": "Labac", "adm3_pcode": "PH0402115", "adm2_pcode": "PH04021", "adm1_pcode": "PH04", "adm0_pcode": "PH", "shape_len": 0.090426389028100004, "shape_area": 0.00028041616818800001, "shape_sqkm": 3.3473183242700002 }, "geometry": { "type": "MultiPolygon", "coordinates": [ [ [ [ 120.755456082000023, 14.31863529900005 ], [ 120.755635996000024, 14.318442534000042 ], [ 120.755700250000018, 14.318294748000028 ], [ 120.755725952000034, 14.318134111000063 ], [ 120.75580948400011, 14.317967048000071 ], [ 120.755880164000018, 14.317787134000071 ], [ 120.755963695000105, 14.317690752000033 ], [ 120.756034376000116, 14.317620071000022 ], [ 120.756092205000073, 14.317491562000043 ], [ 120.756085780000035, 14.317324499000051 ], [ 120.756079354, 14.31725381900003 ], [ 120.756124333000116, 14.317208840000035 ], [ 120.756207864000089, 14.317125309000062 ], [ 120.756246417000057, 14.317061054000021 ], [ 120.756239991000029, 14.316983948000029 ], [ 120.756182162000073, 14.316913268000064 ], [ 120.7560986310001, 14.316791184000067 ], [ 120.756034376000116, 14.316643397000064 ], [ 120.756027950000089, 14.316527739000037 ], [ 120.75604080100004, 14.31640565400005 ], [ 120.756111482000051, 14.316347825000037 ], [ 120.75613075800004, 14.316283570000053 ], [ 120.756114230000094, 14.316143007000051 ], [ 120.755968569000061, 14.316059773000063 ], [ 120.755860364000114, 14.316055611000024 ], [ 120.755797938000114, 14.31598486200005 ], [ 120.755752159000053, 14.315893304000042 ], [ 120.755693895000036, 14.315822554000022 ], [ 120.755614822000098, 14.315751805000048 ], [ 120.755519102000108, 14.315672732000053 ], [ 120.75544835300002, 14.315589497000076 ], [ 120.755435868000063, 14.315497939000068 ], [ 120.75546083800009, 14.315414704000034 ], [ 120.755560720000062, 14.315360602000055 ], [ 120.755639792000011, 14.315310661000069 ], [ 120.755706380000106, 14.315252397000052 ], [ 120.755747997000071, 14.315102575000026 ], [ 120.755747997000071, 14.314965237000024 ], [ 120.755781291000062, 14.314877841000055 ], [ 120.755797938000114, 14.314790445000028 ], [ 120.755739674000097, 14.314715534000072 ], [ 120.755689733000054, 14.314636461000077 ], [ 120.75571470400007, 14.314536579000048 ], [ 120.755768806000106, 14.31442005100007 ], [ 120.755793776000019, 14.31434930100005 ], [ 120.755843717000062, 14.314257743000042 ], [ 120.755781291000062, 14.314174508000065 ], [ 120.755723027000045, 14.314095436000059 ], [ 120.755677248000097, 14.314012201000025 ], [ 120.75560649900001, 14.313933128000031 ], [ 120.755564881000055, 14.31387486400007 ], [ 120.755489970000099, 14.313808276000032 ], [ 120.755402574000072, 14.313700071000028 ], [ 120.755319339000039, 14.313637645000028 ], [ 120.755281884000055, 14.313575219000029 ], [ 120.755277722000073, 14.313491985000041 ], [ 120.75529020700003, 14.313408750000065 ], [ 120.755319339000039, 14.313350486000047 ], [ 120.755410897000047, 14.31329222100004 ], [ 120.755519102000108, 14.313308868000036 ], [ 120.755585690000089, 14.313296383000022 ], [ 120.755631469000036, 14.313242281000043 ], [ 120.755673086000115, 14.313109105000024 ], [ 120.75560649900001, 14.31307165000004 ], [ 120.755510779000019, 14.313042518000032 ], [ 120.755415059000029, 14.313030032000029 ], [ 120.755377603000056, 14.312955121000073 ], [ 120.755415059000029, 14.312876048000021 ], [ 120.755548234000116, 14.312801137000065 ], [ 120.755639792000011, 14.312788652000052 ], [ 120.755710542000088, 14.312788652000052 ], [ 120.755810423000071, 14.312805299000047 ], [ 120.755926952000095, 14.312826108000024 ], [ 120.756006025000033, 14.312821946000042 ], [ 120.756060127000069, 14.312709579000057 ], [ 120.756076774, 14.31258888900004 ], [ 120.75609342100006, 14.312489007000067 ], [ 120.756155847000059, 14.312434905000032 ], [ 120.756214111000077, 14.312322538000046 ], [ 120.756222435000041, 14.312251789000072 ], [ 120.756239082000093, 14.31213942200003 ], [ 120.756276537000076, 14.312068672000066 ], [ 120.75634728700004, 14.312010408000049 ], [ 120.756376419000048, 14.311943821000057 ], [ 120.756301508000092, 14.311852262000059 ], [ 120.756239082000093, 14.311710764000054 ], [ 120.75628486100004, 14.311581750000073 ], [ 120.756326478, 14.311515162000035 ], [ 120.756397228000083, 14.311490192000065 ], [ 120.756513756000118, 14.311527647000048 ], [ 120.756671902000107, 14.311635852000052 ], [ 120.756767622000098, 14.311660823000068 ], [ 120.75685501800001, 14.31166498500005 ], [ 120.756967385000053, 14.311623367000038 ], [ 120.757096398000044, 14.311581750000073 ], [ 120.757187956000053, 14.311486030000026 ], [ 120.757283676000043, 14.311419442000044 ], [ 120.757358587000112, 14.311323723000044 ], [ 120.757437660000051, 14.311252973000023 ], [ 120.757525057000066, 14.311190547000024 ], [ 120.757591644000058, 14.311115636000068 ], [ 120.757608291000111, 14.311028240000041 ], [ 120.757616615000074, 14.310953328000039 ], [ 120.757674879000092, 14.31089090200004 ], [ 120.757812216000048, 14.310811830000034 ], [ 120.757941230000029, 14.310732757000039 ], [ 120.758028626000055, 14.310649522000062 ], [ 120.757970362000037, 14.310520508000025 ], [ 120.757899613000063, 14.310458082000025 ], [ 120.757878804000029, 14.310391495000033 ], [ 120.7572537100001, 14.310229702000072 ], [ 120.756712337000067, 14.310038629000076 ], [ 120.756404498000052, 14.309943093000072 ], [ 120.75590558500005, 14.309762635000027 ], [ 120.755385443000023, 14.309571563000077 ], [ 120.754578691, 14.309433566000052 ], [ 120.754047933000038, 14.309263723000072 ], [ 120.753665787000045, 14.309157571000071 ], [ 120.75338979300011, 14.309093881000024 ], [ 120.752954572000021, 14.308892193000077 ], [ 120.752481103000036, 14.30880383300007 ], [ 120.75216285800002, 14.308727658000066 ], [ 120.751653331000057, 14.308568430000037 ], [ 120.750968653000086, 14.308441048000077 ], [ 120.750427280000054, 14.30831366700005 ], [ 120.750124748000076, 14.308218130000057 ], [ 120.749517065000077, 14.308062276000044 ], [ 120.74955900100008, 14.307740771000056 ], [ 120.74972674300011, 14.307461201000024 ], [ 120.750174054000013, 14.307069803000047 ], [ 120.750243946000069, 14.306846148000034 ], [ 120.750160076000043, 14.306524643000046 ], [ 120.750118140000041, 14.306300987000043 ], [ 120.750118140000041, 14.305951525000069 ], [ 120.750188033000086, 14.305657977000067 ], [ 120.750285882000071, 14.305420342000048 ], [ 120.750229968000099, 14.304959053000061 ], [ 120.750146097000084, 14.304651526000043 ], [ 120.750160076000043, 14.30442787000004 ], [ 120.750257925000028, 14.304120344000069 ], [ 120.750481581000031, 14.303700989000049 ], [ 120.751012763000062, 14.303770881000048 ], [ 120.751460074000079, 14.303742925000051 ], [ 120.751781580000056, 14.303519269000049 ], [ 120.751021737000087, 14.303009116000055 ], [ 120.750199688000066, 14.302512063000052 ], [ 120.749511461000111, 14.302091480000058 ], [ 120.748479121000059, 14.301556192000078 ], [ 120.747657072000038, 14.301001788000065 ], [ 120.747007080000117, 14.300485617000049 ], [ 120.746433558000035, 14.300065034000056 ], [ 120.745879153000033, 14.29968268600004 ], [ 120.745133574000079, 14.299185634000025 ], [ 120.744330643000012, 14.298822403000031 ], [ 120.743757121000044, 14.298287115000051 ], [ 120.742812402000027, 14.298759740000037 ], [ 120.741837414000088, 14.299333263000051 ], [ 120.740690370000038, 14.300136194000061 ], [ 120.738969803000032, 14.301799408000022 ], [ 120.737966139000036, 14.302631016000078 ], [ 120.736847770000054, 14.304036145000055 ], [ 120.734209568000097, 14.30630155800003 ], [ 120.73294781900006, 14.308222858000022 ], [ 120.731972831, 14.310115482000072 ], [ 120.731686070000023, 14.311778696000033 ], [ 120.731514013000037, 14.313384559000042 ], [ 120.73185812600002, 14.314674984000021 ], [ 120.731921691000025, 14.315684324000074 ], [ 120.73164354000005, 14.315508840000064 ], [ 120.731641098000068, 14.315506467000034 ], [ 120.731458085000099, 14.315334619000055 ], [ 120.731441751000034, 14.31549583900005 ], [ 120.731455439000115, 14.31551408200005 ], [ 120.731464384000105, 14.315522752000049 ], [ 120.731473328000106, 14.31553720200003 ], [ 120.73150016000011, 14.315571882000029 ], [ 120.731518050000091, 14.315589222000028 ], [ 120.731524012000023, 14.315600782000047 ], [ 120.731532957000013, 14.315606563000074 ], [ 120.731562773000064, 14.315635464000025 ], [ 120.731571717000065, 14.315647024000043 ], [ 120.731583644000011, 14.315655695000032 ], [ 120.731589606000057, 14.315667254000061 ], [ 120.731626425000059, 14.315693358000033 ], [ 120.731671148000032, 14.315736709000078 ], [ 120.731692020000082, 14.315754050000066 ], [ 120.731703947000028, 14.315759831000037 ], [ 120.731722648000073, 14.31577313400004 ], [ 120.73210593400006, 14.31600127300004 ], [ 120.732134949000056, 14.316044907000048 ], [ 120.732144330000096, 14.316054 ], [ 120.732163090000086, 14.316090372000076 ], [ 120.732172471000013, 14.316102496000042 ], [ 120.732191231000115, 14.316135837000047 ], [ 120.732203733, 14.316184329000066 ], [ 120.732203731000027, 14.316196452000042 ], [ 120.732209981000096, 14.316223729000058 ], [ 120.732209979000118, 14.316235852000034 ], [ 120.732216230000063, 14.316260098000043 ], [ 120.732225612000093, 14.316266161000044 ], [ 120.732275654000091, 14.316278293000039 ], [ 120.732316315000048, 14.316278300000022 ], [ 120.732341337000094, 14.316284366000048 ], [ 120.732356976, 14.316284369000073 ], [ 120.732369486000039, 14.316290432000073 ], [ 120.732381996000072, 14.316293465000058 ], [ 120.732394507000095, 14.316293467000037 ], [ 120.732435167000062, 14.316302567000037 ], [ 120.732482084000026, 14.316302575000066 ], [ 120.732503979000057, 14.316296518000058 ], [ 120.732544640000015, 14.316296525000041 ], [ 120.732657236000023, 14.316323821000026 ], [ 120.732669746000056, 14.316329885000073 ], [ 120.732676, 14.316335947000027 ], [ 120.732695797000019, 14.316344087000061 ], [ 120.732712155000058, 14.316354658000023 ], [ 120.732733966000069, 14.316365230000031 ], [ 120.732819395000092, 14.316391668000051 ], [ 120.732930276000047, 14.316405781000071 ], [ 120.73297208300005, 14.316416358000026 ], [ 120.73298662500008, 14.316418122000073 ], [ 120.73305751800001, 14.316418136000038 ], [ 120.733186577000083, 14.316432253000073 ], [ 120.733333815000037, 14.316439329000048 ], [ 120.73336835300006, 14.31643933600003 ], [ 120.733411980000028, 14.316435822000074 ], [ 120.733482873000071, 14.316435836000039 ], [ 120.733502869000063, 14.316434079000032 ], [ 120.733752364000111, 14.316435679000051 ], [ 120.733765562000031, 14.316433855000071 ], [ 120.733784416000049, 14.316433859000028 ], [ 120.733790073000023, 14.316432033000069 ], [ 120.733822124000085, 14.316432039000063 ], [ 120.73382966600002, 14.316430214000036 ], [ 120.733842864000053, 14.316430217000061 ], [ 120.733867375000045, 14.316422914000043 ], [ 120.733874917000094, 14.316419262000068 ], [ 120.733888117000106, 14.31641195800006 ], [ 120.733920173000115, 14.316390042000023 ], [ 120.733946571000047, 14.316375433000076 ], [ 120.733976740000116, 14.316364478000025 ], [ 120.734001252000098, 14.316353522000043 ], [ 120.734046504000048, 14.316342570000074 ], [ 120.73413323300008, 14.316335281000022 ], [ 120.734225617000106, 14.316335299000059 ], [ 120.734238815000026, 14.316333475000022 ], [ 120.734280294000087, 14.316333483000051 ], [ 120.734308575000114, 14.316331662000039 ], [ 120.734329315000082, 14.316328013000032 ], [ 120.734342513000115, 14.316328015000067 ], [ 120.734374565000053, 14.316324368000039 ], [ 120.734389649000036, 14.316320718000043 ], [ 120.734397191000085, 14.316320719000032 ], [ 120.734412275000068, 14.316317068000046 ], [ 120.734440556000095, 14.316313420000029 ], [ 120.734504663000052, 14.316298819000053 ], [ 120.734514091000051, 14.316295167000021 ], [ 120.734544259000018, 14.316287866000039 ], [ 120.734572541000034, 14.316284218000021 ], [ 120.734619676000079, 14.31628422700004 ], [ 120.73466304100009, 14.316278755000042 ], [ 120.734693730000117, 14.316282809000029 ], [ 120.73470993300009, 14.316282812000054 ], [ 120.734726136000063, 14.316281071000049 ], [ 120.734754942000109, 14.316274099000054 ], [ 120.73480715200003, 14.316265388000033 ], [ 120.734870162000107, 14.316263656000046 ], [ 120.734884565000016, 14.316261914000052 ], [ 120.734913371000061, 14.316254942000057 ], [ 120.73496918, 14.316254953000055 ], [ 120.734987183000044, 14.316253212000049 ], [ 120.735032192000062, 14.316244499000049 ], [ 120.735039394000069, 14.316241012000035 ], [ 120.735048396000025, 14.31623926900005 ], [ 120.735060999000098, 14.316234039000051 ], [ 120.735071802000107, 14.316227063000042 ], [ 120.735103206000076, 14.316216418000067 ], [ 120.735107726000024, 14.316213137000034 ], [ 120.735116762000075, 14.316212048000068 ], [ 120.73513144900005, 14.316205489000026 ], [ 120.735166464000031, 14.316201130000024 ], [ 120.735199218000048, 14.316201148000061 ], [ 120.735204867000107, 14.316198962000044 ], [ 120.73525117500003, 14.316197892000048 ], [ 120.735277157000041, 14.31619024500003 ], [ 120.735291845, 14.316181498000049 ], [ 120.735308789000101, 14.316178224000055 ], [ 120.735314436000067, 14.316178227000023 ], [ 120.735321211000041, 14.31618151400005 ], [ 120.735334762000093, 14.316184804000045 ], [ 120.73535396300008, 14.316184814000053 ], [ 120.735390109000036, 14.316179362000071 ], [ 120.735438684000087, 14.316165160000025 ], [ 120.735509855000032, 14.316136744000062 ], [ 120.735538095000038, 14.316130193000049 ], [ 120.735582149000038, 14.316121461000023 ], [ 120.735605868000107, 14.31612037900004 ], [ 120.735662345000037, 14.316112749000069 ], [ 120.73571882400006, 14.31610183500004 ], [ 120.735780949000059, 14.316093113000022 ], [ 120.735801283000114, 14.316087652000022 ], [ 120.73584194700004, 14.316080013000033 ], [ 120.735857763000013, 14.316074549000064 ], [ 120.735891658000014, 14.316054868000037 ], [ 120.735905214000013, 14.316049403000022 ], [ 120.735947010000018, 14.316038482000067 ], [ 120.736003488000051, 14.316029756000034 ], [ 120.736063352000087, 14.316025411000055 ], [ 120.736109664000082, 14.316017774000045 ], [ 120.736152593000043, 14.316001381000035 ], [ 120.736172929000077, 14.315991543000052 ], [ 120.736189877000015, 14.315980608000075 ], [ 120.736214739000047, 14.315956544000073 ], [ 120.736245246000067, 14.315935767000042 ], [ 120.736261063000029, 14.315928115000077 ], [ 120.736280266000108, 14.315923747000056 ], [ 120.736300597000081, 14.315922664000027 ], [ 120.736310763, 14.315920480000045 ], [ 120.73632770800009, 14.315916112000025 ], [ 120.736346913000034, 14.315908461000049 ], [ 120.73638419100007, 14.315898631000039 ], [ 120.736420377000059, 14.315899745000024 ], [ 120.736444099000096, 14.315892097000074 ], [ 120.736472344000049, 14.315876790000061 ], [ 120.736485899000058, 14.315874609000048 ], [ 120.736506229000042, 14.315874619000056 ], [ 120.736529949000101, 14.315872443000046 ], [ 120.736564955000063, 14.315864826000052 ], [ 120.736622487000091, 14.315845242000023 ], [ 120.736655160000055, 14.315832197000077 ], [ 120.73666528900003, 14.315826763000075 ], [ 120.736696738000091, 14.315802870000027 ], [ 120.736719216000097, 14.315793112000051 ], [ 120.736734958000056, 14.315788780000048 ], [ 120.736750712000116, 14.315786618000061 ], [ 120.736800257000027, 14.315785560000052 ], [ 120.736819382000022, 14.315783400000043 ], [ 120.736835116000066, 14.315780155000027 ], [ 120.736850823000054, 14.315774743000077 ], [ 120.736857544000031, 14.315771495000035 ], [ 120.736873121000031, 14.315755258000024 ], [ 120.73691572000007, 14.31572704000007 ], [ 120.73694156800002, 14.315716171000076 ], [ 120.736955077000061, 14.31571290100004 ], [ 120.737046211, 14.315700943000024 ], [ 120.737091094000107, 14.315693391000025 ], [ 120.737158327000088, 14.315678282000022 ], [ 120.737191890000076, 14.315668570000071 ], [ 120.737210831000084, 14.315658855000038 ], [ 120.737229670000033, 14.31564374800007 ], [ 120.737243014000114, 14.315636200000029 ], [ 120.737258637000082, 14.315630814000031 ], [ 120.737331356000027, 14.315617911000061 ], [ 120.737367093000103, 14.315609307000045 ], [ 120.737382621000052, 14.315600697000036 ], [ 120.737404633000097, 14.315583505000063 ], [ 120.737427215000025, 14.315571334000026 ], [ 120.737451913000086, 14.315565947000039 ], [ 120.737472132000107, 14.315554067000051 ], [ 120.737523678000116, 14.315535761000035 ], [ 120.737560588000065, 14.315527178000025 ], [ 120.73758740300002, 14.315518590000067 ], [ 120.737644264000096, 14.315487461000032 ], [ 120.737670989000094, 14.315481060000025 ], [ 120.737713312000096, 14.315475731000049 ], [ 120.73774225000011, 14.315468229000032 ], [ 120.737757804000012, 14.315460724000047 ], [ 120.737784398000031, 14.315440365000029 ], [ 120.737802162000094, 14.315433947000031 ], [ 120.737817718000088, 14.315430742000046 ], [ 120.737843296000051, 14.315428614000041 ], [ 120.737928699, 14.31540943400006 ], [ 120.73795073000008, 14.315400956000076 ], [ 120.737958738000088, 14.315395948000059 ], [ 120.737961711000025, 14.315395807000073 ], [ 120.737982468000041, 14.315375692000032 ], [ 120.738024928000073, 14.31535832000003 ], [ 120.738066444000083, 14.315358318000051 ], [ 120.738073993000057, 14.315360146000046 ], [ 120.738097582000023, 14.315360145000056 ], [ 120.738124001000074, 14.315351002000057 ], [ 120.73815796800011, 14.315345515000047 ], [ 120.738169291000077, 14.315345515000047 ], [ 120.73817400900009, 14.315343686000062 ], [ 120.738201372000049, 14.315342771000076 ], [ 120.73823062200006, 14.315345512000022 ], [ 120.7382570420001, 14.315340940000056 ], [ 120.738277800000105, 14.315340025000069 ], [ 120.738320259000034, 14.315329966000036 ], [ 120.738339131000089, 14.315329966000036 ], [ 120.73838347800006, 14.315324478000036 ], [ 120.738408010000057, 14.315324477000047 ], [ 120.738419333000024, 14.31531990600007 ], [ 120.738475946000108, 14.315318989000048 ], [ 120.73850802700008, 14.315311674000043 ], [ 120.738559922000036, 14.315310757000077 ], [ 120.738583511000115, 14.315312585000072 ], [ 120.738592004000111, 14.315316242000051 ], [ 120.738619367000069, 14.315319898000041 ], [ 120.738634464000029, 14.315324468000028 ], [ 120.738647674000049, 14.315330867000057 ], [ 120.738691390000099, 14.315330866000068 ], [ 120.738761213000089, 14.315346405000071 ], [ 120.738786690000097, 14.315354633000027 ], [ 120.738809336000031, 14.315364689000035 ], [ 120.738820659000112, 14.315373831000045 ], [ 120.738826320000044, 14.315382059000058 ], [ 120.738835756000071, 14.315391201000068 ], [ 120.738844249000067, 14.315396686000042 ], [ 120.738859346000027, 14.31539760000004 ], [ 120.738866894000012, 14.315394857000058 ], [ 120.73887444200011, 14.315389371000037 ], [ 120.738897087000055, 14.315381142000035 ], [ 120.738920676000021, 14.315378398000064 ], [ 120.738967853000077, 14.315368339000031 ], [ 120.738976345000083, 14.315368339000031 ], [ 120.738998047000109, 14.315360109000039 ], [ 120.73905749100004, 14.315353707000043 ], [ 120.739092012000015, 14.315351877000069 ], [ 120.73932318300001, 14.315359181000076 ], [ 120.739337337000052, 14.315361009000071 ], [ 120.739376023000091, 14.315371979000076 ], [ 120.739399612000057, 14.315382949000025 ], [ 120.739421314000083, 14.315388433000066 ], [ 120.739447734, 14.315388432000077 ], [ 120.739519445000042, 14.315393915000072 ], [ 120.739544921000061, 14.315397570000073 ], [ 120.739569454000048, 14.315397569000027 ], [ 120.739575847000083, 14.315403145000062 ], [ 120.739592899000058, 14.315403971000023 ], [ 120.739611656000079, 14.315408928000068 ], [ 120.73963126600006, 14.315408927000021 ], [ 120.73964490700007, 14.315414710000027 ], [ 120.739713967000057, 14.315423797000051 ], [ 120.739750629000014, 14.315437841000062 ], [ 120.739769386000035, 14.315441146000069 ], [ 120.739826509000068, 14.315439493000042 ], [ 120.739868286000046, 14.315455189000033 ], [ 120.739906653000048, 14.315460972000039 ], [ 120.739918589000013, 14.315466755000045 ], [ 120.739956956000015, 14.315472537000062 ], [ 120.739987649000113, 14.315482450000047 ], [ 120.74003880500004, 14.315491537000071 ], [ 120.740075466, 14.315492363000033 ], [ 120.740083992000109, 14.315490711000052 ], [ 120.740125770000077, 14.315489885000034 ], [ 120.74013600100011, 14.315490711000052 ], [ 120.740146232000029, 14.31549401500007 ], [ 120.740153905000057, 14.31549401500007 ], [ 120.740191028000027, 14.315491537000071 ], [ 120.740241331000107, 14.315491536000025 ], [ 120.74026605600011, 14.315498145000049 ], [ 120.740277140000103, 14.315498971000068 ], [ 120.740296750000084, 14.315504754000074 ], [ 120.740314654000031, 14.315513015000022 ], [ 120.740335116000097, 14.315514667000059 ], [ 120.740348758000096, 14.315519624000046 ], [ 120.740382009000086, 14.315534494000076 ], [ 120.740402471000039, 14.31554688500006 ], [ 120.74042549100011, 14.315551016000029 ], [ 120.740434017000098, 14.315554320000047 ], [ 120.740457890000016, 14.315555146000065 ], [ 120.740480058000117, 14.315560103000053 ], [ 120.740489436000075, 14.31556505900005 ], [ 120.740549970000075, 14.315576624000073 ], [ 120.740564465000034, 14.31558158100006 ], [ 120.740579847000049, 14.315582407000022 ], [ 120.740584962000071, 14.31558571100004 ], [ 120.740623329000073, 14.315593972000045 ], [ 120.740652317000013, 14.315605538000057 ], [ 120.740676190000045, 14.315625364000027 ], [ 120.740717115000052, 14.315639408000038 ], [ 120.74073928200005, 14.315650147000042 ], [ 120.740751218000014, 14.315653452000049 ], [ 120.740771681000069, 14.315665017000072 ], [ 120.740788733000045, 14.315666669000052 ], [ 120.740855489000069, 14.315684680000061 ], [ 120.740867426000023, 14.315690463000067 ], [ 120.740881920000106, 14.315693767000027 ], [ 120.740895561000116, 14.315701202000071 ], [ 120.740909203000115, 14.315706159000058 ], [ 120.740916024000057, 14.315709463000076 ], [ 120.740922845000114, 14.315715246000025 ], [ 120.740927108000051, 14.315720202000023 ], [ 120.740931371000102, 14.315730116000054 ], [ 120.740945012000111, 14.315744160000065 ], [ 120.740962064000087, 14.315749116000063 ], [ 120.74097314800008, 14.315749116000063 ], [ 120.741002989000094, 14.315753247000032 ], [ 120.741053292000061, 14.315771421000022 ], [ 120.7410774760001, 14.31577472500004 ], [ 120.741110727000091, 14.315788769000051 ], [ 120.741121811000085, 14.315794551000067 ], [ 120.741130337000072, 14.315801986000054 ], [ 120.741155915000036, 14.315811073000077 ], [ 120.741172967000011, 14.315816030000065 ], [ 120.741196839000054, 14.315819334000025 ], [ 120.741219007000041, 14.315825117000031 ], [ 120.741245437000089, 14.315836682000054 ], [ 120.741271868000013, 14.315844943000059 ], [ 120.74131194000006, 14.315849899000057 ], [ 120.741355422000083, 14.315863943000068 ], [ 120.741374179000104, 14.315868073000047 ], [ 120.741385069000103, 14.315878199000053 ], [ 120.741400415000044, 14.315879851000034 ], [ 120.741437077000114, 14.315894721000063 ], [ 120.741474591000042, 14.31591867800006 ], [ 120.741514663000089, 14.315937678000068 ], [ 120.741528305000088, 14.315946765000035 ], [ 120.741547062000109, 14.315964114000053 ], [ 120.741554736000012, 14.315974027000038 ], [ 120.741577756000083, 14.315993853000066 ], [ 120.741578609000044, 14.316005419000021 ], [ 120.741569231000085, 14.316020289000051 ], [ 120.741561557000068, 14.316041768000048 ], [ 120.741555752000068, 14.316050856000061 ], [ 120.741554047000022, 14.316057465000029 ], [ 120.741546374000109, 14.316072335000058 ], [ 120.741536995000047, 14.316079770000044 ], [ 120.74153273200011, 14.316088031000049 ], [ 120.741531880000025, 14.316091336000056 ], [ 120.741536143000076, 14.316097945000024 ], [ 120.741550637000046, 14.316097945000024 ], [ 120.741571952000072, 14.316101249000042 ], [ 120.741589856000019, 14.316101249000042 ], [ 120.741613729000051, 14.316104553000059 ], [ 120.741623107, 14.316110336000065 ], [ 120.741628223000021, 14.316110335000076 ], [ 120.741683641, 14.316097117000027 ], [ 120.741708366000012, 14.316080594000027 ], [ 120.741723713000056, 14.316073159000041 ], [ 120.741775721000067, 14.316073158000052 ], [ 120.741805562000081, 14.316080593000038 ], [ 120.741817499000035, 14.316081419000056 ], [ 120.741821762000086, 14.316083897000055 ], [ 120.741826025000023, 14.316090506000023 ], [ 120.741843929000083, 14.316097115000048 ], [ 120.741901906000066, 14.316100419000065 ], [ 120.741930894, 14.316111984000031 ], [ 120.741944536, 14.316115288000049 ], [ 120.742005923000079, 14.316115287000059 ], [ 120.742022975000054, 14.316121896000027 ], [ 120.742039844000033, 14.316123548000064 ], [ 120.742062012000019, 14.31612933100007 ], [ 120.742112315000099, 14.316145852000034 ], [ 120.742258962000051, 14.316168155000071 ], [ 120.742276866000111, 14.316168155000071 ], [ 120.742303297000035, 14.316174764000039 ], [ 120.742328875000112, 14.31619046000003 ], [ 120.74233825400006, 14.31619046000003 ], [ 120.742348485000093, 14.316193764000047 ], [ 120.742364684000108, 14.316196242000046 ], [ 120.742389410000101, 14.316208633000031 ], [ 120.742417620000083, 14.316214633000072 ], [ 120.742444051, 14.316222894000077 ], [ 120.742494354000087, 14.316227850000075 ], [ 120.742507143000012, 14.316231154000036 ], [ 120.742571941000051, 14.316255111000032 ], [ 120.742612013000098, 14.316267502000073 ], [ 120.742647822000094, 14.31627658900004 ], [ 120.742668284000047, 14.316277414000069 ], [ 120.74269386200001, 14.316288154000063 ], [ 120.742704946000117, 14.316294762000041 ], [ 120.742716883000071, 14.316312111000059 ], [ 120.742722851000053, 14.316317893000075 ], [ 120.742747577000046, 14.316330285000049 ], [ 120.742775713000015, 14.316336067000066 ], [ 120.742799586000046, 14.316345154000032 ], [ 120.742842096000118, 14.316357080000046 ], [ 120.742872789000103, 14.316357080000046 ], [ 120.742906893000054, 14.316362862000062 ], [ 120.742927356000109, 14.316370297000049 ], [ 120.74296146000006, 14.316393428000026 ], [ 120.743010911000056, 14.316404992000059 ], [ 120.743033931000014, 14.316412427000046 ], [ 120.743063772000028, 14.316434732000062 ], [ 120.743076562000056, 14.31643968800006 ], [ 120.743091064000055, 14.316441883000039 ], [ 120.74310811600003, 14.316453449000051 ], [ 120.743130284000017, 14.316461709000066 ], [ 120.743142220000095, 14.316469970000071 ], [ 120.743156715000055, 14.316474927000058 ], [ 120.743178030000081, 14.316487318000043 ], [ 120.743203608000044, 14.316504666000071 ], [ 120.743207871000095, 14.316510449000077 ], [ 120.743221513000094, 14.316522014000043 ], [ 120.743240270000115, 14.316532754000036 ], [ 120.743244570000115, 14.316537139000047 ], [ 120.743267859000071, 14.316466068000068 ], [ 120.743206229000066, 14.316445436000038 ], [ 120.743338956000116, 14.316113621000056 ], [ 120.743471682000063, 14.31569055500006 ], [ 120.743562931000042, 14.315449989000058 ], [ 120.743670771000097, 14.315084991000049 ], [ 120.743811793000077, 14.314620449000074 ], [ 120.743969406000019, 14.314205679000054 ], [ 120.744052360000069, 14.313732841000046 ], [ 120.744143609000048, 14.31337613900007 ], [ 120.744226563000097, 14.313110687000062 ], [ 120.744417357000088, 14.312770575000059 ], [ 120.744591561000107, 14.312496827000075 ], [ 120.744772662000059, 14.312030833000051 ], [ 120.745342672000106, 14.312231392000058 ], [ 120.745859904000099, 14.312442507000071 ], [ 120.746261023000102, 14.312537508000048 ], [ 120.746641030000092, 14.312780291000024 ], [ 120.746999230000029, 14.31288617000007 ], [ 120.747245209000084, 14.312915109000073 ], [ 120.747498422000035, 14.312958517000027 ], [ 120.747769722000044, 14.312980221000032 ], [ 120.747946971000033, 14.313005542000042 ], [ 120.748102516000017, 14.313074272000051 ], [ 120.74826891400005, 14.313171940000075 ], [ 120.74840637200009, 14.313229817000035 ], [ 120.748580004000019, 14.313320250000061 ], [ 120.748746401000062, 14.31342877000003 ], [ 120.748854921000088, 14.313540907000061 ], [ 120.748985145, 14.313671131000035 ], [ 120.749122604000036, 14.313776034000057 ], [ 120.74934643000006, 14.313847696000039 ], [ 120.749538597000083, 14.313927962000037 ], [ 120.749636265000049, 14.313989457000048 ], [ 120.749705327000015, 14.314091118000022 ], [ 120.74986544, 14.314203630000065 ], [ 120.749991293000107, 14.314314380000042 ], [ 120.75017755500005, 14.314495608000072 ], [ 120.750383953000096, 14.314641597000048 ], [ 120.750524908000102, 14.314767450000033 ], [ 120.750711170000045, 14.314918473000034 ], [ 120.750927637000018, 14.315064462000066 ], [ 120.751088728000013, 14.315240656000071 ], [ 120.75127499000007, 14.315361474000042 ], [ 120.751481388000116, 14.315507463000074 ], [ 120.751793645000021, 14.315744369000072 ], [ 120.752256748000036, 14.316063064000048 ], [ 120.752844341000014, 14.316541105000056 ], [ 120.753187933000049, 14.316735309000023 ], [ 120.753352260000042, 14.316849840000032 ], [ 120.753656015000047, 14.317108779000023 ], [ 120.754034465000018, 14.317417515000045 ], [ 120.754492588000062, 14.317820862000076 ], [ 120.75468679200003, 14.318044944000064 ], [ 120.754940752000039, 14.318313842000066 ], [ 120.755314222000038, 14.318732129000068 ], [ 120.755456082000023, 14.31863529900005 ] ] ] ] } },
{ "type": "Feature", "properties": { "psgc_code": 402115016, "name": "Latoria", "corr_code": 42115016.0, "geo_level": "Bgy", "city_class": null, "inc_class": null, "urb_rur": null, "pop_2015": "R", "pop_2020": null, "status": null, "adm4_pcode": "PH0402115016", "adm4_en": "Latoria", "adm3_pcode": "PH0402115", "adm2_pcode": "PH04021", "adm1_pcode": "PH04", "adm0_pcode": "PH", "shape_len": 0.013398110331099999, "shape_area": 9.97019262e-06, "shape_sqkm": 0.11900718592700001 }, "geometry": { "type": "MultiPolygon", "coordinates": [ [ [ [ 120.764213279000046, 14.323485854000069 ], [ 120.764248466000026, 14.322908897000048 ], [ 120.764320328000053, 14.322798853000052 ], [ 120.764375774000086, 14.322715685000048 ], [ 120.764401364000037, 14.322611192000068 ], [ 120.764403497000103, 14.322542951000059 ], [ 120.764330991000065, 14.322502433000068 ], [ 120.764164654000069, 14.322425662000057 ], [ 120.764147272000059, 14.322440881000034 ], [ 120.76409569100008, 14.322431910000034 ], [ 120.764022805000081, 14.322390421000023 ], [ 120.763937583000029, 14.322383693000063 ], [ 120.763834958000075, 14.322340082000039 ], [ 120.763678225000035, 14.322231991000024 ], [ 120.763656281000067, 14.321814691000043 ], [ 120.763296755000056, 14.321754770000041 ], [ 120.763027111000042, 14.321634928000037 ], [ 120.762727506000033, 14.321380264000027 ], [ 120.762487822000026, 14.320930857000064 ], [ 120.762218178000012, 14.320346628000038 ], [ 120.761978494000118, 14.319897221000076 ], [ 120.761349324000093, 14.319912201000022 ], [ 120.760765095000011, 14.320002083000077 ], [ 120.760150905000046, 14.320181845000036 ], [ 120.759971166000014, 14.320288219000076 ], [ 120.760165106000045, 14.32143480600007 ], [ 120.760314282000081, 14.321615948000044 ], [ 120.760493692000068, 14.32183380400005 ], [ 120.760740132000024, 14.322291477000022 ], [ 120.760845749000055, 14.322667004000039 ], [ 120.760951366000086, 14.323054266000042 ], [ 120.76170242, 14.323418058000073 ], [ 120.762476944000014, 14.323664497000038 ], [ 120.76343923200011, 14.323676233000072 ], [ 120.764213279000046, 14.323485854000069 ] ] ] ] } },
{ "type": "Feature", "properties": { "psgc_code": 402115018, "name": "Mabolo", "corr_code": 42115018.0, "geo_level": "Bgy", "city_class": null, "inc_class": null, "urb_rur": null, "pop_2015": "R", "pop_2020": null, "status": null, "adm4_pcode": "PH0402115018", "adm4_en": "Mabolo", "adm3_pcode": "PH0402115", "adm2_pcode": "PH04021", "adm1_pcode": "PH04", "adm0_pcode": "PH", "shape_len": 0.021130279753000001, "shape_area": 2.4526945586e-05, "shape_sqkm": 0.29276946512699997 }, "geometry": { "type": "MultiPolygon", "coordinates": [ [ [ [ 120.747387933000027, 14.318341081000028 ], [ 120.747527589000015, 14.318413616000043 ], [ 120.747564030000035, 14.31834073400006 ], [ 120.747689471000058, 14.318068726000035 ], [ 120.747832077000112, 14.317799358000059 ], [ 120.747908382000105, 14.317627745000038 ], [ 120.747983815000111, 14.317500783000071 ], [ 120.748078862000057, 14.317329699000027 ], [ 120.748188166000091, 14.31715861400005 ], [ 120.748292718000016, 14.317011291000028 ], [ 120.748520830000075, 14.316773674000046 ], [ 120.748734686000034, 14.316555066000035 ], [ 120.748905771000068, 14.316402991000075 ], [ 120.749076855000112, 14.316217649000066 ], [ 120.749290711000071, 14.316022803000067 ], [ 120.749480449000089, 14.315857988000062 ], [ 120.749320902000022, 14.315749496000024 ], [ 120.749052864000078, 14.315564421000033 ], [ 120.748733770000058, 14.31536658300007 ], [ 120.748306184000057, 14.315098544000023 ], [ 120.748740151000106, 14.314530557000069 ], [ 120.748880553000049, 14.314371010000059 ], [ 120.748918844000059, 14.314268900000059 ], [ 120.748925226000097, 14.31415402600004 ], [ 120.748937990000059, 14.314064680000058 ], [ 120.748976281000068, 14.314007243000049 ], [ 120.749040100000116, 14.313943424000058 ], [ 120.749123064000059, 14.313879605000068 ], [ 120.749225174000117, 14.313860459000068 ], [ 120.74934643000006, 14.313847696000039 ], [ 120.749122604000036, 14.313776034000057 ], [ 120.748985145, 14.313671131000035 ], [ 120.748854921000088, 14.313540907000061 ], [ 120.748746401000062, 14.31342877000003 ], [ 120.748580004000019, 14.313320250000061 ], [ 120.74840637200009, 14.313229817000035 ], [ 120.74826891400005, 14.313171940000075 ], [ 120.748102516000017, 14.313074272000051 ], [ 120.747946971000033, 14.313005542000042 ], [ 120.747769722000044, 14.312980221000032 ], [ 120.747498422000035, 14.312958517000027 ], [ 120.747245209000084, 14.312915109000073 ], [ 120.746999230000029, 14.31288617000007 ], [ 120.746641030000092, 14.312780291000024 ], [ 120.746261023000102, 14.312537508000048 ], [ 120.745859904000099, 14.312442507000071 ], [ 120.745342672000106, 14.312231392000058 ], [ 120.744772662000059, 14.312030833000051 ], [ 120.744591561000107, 14.312496827000075 ], [ 120.744417357000088, 14.312770575000059 ], [ 120.744226563000097, 14.313110687000062 ], [ 120.744143609000048, 14.31337613900007 ], [ 120.744052360000069, 14.313732841000046 ], [ 120.743969406000019, 14.314205679000054 ], [ 120.743811793000077, 14.314620449000074 ], [ 120.743670771000097, 14.315084991000049 ], [ 120.743562931000042, 14.315449989000058 ], [ 120.743471682000063, 14.31569055500006 ], [ 120.743338956000116, 14.316113621000056 ], [ 120.743206229000066, 14.316445436000038 ], [ 120.743267859000071, 14.316466068000068 ], [ 120.743244570000115, 14.316537139000047 ], [ 120.74325647, 14.316549276000046 ], [ 120.743269259000044, 14.316559189000031 ], [ 120.743280343000038, 14.316570754000054 ], [ 120.743285459000049, 14.316579841000078 ], [ 120.743344809000064, 14.316636495000068 ], [ 120.743356192000078, 14.316664475000039 ], [ 120.743372804000046, 14.316696665000052 ], [ 120.74337903300011, 14.316706724000028 ], [ 120.743393568000101, 14.316722819000063 ], [ 120.743406027000105, 14.316750985000056 ], [ 120.743418485, 14.316769091000026 ], [ 120.743428867000034, 14.316781162000041 ], [ 120.743460013000117, 14.31680530400007 ], [ 120.743476624000095, 14.316815363000046 ], [ 120.74349531200005, 14.316821398000059 ], [ 120.74352645700003, 14.31682341000004 ], [ 120.743551374000049, 14.316831457000035 ], [ 120.743586672000106, 14.316845539000042 ], [ 120.743605360000061, 14.316859622000038 ], [ 120.743657269000096, 14.316881751000039 ], [ 120.743711255000107, 14.316897845000028 ], [ 120.743727866000086, 14.316899857000067 ], [ 120.743783928000084, 14.316899856000077 ], [ 120.743829608000055, 14.316903878000062 ], [ 120.743904357000019, 14.316923996000071 ], [ 120.743937579000089, 14.316936066000039 ], [ 120.743950038000094, 14.316936066000039 ], [ 120.743979107000087, 14.316944113000034 ], [ 120.744004024000105, 14.316944112000044 ], [ 120.744060086000104, 14.316950147000057 ], [ 120.744168058000014, 14.316982335000034 ], [ 120.744184669000106, 14.316990382000029 ], [ 120.744211662000112, 14.316996417000041 ], [ 120.744225024000116, 14.317004197000074 ], [ 120.74423364900008, 14.317011757000046 ], [ 120.744263127000067, 14.317026404000046 ], [ 120.744290338000042, 14.317033727000023 ], [ 120.74435836400005, 14.317057161000037 ], [ 120.744399179000084, 14.317066681000028 ], [ 120.744418076000102, 14.317074004000062 ], [ 120.744438484000057, 14.317084989000023 ], [ 120.744500463, 14.317104761000053 ], [ 120.744516336000061, 14.317107690000057 ], [ 120.744550265000044, 14.317122939000058 ], [ 120.744574452000052, 14.317139050000037 ], [ 120.744588813000064, 14.31714637400006 ], [ 120.744610733000059, 14.317150035000054 ], [ 120.744655328000022, 14.31716761000007 ], [ 120.744717307000087, 14.317202030000033 ], [ 120.744736960000068, 14.317209353000067 ], [ 120.74476190300004, 14.317226197000025 ], [ 120.744841690000044, 14.317273799000077 ], [ 120.744857562000107, 14.317276728000024 ], [ 120.744871937000084, 14.317284105000056 ], [ 120.74489535500004, 14.317284783000048 ], [ 120.744911983000065, 14.317286979000073 ], [ 120.744944485000019, 14.317297232000044 ], [ 120.744964892000098, 14.317299428000069 ], [ 120.74510774700002, 14.317338972000073 ], [ 120.745128155000089, 14.317344098000035 ], [ 120.745153854000023, 14.317347759000029 ], [ 120.745179553000071, 14.317358744000046 ], [ 120.745206763000056, 14.317366067000023 ], [ 120.74522868300005, 14.317376320000051 ], [ 120.745272853000074, 14.317388114000039 ], [ 120.74528116700003, 14.317393240000058 ], [ 120.745305354000038, 14.317401295000025 ], [ 120.745331053000086, 14.317409351000038 ], [ 120.745343903000048, 14.317410815000073 ], [ 120.74536506600009, 14.317419603000076 ], [ 120.745399080000084, 14.317428390000032 ], [ 120.74540739400004, 14.317432784000061 ], [ 120.745423267000092, 14.317437178000034 ], [ 120.74543914000003, 14.317444501000068 ], [ 120.745458792000022, 14.317451092000056 ], [ 120.745499454000083, 14.317472329000054 ], [ 120.745508524000115, 14.317473794000023 ], [ 120.745539514000029, 14.317488440000034 ], [ 120.745559166000021, 14.317495031000021 ], [ 120.745582598000055, 14.317508213000053 ], [ 120.745593936000091, 14.317520663000039 ], [ 120.745622658000116, 14.317537506000065 ], [ 120.745630217000098, 14.317541168000048 ], [ 120.745667253000079, 14.317551420000029 ], [ 120.745677835000038, 14.317557279000027 ], [ 120.745689929000036, 14.317566799000076 ], [ 120.745701267000072, 14.317571193000049 ], [ 120.745724698000117, 14.317574854000043 ], [ 120.745757199000082, 14.317583641000056 ], [ 120.745801795000034, 14.317600485000071 ], [ 120.745816912, 14.317607808000048 ], [ 120.745839587000091, 14.317612934000067 ], [ 120.745855911000035, 14.317623831000049 ], [ 120.745858935000115, 14.317631155000072 ], [ 120.745865737000031, 14.317634084000076 ], [ 120.745876319000104, 14.317635549000045 ], [ 120.745920914000067, 14.317647997000051 ], [ 120.745966265000106, 14.317666305000046 ], [ 120.745973824000089, 14.317670699000075 ], [ 120.746006325000053, 14.317678022000052 ], [ 120.746050165000042, 14.317699259000051 ], [ 120.746058480000102, 14.317705118000049 ], [ 120.746069817000034, 14.317707315000064 ], [ 120.746089085000108, 14.317718875000025 ], [ 120.746095888000013, 14.317724734000024 ], [ 120.746126122000078, 14.31774011300007 ], [ 120.746174497000084, 14.317757688000029 ], [ 120.746203219000108, 14.317770137000025 ], [ 120.746228918000043, 14.317777460000059 ], [ 120.746244791000095, 14.317786980000051 ], [ 120.746278804000099, 14.317798697000057 ], [ 120.746299968000017, 14.317810414000064 ], [ 120.746343052000043, 14.31783824300004 ], [ 120.746392183000012, 14.317862409000043 ], [ 120.746414103, 14.317879985000047 ], [ 120.746447361000037, 14.317899026000077 ], [ 120.746458143000041, 14.317912273000047 ], [ 120.746468725000113, 14.317915934000041 ], [ 120.746505762000083, 14.31793643900005 ], [ 120.746539775000088, 14.317960606000042 ], [ 120.746593441000073, 14.317989899000054 ], [ 120.746644084000081, 14.318024319000074 ], [ 120.746667896000076, 14.31803330300005 ], [ 120.746673187000056, 14.318036965000033 ], [ 120.746714759000042, 14.318054540000048 ], [ 120.746720200000027, 14.318062135000048 ], [ 120.746739762000061, 14.318073799000047 ], [ 120.746760828000106, 14.318078902000025 ], [ 120.74677512300002, 14.318089108000038 ], [ 120.746792428000049, 14.318096398000023 ], [ 120.746805971000072, 14.318105875000072 ], [ 120.746811237000088, 14.318111707000071 ], [ 120.746825533000106, 14.318140867000068 ], [ 120.746839075000025, 14.318156176000059 ], [ 120.746880456000099, 14.318176588000028 ], [ 120.746902275000025, 14.318190439000034 ], [ 120.746934627000087, 14.318205748000025 ], [ 120.74694967500011, 14.318221057000073 ], [ 120.747018894, 14.318254591000027 ], [ 120.747036198000046, 14.318272816000047 ], [ 120.747048237000058, 14.318293228000073 ], [ 120.747053503000075, 14.318296144000044 ], [ 120.747067799000092, 14.318309266000028 ], [ 120.747077570000101, 14.318312522000042 ], [ 120.747090360000016, 14.318321999000034 ], [ 120.747118198000067, 14.318329289000076 ], [ 120.747137760000101, 14.318343140000025 ], [ 120.747148293, 14.318353346000038 ], [ 120.747185160000072, 14.318379590000063 ], [ 120.747191179000083, 14.318390525000041 ], [ 120.747195693000094, 14.318394899000054 ], [ 120.747213750000014, 14.318400731000054 ], [ 120.747222779000026, 14.318405834000032 ], [ 120.747263108000084, 14.318436620000057 ], [ 120.747387933000027, 14.318341081000028 ] ] ] ] } },
{ "type": "Feature", "properties": { "psgc_code": 402115019, "name": "Makina", "corr_code": 42115019.0, "geo_level": "Bgy", "city_class": null, "inc_class": null, "urb_rur": null, "pop_2015": "R", "pop_2020": null, "status": null, "adm4_pcode": "PH0402115019", "adm4_en": "Makina", "adm3_pcode": "PH0402115", "adm2_pcode": "PH04021", "adm1_pcode": "PH04", "adm0_pcode": "PH", "shape_len": 0.063956509440999995, "shape_area": 7.861599351e-05, "shape_sqkm": 0.93842142238699999 }, "geometry": { "type": "MultiPolygon", "coordinates": [ [ [ [ 120.773085260000016, 14.318358338000053 ], [ 120.773223343000041, 14.318264442000043 ], [ 120.773372473000109, 14.318148452000059 ], [ 120.773471893000078, 14.31802693800006 ], [ 120.773565789000031, 14.317905425000049 ], [ 120.773703872000056, 14.317778389000068 ], [ 120.773803292000025, 14.317684492000069 ], [ 120.774013179, 14.317629259000057 ], [ 120.774156785000059, 14.317656876000058 ], [ 120.774289345000057, 14.317701062000026 ], [ 120.774449521000065, 14.317745249000041 ], [ 120.774548941000035, 14.317761819000054 ], [ 120.774687024000059, 14.317772865000052 ], [ 120.774780921000115, 14.317772865000052 ], [ 120.774891387000025, 14.317728679000027 ], [ 120.775023947000022, 14.317585072000043 ], [ 120.775112321000051, 14.317424896000034 ], [ 120.775239357000032, 14.317292336000037 ], [ 120.775454767000042, 14.317226056000038 ], [ 120.775686746000019, 14.317148730000042 ], [ 120.775874540000018, 14.317093496000041 ], [ 120.776051286000097, 14.317016170000045 ], [ 120.776211462000106, 14.316927797000062 ], [ 120.776393732000088, 14.316828377000036 ], [ 120.776504199000101, 14.316762097000037 ], [ 120.776609142000098, 14.316590874000042 ], [ 120.776653329000055, 14.316452790000028 ], [ 120.776680945000066, 14.31631470700006 ], [ 120.776725132000024, 14.316160054000022 ], [ 120.776697515000023, 14.316044064000039 ], [ 120.776581525000097, 14.31588388800003 ], [ 120.7764765820001, 14.315745805000063 ], [ 120.776371639000104, 14.315657431000034 ], [ 120.776211462000106, 14.315585628000065 ], [ 120.776056809000011, 14.315574582000067 ], [ 120.775841400000104, 14.315552488000037 ], [ 120.775708840000107, 14.31554144200004 ], [ 120.775515523000081, 14.315508302000069 ], [ 120.775421627000014, 14.315397835000056 ], [ 120.775421627000014, 14.315309462000073 ], [ 120.775543140000082, 14.315154809000035 ], [ 120.775642560000051, 14.315071959000022 ], [ 120.775797213000033, 14.315022249000037 ], [ 120.775962913000058, 14.314950446000068 ], [ 120.776128613000083, 14.314895212000067 ], [ 120.776316406000092, 14.314878642000053 ], [ 120.776531815000112, 14.314812363000044 ], [ 120.776747225, 14.314806839000028 ], [ 120.776885308000033, 14.314823409000041 ], [ 120.777122811000027, 14.314762653000059 ], [ 120.777244325000083, 14.314740559000029 ], [ 120.777410024, 14.314701896000031 ], [ 120.777581247000057, 14.314685326000074 ], [ 120.777746947000082, 14.314646663000076 ], [ 120.777885030000107, 14.314646663000076 ], [ 120.778061777000062, 14.314834456000028 ], [ 120.778199860000086, 14.314939399000025 ], [ 120.778304803000083, 14.315033296000024 ], [ 120.778409746000079, 14.315094052000063 ], [ 120.778569923000077, 14.315121669000064 ], [ 120.778735623000102, 14.31510509900005 ], [ 120.778857136000056, 14.31510509900005 ], [ 120.77896760200008, 14.31510509900005 ], [ 120.779133302000105, 14.315132715000061 ], [ 120.779293479000103, 14.315160332000062 ], [ 120.779459178000025, 14.315160332000062 ], [ 120.77965249500005, 14.315160332000062 ], [ 120.779878951000114, 14.315094052000063 ], [ 120.780072268000026, 14.315044342000022 ], [ 120.780193781000094, 14.315011202000051 ], [ 120.78029872400009, 14.314928352000038 ], [ 120.780376051000076, 14.31479579300003 ], [ 120.780492040000013, 14.314646663000076 ], [ 120.780602507000026, 14.314508580000052 ], [ 120.780630124000027, 14.314425730000039 ], [ 120.780652217000011, 14.314282123000055 ], [ 120.780641170000081, 14.314039097000034 ], [ 120.780574890000025, 14.313867874000039 ], [ 120.780536227000084, 14.313729791000071 ], [ 120.780442330000028, 14.313613801000031 ], [ 120.780365004000032, 14.313492288000077 ], [ 120.780387097000016, 14.313321064000036 ], [ 120.78039814400006, 14.313210598000069 ], [ 120.78039814400006, 14.313072515000044 ], [ 120.780436807000115, 14.312939955000047 ], [ 120.7805141340001, 14.312823965000064 ], [ 120.780641170000081, 14.312730068000064 ], [ 120.780779253000105, 14.312641695000025 ], [ 120.780978093000044, 14.312536752000028 ], [ 120.781226643000082, 14.312420762000045 ], [ 120.781375773000036, 14.312337912000032 ], [ 120.781469669000103, 14.312321342000075 ], [ 120.781718219000027, 14.312293726000064 ], [ 120.781867349000095, 14.312282679000077 ], [ 120.782033048000017, 14.312266109000063 ], [ 120.782137992000116, 14.312282679000077 ], [ 120.782237412000086, 14.312393146000034 ], [ 120.78235892500004, 14.312525705000041 ], [ 120.782552241000076, 14.312531229000058 ], [ 120.78270137100003, 14.312531229000058 ], [ 120.78281736100007, 14.312547799000072 ], [ 120.783110097000076, 14.312680359000069 ], [ 120.783314460000042, 14.312790825000036 ], [ 120.783496730000024, 14.312846058000048 ], [ 120.783612720000065, 14.312906815000076 ], [ 120.78377842000009, 14.312973095000075 ], [ 120.783971736000012, 14.313055945000031 ], [ 120.784071156000095, 14.313127748000056 ], [ 120.784159529000021, 14.313260308000054 ], [ 120.784231332000104, 14.313370774000077 ], [ 120.784281042000089, 14.313464671000077 ], [ 120.784352846000047, 14.313630371000045 ], [ 120.784441219000087, 14.313751884000055 ], [ 120.784601395000095, 14.31389549000005 ], [ 120.784684245000108, 14.313934154000037 ], [ 120.78487756200002, 14.313978340000062 ], [ 120.785015645000044, 14.313989387000049 ], [ 120.785131635000084, 14.313956247000021 ], [ 120.785253148000038, 14.313956247000021 ], [ 120.78542437100009, 14.314083283000059 ], [ 120.785496174000059, 14.31413851700006 ], [ 120.785656351000057, 14.314215843000056 ], [ 120.78573920000008, 14.314276600000028 ], [ 120.78583862000005, 14.314293170000042 ], [ 120.785993273000031, 14.314282123000055 ], [ 120.786131357000045, 14.314243460000057 ], [ 120.786269440000069, 14.314144040000031 ], [ 120.78639647600005, 14.314055667000048 ], [ 120.786595316000103, 14.313939677000064 ], [ 120.786788632000025, 14.313884444000053 ], [ 120.786948502000087, 14.31382246000004 ], [ 120.78705405900007, 14.313793002000068 ], [ 120.787245534000022, 14.313765999000054 ], [ 120.787348636000047, 14.313746361000028 ], [ 120.787456648000102, 14.313731632000042 ], [ 120.787545021000028, 14.313694810000072 ], [ 120.787640759000055, 14.313616256000046 ], [ 120.787776387, 14.313525427000059 ], [ 120.787883172000079, 14.313473876000046 ], [ 120.78803782500006, 14.313385503000063 ], [ 120.788181431000112, 14.31333763400005 ], [ 120.787893025000017, 14.312965443000053 ], [ 120.787734094000029, 14.312672675000044 ], [ 120.787633716000073, 14.312405001000059 ], [ 120.787474785000086, 14.312137327000073 ], [ 120.78734931200006, 14.311836194000023 ], [ 120.787223840000024, 14.311359399000025 ], [ 120.786997990000032, 14.310916064000025 ], [ 120.786621574000037, 14.310539648000031 ], [ 120.786295346000088, 14.309987570000033 ], [ 120.786086226000066, 14.309611154000038 ], [ 120.785798183000111, 14.30922793700006 ], [ 120.78555924300008, 14.308900145000052 ], [ 120.785366852000038, 14.308523728000068 ], [ 120.784973706000073, 14.308080393000068 ], [ 120.784639113000026, 14.307695612000032 ], [ 120.784296156000096, 14.307243912000047 ], [ 120.783974429000068, 14.306539038000039 ], [ 120.783820894000087, 14.306572623000022 ], [ 120.783633775000112, 14.306587017000027 ], [ 120.783537816000035, 14.306548634000023 ], [ 120.783384282000043, 14.306476665000048 ], [ 120.783149182000102, 14.306390302000068 ], [ 120.782986052000069, 14.306404695000026 ], [ 120.782837316000041, 14.306534240000076 ], [ 120.782750953000118, 14.30672136000004 ], [ 120.782770145000086, 14.306903681000051 ], [ 120.782885296000018, 14.307014034000076 ], [ 120.783036330000073, 14.307170173000031 ], [ 120.783055282000078, 14.307249139000078 ], [ 120.783118455000022, 14.307347058000062 ], [ 120.783229009000024, 14.307498674000044 ], [ 120.783304817000044, 14.307612386000073 ], [ 120.783304817000044, 14.307745050000051 ], [ 120.783247961000029, 14.307811382000068 ], [ 120.783159518000048, 14.307820858000071 ], [ 120.783096345000104, 14.307798747000049 ], [ 120.783064758000023, 14.307735574000048 ], [ 120.783045806000018, 14.307675559000074 ], [ 120.782985791000101, 14.307647131000067 ], [ 120.782916301000114, 14.307650290000026 ], [ 120.782834176000051, 14.307634496000048 ], [ 120.782717305, 14.30754289500004 ], [ 120.782638338000083, 14.307527102000051 ], [ 120.782562530000064, 14.307571323000047 ], [ 120.782543578000059, 14.307647131000067 ], [ 120.78256568900008, 14.307735574000048 ], [ 120.782606752000106, 14.307842968000045 ], [ 120.782590958000014, 14.307925094000041 ], [ 120.782530944000086, 14.307956680000075 ], [ 120.782442501000105, 14.307953522000048 ], [ 120.782373010000015, 14.307953522000048 ], [ 120.78224982200004, 14.307953522000048 ], [ 120.782192966000025, 14.307931411000027 ], [ 120.782189808000112, 14.307877714000028 ], [ 120.78221191800003, 14.307792430000063 ], [ 120.782218236000062, 14.307710304000068 ], [ 120.782199284000058, 14.307615544000043 ], [ 120.78213611000001, 14.30754289500004 ], [ 120.782057144000078, 14.307514467000033 ], [ 120.781997129000047, 14.307549212000026 ], [ 120.78196554200008, 14.307612386000073 ], [ 120.781924480000043, 14.307688194000036 ], [ 120.781886576000034, 14.307726098000046 ], [ 120.78181392700003, 14.307773478000058 ], [ 120.78178549900008, 14.307855603000064 ], [ 120.781772864000118, 14.307918776000065 ], [ 120.781719167, 14.308016695000049 ], [ 120.781637041000067, 14.308111455000073 ], [ 120.781621248000079, 14.308228326000062 ], [ 120.781558075000021, 14.308278864000044 ], [ 120.781501219, 14.308342038000035 ], [ 120.781434887000046, 14.308417846000054 ], [ 120.781365396000069, 14.308411528000022 ], [ 120.781311699000071, 14.308345196000062 ], [ 120.781232732000035, 14.308263071000056 ], [ 120.781141131000027, 14.308237802000065 ], [ 120.781055847000061, 14.308240960000035 ], [ 120.780957928000021, 14.308288340000047 ], [ 120.780882120000115, 14.30836099000004 ], [ 120.780828423000116, 14.308449432000032 ], [ 120.780762091000042, 14.30846206700005 ], [ 120.780739980000021, 14.308402052000076 ], [ 120.780708394000044, 14.308338879000075 ], [ 120.780613634000019, 14.308278864000044 ], [ 120.780518874000109, 14.308225167000046 ], [ 120.780496763000087, 14.308177787000034 ], [ 120.780458859000078, 14.308083027000066 ], [ 120.780443066000089, 14.308026171000051 ], [ 120.780348306000064, 14.307956680000075 ], [ 120.780212483000014, 14.307887190000031 ], [ 120.780101930000114, 14.307820858000071 ], [ 120.779966107000064, 14.307814540000038 ], [ 120.779782905000047, 14.30789982400006 ], [ 120.779741842000021, 14.307944046000046 ], [ 120.779593385000112, 14.308045123000056 ], [ 120.779546005000043, 14.308139883000024 ], [ 120.779599702000041, 14.308225167000046 ], [ 120.779735525000092, 14.30825675400007 ], [ 120.779763953000042, 14.308310451000068 ], [ 120.779760794000026, 14.308424163000041 ], [ 120.779713414000071, 14.308496812000044 ], [ 120.779656558000056, 14.308588413000052 ], [ 120.77965339900004, 14.30868001500005 ], [ 120.779669193000018, 14.308765299000072 ], [ 120.77959101600004, 14.308781092000061 ], [ 120.77952942200011, 14.308847424000078 ], [ 120.77955785000006, 14.309008516000063 ], [ 120.779647872000055, 14.309117490000062 ], [ 120.779714204000015, 14.309074848000023 ], [ 120.77980896400004, 14.309055896000075 ], [ 120.779894248000119, 14.30907011000005 ], [ 120.779941627000085, 14.30921698800006 ], [ 120.779894248000119, 14.309292796000022 ], [ 120.77984686800005, 14.309363866000069 ], [ 120.779861082000025, 14.309439674000032 ], [ 120.779903724000064, 14.309534434000057 ], [ 120.779903724000064, 14.309652884000059 ], [ 120.779861082000025, 14.309733430000051 ], [ 120.7797849640001, 14.309763921000069 ], [ 120.77969525200001, 14.309880308000061 ], [ 120.77966682400006, 14.309994020000033 ], [ 120.779638396000109, 14.310088780000058 ], [ 120.779543636000085, 14.310178802000053 ], [ 120.7793825440001, 14.310368322000045 ], [ 120.779379465000034, 14.310504442000024 ], [ 120.779395673000067, 14.310601690000055 ], [ 120.77934704900008, 14.310704340000029 ], [ 120.779282217000059, 14.310790783000073 ], [ 120.779225489000055, 14.310815095000066 ], [ 120.779125540000109, 14.310834004000071 ], [ 120.779133644000012, 14.310890732000075 ], [ 120.779176865000068, 14.310931252000046 ], [ 120.779279516000088, 14.310952862000022 ], [ 120.779325438000114, 14.311020395000071 ], [ 120.779298425000093, 14.311055513000042 ], [ 120.779220087000112, 14.311087928000063 ], [ 120.779147151000075, 14.311082526000064 ], [ 120.779020188000118, 14.311093331000052 ], [ 120.778931045000036, 14.311093331000052 ], [ 120.778844602000049, 14.311125747000062 ], [ 120.778839200000107, 14.311185176000038 ], [ 120.778836498000032, 14.311260813000047 ], [ 120.778806784000039, 14.311360762000049 ], [ 120.77873114700003, 14.311349957000061 ], [ 120.77865010700009, 14.311314840000023 ], [ 120.778542054000013, 14.311314840000023 ], [ 120.778458313000101, 14.311382373000072 ], [ 120.77843129900009, 14.311479621000046 ], [ 120.778388078000035, 14.311547154000039 ], [ 120.778323246000014, 14.311549855000067 ], [ 120.778250311000079, 14.311493127000062 ], [ 120.778142258000116, 14.311422893000042 ], [ 120.778077426000095, 14.311430997000059 ], [ 120.778039607000096, 14.311512037000057 ], [ 120.778031503000079, 14.311595778000026 ], [ 120.777988282000024, 14.311630895000064 ], [ 120.777837008, 14.311620090000076 ], [ 120.777745163000077, 14.311684921000051 ], [ 120.777685734000102, 14.311803780000048 ], [ 120.777566875000048, 14.311890222000045 ], [ 120.777461524000046, 14.311987470000076 ], [ 120.777337263000049, 14.312076614000034 ], [ 120.777215703000024, 14.312181965000036 ], [ 120.777167079000037, 14.312319733000038 ], [ 120.777102247000016, 14.312395370000047 ], [ 120.776975285000049, 14.312460202000068 ], [ 120.776864531000115, 14.312554748000025 ], [ 120.77675917900001, 14.312697919000072 ], [ 120.776667334000081, 14.312765452000065 ], [ 120.77657819, 14.312749244000031 ], [ 120.776480942000035, 14.312722230000077 ], [ 120.776375591000033, 14.312687113000038 ], [ 120.776278343000058, 14.312689815000056 ], [ 120.776186498000015, 14.312738438000054 ], [ 120.776102757000103, 14.312805972000035 ], [ 120.776016314000117, 14.312876206000055 ], [ 120.775916365000057, 14.312916726000026 ], [ 120.775878547000048, 14.312892414000032 ], [ 120.775792104000061, 14.312851894000062 ], [ 120.775700259000018, 14.312781660000041 ], [ 120.775603011000044, 14.312735737000025 ], [ 120.775465244000088, 14.312719529000049 ], [ 120.775340983000092, 14.312722230000077 ], [ 120.775235631000101, 14.31275464600003 ], [ 120.775065448000078, 14.312814076000052 ], [ 120.774900667000111, 14.312922129000071 ], [ 120.774679158000026, 14.313022078000074 ], [ 120.774549494000098, 14.313095013000066 ], [ 120.774425233000102, 14.313124728000048 ], [ 120.774341492000076, 14.313068 ], [ 120.774265855000067, 14.313019376000057 ], [ 120.774171309000053, 14.312981558000047 ], [ 120.774098373000015, 14.312935635000031 ], [ 120.773914683000044, 14.312887011000043 ], [ 120.773752603000048, 14.312884310000072 ], [ 120.773647252000046, 14.312884310000072 ], [ 120.773425743000075, 14.312892414000032 ], [ 120.773212338, 14.312859998000022 ], [ 120.773101584000074, 14.312770854000064 ], [ 120.772993531000111, 14.312832985000057 ], [ 120.772844958000064, 14.312908622000066 ], [ 120.772715294000022, 14.312943739000048 ], [ 120.772623341000099, 14.312934982000058 ], [ 120.772545111000113, 14.312927531000071 ], [ 120.772455967000042, 14.312930233000031 ], [ 120.772323042000039, 14.312965523000059 ], [ 120.772246587000041, 14.312952780000046 ], [ 120.772147196000105, 14.312945135000064 ], [ 120.772073290000094, 14.312970620000044 ], [ 120.7719917390001, 14.313064914000051 ], [ 120.771899993000034, 14.31315156200003 ], [ 120.771790408000015, 14.31318469200005 ], [ 120.77169101700008, 14.313199983000061 ], [ 120.771583981000049, 14.313225468000041 ], [ 120.771525366000105, 14.313250953000022 ], [ 120.771423426000069, 14.313289180000027 ], [ 120.771321487000023, 14.313296826000055 ], [ 120.771278163000034, 14.313299374000053 ], [ 120.771130350000021, 14.313327408000077 ], [ 120.771076832000062, 14.313363086000038 ], [ 120.771041153000056, 14.313436993000039 ], [ 120.770967247000044, 14.31346247700003 ], [ 120.770837275000076, 14.31345228400005 ], [ 120.77077865900003, 14.313416605000043 ], [ 120.770684365000079, 14.313365635000025 ], [ 120.770582426000033, 14.313414056000056 ], [ 120.770495777000065, 14.313454832000048 ], [ 120.770419323000056, 14.313457380000045 ], [ 120.770304641000052, 14.313424250000025 ], [ 120.770238380000023, 14.31346247700003 ], [ 120.770202702, 14.31354402900007 ], [ 120.770164474000012, 14.313617935000025 ], [ 120.770138989000088, 14.313699487000065 ], [ 120.770121150000023, 14.313747908000039 ], [ 120.770090568000114, 14.313791232000028 ], [ 120.769998823000037, 14.313870235000024 ], [ 120.769968241000015, 14.313977272000045 ], [ 120.76993511, 14.314079211000035 ], [ 120.769907077000084, 14.314201538000077 ], [ 120.769879044000049, 14.314344254000048 ], [ 120.769879044000049, 14.314484420000042 ], [ 120.76983572000006, 14.31462713600007 ], [ 120.769774556000016, 14.314698493000037 ], [ 120.769629292000104, 14.314802981000071 ], [ 120.769550289000108, 14.314859048000073 ], [ 120.769443253000077, 14.314912566000032 ], [ 120.769346410000026, 14.314910018000035 ], [ 120.769213889000071, 14.314884533000054 ], [ 120.76925412300011, 14.315000280000049 ], [ 120.769257966000055, 14.315130932000045 ], [ 120.769265651000069, 14.315250055000035 ], [ 120.769269494000014, 14.315361493000069 ], [ 120.769266446000074, 14.31551582000003 ], [ 120.769357134000074, 14.315777315000048 ], [ 120.76954351400002, 14.316272003000051 ], [ 120.769693317000019, 14.316137181000045 ], [ 120.769873080000025, 14.316032319000044 ], [ 120.770262566000042, 14.315837576000035 ], [ 120.77051723000011, 14.315732715000024 ], [ 120.770743369000115, 14.315629815000023 ], [ 120.77089249900007, 14.315491732000055 ], [ 120.771014012000023, 14.31541440500007 ], [ 120.771141049000107, 14.31532603200003 ], [ 120.771290179000061, 14.315331555000057 ], [ 120.771406169000102, 14.31541992800004 ], [ 120.771494542000028, 14.315591152000025 ], [ 120.771505588000082, 14.315740281000046 ], [ 120.771511112000098, 14.315922551000028 ], [ 120.771522158000039, 14.316137961000038 ], [ 120.771516635000012, 14.316557734000071 ], [ 120.771466925000027, 14.316994076000071 ], [ 120.771428262000086, 14.317336523000051 ], [ 120.771406169000102, 14.317629259000057 ], [ 120.771395122000058, 14.317761819000054 ], [ 120.77145035500007, 14.317910949000066 ], [ 120.77157739200004, 14.317993799000021 ], [ 120.771698905000108, 14.318049032000033 ], [ 120.771925361000058, 14.318120835000059 ], [ 120.772129724000024, 14.318159498000057 ], [ 120.772356181000077, 14.318159498000057 ], [ 120.772510834000059, 14.318247872000029 ], [ 120.772615777000055, 14.318314151000038 ], [ 120.77276490700001, 14.318352815000026 ], [ 120.772853280000049, 14.318363861000023 ], [ 120.772958223000046, 14.31836938500004 ], [ 120.773085260000016, 14.318358338000053 ] ] ] ] } },
{ "type": "Feature", "properties": { "psgc_code": 402115020, "name": "Malainen Bago", "corr_code": 42115020.0, "geo_level": "Bgy", "city_class": null, "inc_class": null, "urb_rur": null, "pop_2015": "U", "pop_2020": null, "status": null, "adm4_pcode": "PH0402115020", "adm4_en": "Malainen Bago", "adm3_pcode": "PH0402115", "adm2_pcode": "PH04021", "adm1_pcode": "PH04", "adm0_pcode": "PH", "shape_len": 0.12346626439199999, "shape_area": 0.00036681237272200002, "shape_sqkm": 4.3787137422800013 }, "geometry": { "type": "MultiPolygon", "coordinates": [ [ [ [ 120.762997150000047, 14.316391845000055 ], [ 120.763221854000108, 14.31606228000004 ], [ 120.763461538000115, 14.31576267500003 ], [ 120.763656281000067, 14.315597893000074 ], [ 120.763848411000026, 14.315357727000048 ], [ 120.764032812000096, 14.31517874900004 ], [ 120.764222636000113, 14.31502689000007 ], [ 120.764385343000072, 14.314880454000047 ], [ 120.764515508000045, 14.314761136000072 ], [ 120.764613132000022, 14.314674359000037 ], [ 120.764678214000014, 14.314473688000078 ], [ 120.76480295600004, 14.314386911000042 ], [ 120.765009051000106, 14.314441146000036 ], [ 120.76513921600008, 14.314587582000058 ], [ 120.76513921600008, 14.314799101000062 ], [ 120.765133793000018, 14.315075702000058 ], [ 120.765160910000077, 14.315232985000023 ], [ 120.765188028000011, 14.315368574000047 ], [ 120.765269381000053, 14.315525857000068 ], [ 120.765432088000011, 14.315634328000044 ], [ 120.765676148000011, 14.315699410000036 ], [ 120.765952749, 14.315786187000072 ], [ 120.766196809, 14.315921776000039 ], [ 120.766364939000027, 14.316003129000023 ], [ 120.766467986000066, 14.316057365000063 ], [ 120.766652387000022, 14.316057365000063 ], [ 120.766874752000035, 14.315932623000037 ], [ 120.767091694000101, 14.315878387000055 ], [ 120.767243554000061, 14.31579703400007 ], [ 120.767373719000034, 14.315731952000021 ], [ 120.767525579000107, 14.315677716000039 ], [ 120.767688285000077, 14.315596363000054 ], [ 120.767840144000047, 14.315531280000073 ], [ 120.767948615000023, 14.315444503000037 ], [ 120.768022201, 14.315339934000065 ], [ 120.768134967000037, 14.315196654000033 ], [ 120.768176405000077, 14.315146208000044 ], [ 120.768236064, 14.314983502000075 ], [ 120.76830657000005, 14.314853336000056 ], [ 120.768387923000091, 14.314587582000058 ], [ 120.768436735000023, 14.314343523000048 ], [ 120.768528935000063, 14.314083192000055 ], [ 120.768653677000088, 14.313898791000042 ], [ 120.768783842000062, 14.313736085000073 ], [ 120.768930278000084, 14.313578802000052 ], [ 120.768979090000016, 14.313432366000029 ], [ 120.768995361000066, 14.313258812000072 ], [ 120.769022479000114, 14.313096106000046 ], [ 120.769022479000114, 14.312960517000022 ], [ 120.769006208000064, 14.312716457000022 ], [ 120.768968243000018, 14.312602563000041 ], [ 120.768951972000082, 14.312445280000077 ], [ 120.768903160000036, 14.312309691000053 ], [ 120.768838078000044, 14.312152408000031 ], [ 120.768783842000062, 14.312033090000057 ], [ 120.768789266000113, 14.311892078000028 ], [ 120.768859772000042, 14.311783607000052 ], [ 120.769017055000063, 14.311713100000077 ], [ 120.769147220000036, 14.311637171000029 ], [ 120.769277385, 14.311561241000049 ], [ 120.769391280000036, 14.311441923000075 ], [ 120.769488904000013, 14.311300911000046 ], [ 120.769548563000058, 14.311116510000033 ], [ 120.769624493000038, 14.310942956000076 ], [ 120.769716693000078, 14.310850756000036 ], [ 120.769846858000051, 14.310758555000064 ], [ 120.769987871000012, 14.310660932000076 ], [ 120.770166848000031, 14.310579578000045 ], [ 120.770318707000115, 14.310492801000066 ], [ 120.770421755000029, 14.310416872000076 ], [ 120.770579038000051, 14.31029213000005 ], [ 120.77068208500009, 14.310145694000028 ], [ 120.770737463000046, 14.310055946000034 ], [ 120.770772747000024, 14.310000528000046 ], [ 120.770839368000111, 14.309890787000029 ], [ 120.770774285000016, 14.309722657000066 ], [ 120.770720050000023, 14.30955995100004 ], [ 120.770698356000025, 14.309440633000065 ], [ 120.770627850000096, 14.309294197000042 ], [ 120.770546496000065, 14.309136914000021 ], [ 120.770519379, 14.309017596000047 ], [ 120.770432602000028, 14.308746418000055 ], [ 120.770372943000098, 14.308610829000031 ], [ 120.770318707000115, 14.308475241000053 ], [ 120.770215660000076, 14.308388464000075 ], [ 120.770128883000098, 14.308339652000029 ], [ 120.769966176000025, 14.308285416000047 ], [ 120.769873976000099, 14.308193216000063 ], [ 120.769819740000116, 14.308052204000035 ], [ 120.769819740000116, 14.307943733000059 ], [ 120.769830588000104, 14.307835262000026 ], [ 120.769890247000035, 14.307748485000047 ], [ 120.770014988000071, 14.307645437000076 ], [ 120.770118036000099, 14.307547813000042 ], [ 120.770248201000072, 14.307428495000067 ], [ 120.770513955000069, 14.307309177000036 ], [ 120.770698356000025, 14.307173588000069 ], [ 120.770839368000111, 14.307097659000021 ], [ 120.770996651000019, 14.307092235000027 ], [ 120.771175628000037, 14.307146471000067 ], [ 120.77132206400006, 14.307254942000043 ], [ 120.771435959000087, 14.307363413000076 ], [ 120.771484771000019, 14.307488154000055 ], [ 120.77156612400006, 14.307634590000077 ], [ 120.771647477000101, 14.307759332000046 ], [ 120.771723407000081, 14.307846109000025 ], [ 120.771869843000104, 14.307900344000075 ], [ 120.771994584000026, 14.307927462000066 ], [ 120.772113902000115, 14.307862379000028 ], [ 120.772271185000022, 14.307672555000067 ], [ 120.7723905040001, 14.307488154000055 ], [ 120.772412198000097, 14.307395954000071 ], [ 120.77245016300003, 14.307287483000039 ], [ 120.772520669000073, 14.307151894000071 ], [ 120.772558634, 14.307054270000037 ], [ 120.772602022000115, 14.306934952000063 ], [ 120.772612869000113, 14.306745128000045 ], [ 120.772607446000052, 14.306593269000075 ], [ 120.772699646000092, 14.306446833000052 ], [ 120.772835235000116, 14.306338362000076 ], [ 120.77294912900004, 14.30626243200004 ], [ 120.773035906000018, 14.306132267000066 ], [ 120.773106412000061, 14.305991254000048 ], [ 120.773187766000092, 14.305823124000028 ], [ 120.773301660000016, 14.305725500000051 ], [ 120.773475214000086, 14.305627876000074 ], [ 120.77368130900004, 14.305546523000032 ], [ 120.773725174000106, 14.305519822000065 ], [ 120.773806050000076, 14.305470594000042 ], [ 120.773854862, 14.305329581000024 ], [ 120.773930792000101, 14.305183145000058 ], [ 120.774012145000029, 14.305015015000038 ], [ 120.774039263000077, 14.30487942600007 ], [ 120.7739416390001, 14.30478722600003 ], [ 120.773974180000096, 14.304662484000062 ], [ 120.77407722800001, 14.304526896000027 ], [ 120.774174852000101, 14.304402154000059 ], [ 120.774272476000078, 14.304315377000023 ], [ 120.774435182000047, 14.304277412000033 ], [ 120.77458161800007, 14.304190636000044 ], [ 120.774744325000029, 14.30410928200007 ], [ 120.774863643000117, 14.304055047000077 ], [ 120.774961267000094, 14.30394115200005 ], [ 120.775015502000088, 14.303713363000043 ], [ 120.775020926000025, 14.303588621000074 ], [ 120.775026349000086, 14.30349099700004 ], [ 120.775091432000067, 14.303263208000033 ], [ 120.775113126000065, 14.303181855000048 ], [ 120.775205326000105, 14.303024572000027 ], [ 120.77523786800009, 14.302888983000059 ], [ 120.775243291000038, 14.302742547000037 ], [ 120.775275833000023, 14.302617806000057 ], [ 120.775232444000039, 14.302449676000037 ], [ 120.775194479000106, 14.302243581000027 ], [ 120.775107702000014, 14.302032062000023 ], [ 120.775064314000019, 14.301885626000058 ], [ 120.775010079000026, 14.30178800300007 ], [ 120.77490160800005, 14.301663261000044 ], [ 120.774836525000069, 14.301554790000068 ], [ 120.774766019000026, 14.301446319000036 ], [ 120.774760595000089, 14.301321577000067 ], [ 120.77482567800007, 14.301240224000026 ], [ 120.774939572000108, 14.301196836000031 ], [ 120.775080585000069, 14.301185988000043 ], [ 120.775194479000106, 14.301191412000037 ], [ 120.775297527000021, 14.301261918000023 ], [ 120.77540599800011, 14.301359542000057 ], [ 120.775557857000081, 14.301435472000037 ], [ 120.775698869000053, 14.30145174200004 ], [ 120.775807341000018, 14.30145174200004 ], [ 120.775991741000098, 14.301354118000063 ], [ 120.776214107000101, 14.301267342000074 ], [ 120.776431049000053, 14.301256495000075 ], [ 120.776610026000071, 14.301321577000067 ], [ 120.776707650000048, 14.301381236000054 ], [ 120.776908321000064, 14.301446319000036 ], [ 120.777011369000093, 14.301505978000023 ], [ 120.777136110000015, 14.301554790000068 ], [ 120.777266276000091, 14.301484284000026 ], [ 120.777374747000067, 14.301370389000056 ], [ 120.777461523000056, 14.301229377000027 ], [ 120.77752118300009, 14.30116971800004 ], [ 120.777711007000107, 14.301153447000047 ], [ 120.777879137000014, 14.301148024000042 ], [ 120.778020149000099, 14.301137176000054 ], [ 120.778128620000075, 14.301137176000054 ], [ 120.778242515000102, 14.301164294000046 ], [ 120.778394374000072, 14.301272765000022 ], [ 120.778481151000051, 14.301392083000053 ], [ 120.7784974220001, 14.301500554000029 ], [ 120.7784974220001, 14.301646990000052 ], [ 120.778524539000045, 14.30178800300007 ], [ 120.77858419800009, 14.301896474000046 ], [ 120.778698093000116, 14.301972403000036 ], [ 120.778882494000072, 14.301994097000033 ], [ 120.778953000000115, 14.30190189700005 ], [ 120.77898011800005, 14.301744614000029 ], [ 120.779023506000044, 14.30158190800006 ], [ 120.779007235000108, 14.301402930000052 ], [ 120.77898011800005, 14.301261918000023 ], [ 120.778953000000115, 14.30113175300005 ], [ 120.778893341000071, 14.300958199000036 ], [ 120.778860800000075, 14.300828034000062 ], [ 120.778811988000029, 14.300692445000038 ], [ 120.77873605800005, 14.300524315000075 ], [ 120.778703517000054, 14.300415844000042 ], [ 120.778627587000074, 14.300263985000072 ], [ 120.778595046000078, 14.300106702000051 ], [ 120.778629894000119, 14.299809749000076 ], [ 120.778765811000085, 14.29958969300003 ], [ 120.778824061000023, 14.299330804000022 ], [ 120.778759339000089, 14.299156054000036 ], [ 120.778597533000038, 14.29902013700007 ], [ 120.778429255000106, 14.298851859000024 ], [ 120.778299811000011, 14.298728887000038 ], [ 120.778157422000049, 14.298599442000068 ], [ 120.778047394000055, 14.298502359000054 ], [ 120.77793736600006, 14.298385859000064 ], [ 120.777892060000113, 14.29812049700007 ], [ 120.777989144000117, 14.297790414000076 ], [ 120.778131533000078, 14.29751858000003 ], [ 120.778273922000039, 14.297486219000064 ], [ 120.778371005000054, 14.297324413000069 ], [ 120.778351589000067, 14.297123774000056 ], [ 120.778358061000063, 14.296949024000071 ], [ 120.778571644000067, 14.296560690000035 ], [ 120.778668728000071, 14.296379468000055 ], [ 120.778856423000093, 14.296094689000029 ], [ 120.778947034000112, 14.295913467000048 ], [ 120.779057062000106, 14.295680467000068 ], [ 120.779231812000035, 14.295479828000055 ], [ 120.779393618000086, 14.295330966000051 ], [ 120.779542479000042, 14.29525330000007 ], [ 120.779691340000113, 14.295182105000038 ], [ 120.779885507000017, 14.295052660000067 ], [ 120.780099091000011, 14.294916744000034 ], [ 120.780299730000024, 14.294826132000026 ], [ 120.78045506300009, 14.294774355000072 ], [ 120.780623341000023, 14.294774355000072 ], [ 120.780843397000012, 14.294813188000035 ], [ 120.781018147000054, 14.294832605000067 ], [ 120.781141120000029, 14.294832605000067 ], [ 120.7812899810001, 14.294793771000059 ], [ 120.781334180000044, 14.294710898000062 ], [ 120.781336095000029, 14.294707308000056 ], [ 120.78066637500001, 14.294386401000054 ], [ 120.78005891600003, 14.294220730000063 ], [ 120.779525088000014, 14.294018243000039 ], [ 120.778954445000068, 14.293742126000041 ], [ 120.778287309, 14.293588171000067 ], [ 120.77823653900009, 14.29357645500005 ], [ 120.777445001000046, 14.293318745000022 ], [ 120.776800727000023, 14.293116259000044 ], [ 120.775825111000017, 14.292821733000039 ], [ 120.774867903000086, 14.29237994500005 ], [ 120.774725431000093, 14.292324649000022 ], [ 120.774002734000078, 14.292048604000058 ], [ 120.773027118000073, 14.29169885500005 ], [ 120.771554491000074, 14.29125706700006 ], [ 120.770352955000021, 14.291040123000073 ], [ 120.770354682000061, 14.291067751000071 ], [ 120.770343239000113, 14.291239396000037 ], [ 120.770228809000059, 14.291342383000028 ], [ 120.770080050000047, 14.291256561000068 ], [ 120.769948455000076, 14.291205067000021 ], [ 120.769828304000043, 14.291153574000077 ], [ 120.769731038000032, 14.291010536000044 ], [ 120.769690988000093, 14.290913271000022 ], [ 120.769570836000071, 14.290896106000048 ], [ 120.76941063400011, 14.290924714000028 ], [ 120.769256154000118, 14.29107347300004 ], [ 120.769244711000056, 14.291199346000042 ], [ 120.769256154000118, 14.291359548000059 ], [ 120.769198939000034, 14.291462535000051 ], [ 120.769033015000105, 14.291491142000041 ], [ 120.768836660000034, 14.291386085000056 ], [ 120.768831111000054, 14.291608072000031 ], [ 120.768869958000096, 14.291835609000032 ], [ 120.769008701000075, 14.291996550000022 ], [ 120.768903257000034, 14.292129742000043 ], [ 120.768747865000023, 14.292185239000048 ], [ 120.768675720000033, 14.292401677000043 ], [ 120.768625772000064, 14.292529319000039 ], [ 120.768481481000094, 14.292673611000055 ], [ 120.768525878000105, 14.292817903000071 ], [ 120.768559176000053, 14.292967744000066 ], [ 120.768542527000022, 14.293134235000025 ], [ 120.768342739000104, 14.293256328000041 ], [ 120.768398235000063, 14.293345123000051 ], [ 120.768892157000096, 14.293483865000042 ], [ 120.768858859000034, 14.293650355000068 ], [ 120.768659071000116, 14.293783548000022 ], [ 120.768564726000022, 14.293955588000074 ], [ 120.768581375000053, 14.294088780000038 ], [ 120.768620223000084, 14.294183125000075 ], [ 120.768803362000085, 14.294394013000044 ], [ 120.768614673000116, 14.294443960000024 ], [ 120.768636872000116, 14.294782490000046 ], [ 120.768531428000074, 14.294921233000025 ], [ 120.768525878000105, 14.295071074000077 ], [ 120.768625772000064, 14.295137670000031 ], [ 120.768636872000116, 14.295309710000026 ], [ 120.768509229000074, 14.295420704000037 ], [ 120.768398235000063, 14.295503949000022 ], [ 120.768409335000115, 14.295614943000032 ], [ 120.768525878000105, 14.295764784000028 ], [ 120.768353838000053, 14.295775884000022 ], [ 120.768342739000104, 14.295859129000064 ], [ 120.768431534000115, 14.295909076000044 ], [ 120.768636872000116, 14.295964573000049 ], [ 120.768903257000034, 14.296075567000059 ], [ 120.769197390000045, 14.296153262000075 ], [ 120.769275085000118, 14.29633085200004 ], [ 120.769158542000014, 14.296430746000055 ], [ 120.768886607000013, 14.29651399100004 ], [ 120.768703468000012, 14.296619435000025 ], [ 120.768592474000116, 14.296724879000067 ], [ 120.768697918000044, 14.296741528000041 ], [ 120.768842210000116, 14.296730429000036 ], [ 120.768886607000013, 14.296996814000067 ], [ 120.768709018000095, 14.297063410000021 ], [ 120.768514779000043, 14.297041211000021 ], [ 120.768287242000042, 14.297085609000021 ], [ 120.768253944000094, 14.297252099000048 ], [ 120.768109652000021, 14.297462987000074 ], [ 120.768170698000063, 14.297673875000044 ], [ 120.768154049000032, 14.297945810000044 ], [ 120.767948711000031, 14.29806790300006 ], [ 120.76774337300003, 14.298029055000029 ], [ 120.76756023300004, 14.298134499000071 ], [ 120.767438140000081, 14.298411983000051 ], [ 120.76744369000005, 14.298667268000031 ], [ 120.767182855000101, 14.298794911000073 ], [ 120.767010815000049, 14.298733865000031 ], [ 120.766716682000038, 14.298606222000046 ], [ 120.766638986000089, 14.298772712000073 ], [ 120.766583489000027, 14.299077945000022 ], [ 120.766583489000027, 14.299322131000054 ], [ 120.766527992000078, 14.29958296600006 ], [ 120.766655635, 14.29972170800005 ], [ 120.76683877500011, 14.299816053000029 ], [ 120.76679437700011, 14.299960344000056 ], [ 120.76667554800008, 14.300048668000045 ], [ 120.766672773000096, 14.300143 ], [ 120.766689420000034, 14.300217911000061 ], [ 120.766786527000022, 14.300251205000052 ], [ 120.766814272000033, 14.300309469000069 ], [ 120.766819821000013, 14.300412126000026 ], [ 120.766783753000027, 14.300506458000029 ], [ 120.766767106000088, 14.300595242000043 ], [ 120.76671994000003, 14.300720094000042 ], [ 120.766639479000105, 14.300800554000034 ], [ 120.766581215000087, 14.300839397000061 ], [ 120.766470236000032, 14.300905984000053 ], [ 120.766453589000093, 14.30097534600003 ], [ 120.766389776000096, 14.301047483000048 ], [ 120.766337060000069, 14.301119620000065 ], [ 120.766317639000022, 14.301188982000042 ], [ 120.766317639000022, 14.301277766000055 ], [ 120.766339835000053, 14.301372098000058 ], [ 120.766342609000048, 14.301499725000042 ], [ 120.766292668, 14.301530244000048 ], [ 120.766203885000095, 14.301530244000048 ], [ 120.766112327000087, 14.301546891000044 ], [ 120.766095680000035, 14.301621802000057 ], [ 120.766095680000035, 14.301721684000029 ], [ 120.766081807000091, 14.301763301000051 ], [ 120.765998573000047, 14.301804918000073 ], [ 120.765965279000056, 14.301885378000065 ], [ 120.765993024000068, 14.301957515000026 ], [ 120.765912564000018, 14.302007456000069 ], [ 120.765815457000031, 14.302068495000071 ], [ 120.765779388000055, 14.302157278000038 ], [ 120.765768290000096, 14.302265483000042 ], [ 120.765762741000117, 14.302370914000051 ], [ 120.765712801000063, 14.302445825000063 ], [ 120.76562956600003, 14.30252906000004 ], [ 120.76562956600003, 14.302609520000033 ], [ 120.765593498000044, 14.302670558000045 ], [ 120.76554633100011, 14.302731597000047 ], [ 120.765476969000019, 14.302803734000065 ], [ 120.765435352000054, 14.302809283000045 ], [ 120.765343794000046, 14.302861998000026 ], [ 120.765377088000037, 14.302903615000048 ], [ 120.76543257700007, 14.302986850000025 ], [ 120.765415930000017, 14.303045114000042 ], [ 120.765368764000073, 14.303128349000076 ], [ 120.765332696000087, 14.303197711000053 ], [ 120.765274432000069, 14.303280946000029 ], [ 120.765216167000062, 14.303325337000047 ], [ 120.765146805000086, 14.303364180000074 ], [ 120.765052473000083, 14.303380827000069 ], [ 120.764991434000081, 14.303403023000044 ], [ 120.764910974000031, 14.303472385000077 ], [ 120.764905425000052, 14.303555620000054 ], [ 120.764891552000108, 14.303680472000053 ], [ 120.764777798000068, 14.303780353000036 ], [ 120.764752828000042, 14.303852490000054 ], [ 120.76462399400009, 14.303956366000023 ], [ 120.764538418000029, 14.303858113000047 ], [ 120.764059830000065, 14.303382694000049 ], [ 120.763315007000074, 14.302641040000026 ], [ 120.762376846000052, 14.301718727000036 ], [ 120.762145476000114, 14.301500034000071 ], [ 120.761483058000067, 14.300847126000065 ], [ 120.76141966900002, 14.300783736000028 ], [ 120.761105252000107, 14.300491924000028 ], [ 120.760578942000052, 14.299997837000035 ], [ 120.759996243000046, 14.29943071200006 ], [ 120.759680457000059, 14.299127816000066 ], [ 120.759628900000052, 14.29907625900006 ], [ 120.759580566000068, 14.299027925000075 ], [ 120.759284114000025, 14.298731473000032 ], [ 120.759203556000102, 14.298660582000025 ], [ 120.759122999000056, 14.298596136000072 ], [ 120.759068220000017, 14.29854780200003 ], [ 120.759019885000043, 14.298505912000053 ], [ 120.758954871000014, 14.298594183000034 ], [ 120.758905170000048, 14.29873086200007 ], [ 120.75896108400002, 14.298873753000066 ], [ 120.758967297000027, 14.298998006000033 ], [ 120.758824405000041, 14.299109834000035 ], [ 120.758631813000079, 14.299091196000063 ], [ 120.758476496000071, 14.299128472000064 ], [ 120.758370881000019, 14.299290001000031 ], [ 120.758370881000019, 14.299519869000051 ], [ 120.758333605000075, 14.299681399000065 ], [ 120.758221777000017, 14.299737313000037 ], [ 120.758128588000091, 14.299625485000035 ], [ 120.758043940000107, 14.299479487000042 ], [ 120.757708456000046, 14.299283788000025 ], [ 120.757456844000103, 14.299325724000028 ], [ 120.757219210000017, 14.299479487000042 ], [ 120.757079425000029, 14.299647229000072 ], [ 120.756785877000084, 14.299717121000072 ], [ 120.756548242, 14.299773035000044 ], [ 120.756003082, 14.299912820000031 ], [ 120.755374050000114, 14.300080562000062 ], [ 120.755052545000012, 14.300066583000046 ], [ 120.75463319000005, 14.299968734000061 ], [ 120.754213836000076, 14.300024648000033 ], [ 120.754046094000046, 14.300318196000035 ], [ 120.753864374000045, 14.300625723000053 ], [ 120.753752546000101, 14.300989163000054 ], [ 120.753570825000111, 14.301394539000057 ], [ 120.752969751000023, 14.301744001000031 ], [ 120.752927815000021, 14.302107442000022 ], [ 120.752815987000076, 14.302387012000054 ], [ 120.752606310000033, 14.302736474000028 ], [ 120.75236867600006, 14.303085936000059 ], [ 120.752158999000017, 14.303323570000032 ], [ 120.751781580000056, 14.303519269000049 ], [ 120.751460074000079, 14.303742925000051 ], [ 120.751012763000062, 14.303770881000048 ], [ 120.750481581000031, 14.303700989000049 ], [ 120.750257925000028, 14.304120344000069 ], [ 120.750160076000043, 14.30442787000004 ], [ 120.750146097000084, 14.304651526000043 ], [ 120.750229968000099, 14.304959053000061 ], [ 120.750285882000071, 14.305420342000048 ], [ 120.750188033000086, 14.305657977000067 ], [ 120.750118140000041, 14.305951525000069 ], [ 120.750118140000041, 14.306300987000043 ], [ 120.750160076000043, 14.306524643000046 ], [ 120.750243946000069, 14.306846148000034 ], [ 120.750174054000013, 14.307069803000047 ], [ 120.74972674300011, 14.307461201000024 ], [ 120.74955900100008, 14.307740771000056 ], [ 120.749517065000077, 14.308062276000044 ], [ 120.750124748000076, 14.308218130000057 ], [ 120.750427280000054, 14.30831366700005 ], [ 120.750968653000086, 14.308441048000077 ], [ 120.751653331000057, 14.308568430000037 ], [ 120.75216285800002, 14.308727658000066 ], [ 120.752481103000036, 14.30880383300007 ], [ 120.752954572000021, 14.308892193000077 ], [ 120.75338979300011, 14.309093881000024 ], [ 120.753665787000045, 14.309157571000071 ], [ 120.754047933000038, 14.309263723000072 ], [ 120.754578691, 14.309433566000052 ], [ 120.755385443000023, 14.309571563000077 ], [ 120.75590558500005, 14.309762635000027 ], [ 120.756404498000052, 14.309943093000072 ], [ 120.756712337000067, 14.310038629000076 ], [ 120.7572537100001, 14.310229702000072 ], [ 120.757878804000029, 14.310391495000033 ], [ 120.757899613000063, 14.310458082000025 ], [ 120.757970362000037, 14.310520508000025 ], [ 120.758028626000055, 14.310649522000062 ], [ 120.757941230000029, 14.310732757000039 ], [ 120.757812216000048, 14.310811830000034 ], [ 120.757674879000092, 14.31089090200004 ], [ 120.757616615000074, 14.310953328000039 ], [ 120.757608291000111, 14.311028240000041 ], [ 120.757591644000058, 14.311115636000068 ], [ 120.757525057000066, 14.311190547000024 ], [ 120.757437660000051, 14.311252973000023 ], [ 120.757358587000112, 14.311323723000044 ], [ 120.757283676000043, 14.311419442000044 ], [ 120.757187956000053, 14.311486030000026 ], [ 120.757096398000044, 14.311581750000073 ], [ 120.756967385000053, 14.311623367000038 ], [ 120.75685501800001, 14.31166498500005 ], [ 120.756767622000098, 14.311660823000068 ], [ 120.756671902000107, 14.311635852000052 ], [ 120.756513756000118, 14.311527647000048 ], [ 120.756397228000083, 14.311490192000065 ], [ 120.756326478, 14.311515162000035 ], [ 120.75628486100004, 14.311581750000073 ], [ 120.756239082000093, 14.311710764000054 ], [ 120.756301508000092, 14.311852262000059 ], [ 120.756376419000048, 14.311943821000057 ], [ 120.75634728700004, 14.312010408000049 ], [ 120.756276537000076, 14.312068672000066 ], [ 120.756239082000093, 14.31213942200003 ], [ 120.756222435000041, 14.312251789000072 ], [ 120.756214111000077, 14.312322538000046 ], [ 120.756155847000059, 14.312434905000032 ], [ 120.75609342100006, 14.312489007000067 ], [ 120.756076774, 14.31258888900004 ], [ 120.756060127000069, 14.312709579000057 ], [ 120.756006025000033, 14.312821946000042 ], [ 120.755926952000095, 14.312826108000024 ], [ 120.755810423000071, 14.312805299000047 ], [ 120.755710542000088, 14.312788652000052 ], [ 120.755639792000011, 14.312788652000052 ], [ 120.755548234000116, 14.312801137000065 ], [ 120.755415059000029, 14.312876048000021 ], [ 120.755377603000056, 14.312955121000073 ], [ 120.755415059000029, 14.313030032000029 ], [ 120.755510779000019, 14.313042518000032 ], [ 120.75560649900001, 14.31307165000004 ], [ 120.755673086000115, 14.313109105000024 ], [ 120.755631469000036, 14.313242281000043 ], [ 120.755585690000089, 14.313296383000022 ], [ 120.755519102000108, 14.313308868000036 ], [ 120.755410897000047, 14.31329222100004 ], [ 120.755319339000039, 14.313350486000047 ], [ 120.75529020700003, 14.313408750000065 ], [ 120.755277722000073, 14.313491985000041 ], [ 120.755281884000055, 14.313575219000029 ], [ 120.755319339000039, 14.313637645000028 ], [ 120.755402574000072, 14.313700071000028 ], [ 120.755489970000099, 14.313808276000032 ], [ 120.755564881000055, 14.31387486400007 ], [ 120.75560649900001, 14.313933128000031 ], [ 120.755677248000097, 14.314012201000025 ], [ 120.755723027000045, 14.314095436000059 ], [ 120.755781291000062, 14.314174508000065 ], [ 120.755843717000062, 14.314257743000042 ], [ 120.755793776000019, 14.31434930100005 ], [ 120.755768806000106, 14.31442005100007 ], [ 120.75571470400007, 14.314536579000048 ], [ 120.755689733000054, 14.314636461000077 ], [ 120.755739674000097, 14.314715534000072 ], [ 120.755797938000114, 14.314790445000028 ], [ 120.756096443000047, 14.314877602000024 ], [ 120.756318647000057, 14.314958792000027 ], [ 120.756703231000074, 14.31503998200003 ], [ 120.756938255000023, 14.315108352000038 ], [ 120.757220283000038, 14.315206635000038 ], [ 120.757506584000112, 14.315253640000037 ], [ 120.757724515000064, 14.315326283000047 ], [ 120.75794027500001, 14.315380097000059 ], [ 120.758248138000113, 14.315515581000056 ], [ 120.758540320000066, 14.315648857000042 ], [ 120.75893502200006, 14.315761629000065 ], [ 120.759319472000016, 14.316048685000055 ], [ 120.759801317000097, 14.316192213000022 ], [ 120.760370303000059, 14.316274229000044 ], [ 120.760910358000046, 14.316158291000022 ], [ 120.761349369000072, 14.316545907000034 ], [ 120.762020876000065, 14.316633049000075 ], [ 120.76224642000011, 14.316699687000039 ], [ 120.762847348000037, 14.316721410000071 ], [ 120.762997150000047, 14.316391845000055 ] ] ] ] } },
{ "type": "Feature", "properties": { "psgc_code": 402115021, "name": "Malainen Luma", "corr_code": 42115021.0, "geo_level": "Bgy", "city_class": null, "inc_class": null, "urb_rur": null, "pop_2015": "R", "pop_2020": null, "status": null, "adm4_pcode": "PH0402115021", "adm4_en": "Malainen Luma", "adm3_pcode": "PH0402115", "adm2_pcode": "PH04021", "adm1_pcode": "PH04", "adm0_pcode": "PH", "shape_len": 0.159220439357, "shape_area": 0.000796462534435, "shape_sqkm": 9.5094497090400001 }, "geometry": { "type": "MultiPolygon", "coordinates": [ [ [ [ 120.793693961000031, 14.278267420000077 ], [ 120.793785805000084, 14.278083733000074 ], [ 120.79383590100008, 14.277916744000038 ], [ 120.793952793000017, 14.277808202000074 ], [ 120.794048811000039, 14.277799852000044 ], [ 120.794149004000019, 14.277632864000054 ], [ 120.794207450000044, 14.277445002000036 ], [ 120.79426589600007, 14.277311411000028 ], [ 120.794236673000114, 14.277127724000025 ], [ 120.794207450000044, 14.276914813000076 ], [ 120.7942742460001, 14.276731126000072 ], [ 120.794407837000108, 14.276651807000064 ], [ 120.794629096000108, 14.276651807000064 ], [ 120.794762687000116, 14.276672680000047 ], [ 120.794858705000024, 14.276655981000033 ], [ 120.79489627800001, 14.276501517000042 ], [ 120.794904627000051, 14.276309480000066 ], [ 120.794837832000098, 14.276209287000029 ], [ 120.794804434000071, 14.27609657000005 ], [ 120.794921326, 14.275992202000054 ], [ 120.795084140000085, 14.275942106000059 ], [ 120.795142586000111, 14.275866961000077 ], [ 120.79521404400009, 14.275725077000061 ], [ 120.795287938000115, 14.275617595000028 ], [ 120.795432366000114, 14.275610878000066 ], [ 120.795563360000074, 14.275557137000021 ], [ 120.795633895000037, 14.275439578000032 ], [ 120.795637254000098, 14.275308585000062 ], [ 120.795603666000034, 14.275197744000025 ], [ 120.795556642000065, 14.275110415000029 ], [ 120.795580154000049, 14.274882016000049 ], [ 120.795684277000078, 14.274757740000041 ], [ 120.79589252400001, 14.274777892000031 ], [ 120.796026876000042, 14.274821557000053 ], [ 120.796204893000095, 14.274922321000076 ], [ 120.796342605000063, 14.274986139000077 ], [ 120.796463522000067, 14.275036521000061 ], [ 120.796624745000031, 14.274972704000049 ], [ 120.796701997000014, 14.274787969000045 ], [ 120.796665051000105, 14.274569646000032 ], [ 120.796661692000043, 14.274458805000052 ], [ 120.796641539, 14.274361400000032 ], [ 120.796759097000063, 14.274257277000061 ], [ 120.796990855000104, 14.27428414700006 ], [ 120.797222613000031, 14.274331170000039 ], [ 120.797494677000032, 14.274351323000076 ], [ 120.797686129000112, 14.27439498800004 ], [ 120.79792796400011, 14.274428576000048 ], [ 120.798145447000024, 14.274347964000071 ], [ 120.798422549000065, 14.274201856000047 ], [ 120.798654307000106, 14.274015442000064 ], [ 120.79886591200011, 14.27384918100006 ], [ 120.799148052000078, 14.273632537000026 ], [ 120.799258893000115, 14.273481391000075 ], [ 120.799284084000078, 14.273219404000031 ], [ 120.799425154000119, 14.273073295000074 ], [ 120.799435231000075, 14.272937263000074 ], [ 120.799309275000041, 14.272776040000053 ], [ 120.799213549000115, 14.272715582000046 ], [ 120.799309275000041, 14.272554359000026 ], [ 120.799450346000071, 14.272337715000049 ], [ 120.799445307000042, 14.272186569000041 ], [ 120.799586377000082, 14.271944734000044 ], [ 120.799707295000076, 14.271723053000073 ], [ 120.799742562, 14.271536639000033 ], [ 120.799797983000076, 14.271355263000032 ], [ 120.799893709000116, 14.271173887000032 ], [ 120.799848365000116, 14.270937091000064 ], [ 120.799752639000076, 14.270528995000063 ], [ 120.799677065000083, 14.270438307000063 ], [ 120.799641798000039, 14.270297237000023 ], [ 120.799581339000042, 14.270120899000062 ], [ 120.799566225000035, 14.269964715000071 ], [ 120.799520881000035, 14.269813568000075 ], [ 120.799505766000038, 14.269677536000074 ], [ 120.799500728000112, 14.26953142800005 ], [ 120.799541033000082, 14.26937020500003 ], [ 120.799757677000116, 14.269234173000029 ], [ 120.799913862000039, 14.269103179000069 ], [ 120.80010027600008, 14.268891574000065 ], [ 120.800125467000043, 14.268720275000021 ], [ 120.80000958800008, 14.268423020000057 ], [ 120.799903785000083, 14.268216453000036 ], [ 120.799727448000112, 14.268055230000073 ], [ 120.799641798000039, 14.267924236000056 ], [ 120.801728458000071, 14.26845103200003 ], [ 120.80312334000007, 14.268546138000033 ], [ 120.804803538000101, 14.268768051000052 ], [ 120.806388631000118, 14.269275280000045 ], [ 120.808037127000034, 14.270162932000062 ], [ 120.810066046000088, 14.270923777000064 ], [ 120.810537923000084, 14.27108314700007 ], [ 120.810732377000022, 14.270763686000066 ], [ 120.811079617000019, 14.270333109000035 ], [ 120.811218513000085, 14.270055317000072 ], [ 120.811732428000028, 14.270221992000074 ], [ 120.81192688200008, 14.26990253200006 ], [ 120.811774096000022, 14.269680298000026 ], [ 120.811746317000029, 14.269194163000066 ], [ 120.811982440000065, 14.268902481000055 ], [ 120.812413018000029, 14.268902481000055 ], [ 120.812663030000067, 14.26858302100004 ], [ 120.812899153000103, 14.268069106000041 ], [ 120.813454737000029, 14.267457964000073 ], [ 120.813940873000092, 14.267041276000043 ], [ 120.814218664, 14.266888491000032 ], [ 120.81457979400011, 14.267194062000044 ], [ 120.814968702000101, 14.267194062000044 ], [ 120.81516315600004, 14.266985718000058 ], [ 120.815204825000023, 14.266527361000044 ], [ 120.815232604000016, 14.266221790000031 ], [ 120.815243133000081, 14.266192836000073 ], [ 120.81534372100009, 14.265916219000076 ], [ 120.815635403000101, 14.265485642000044 ], [ 120.816065980000076, 14.265499532000035 ], [ 120.816427109000074, 14.265513421000037 ], [ 120.816760459000079, 14.265193961000023 ], [ 120.817024362000097, 14.264943948000052 ], [ 120.817038251000099, 14.264402254000061 ], [ 120.817024362000097, 14.264180021000072 ], [ 120.81726048500002, 14.263930008000045 ], [ 120.817649393000011, 14.263693885000066 ], [ 120.817885516000047, 14.263568879000047 ], [ 120.818024412000113, 14.263193860000058 ], [ 120.818121639000083, 14.262929958000029 ], [ 120.818496658000072, 14.262860510000053 ], [ 120.818816119000076, 14.262929958000029 ], [ 120.819038352, 14.263138301000026 ], [ 120.819399481000119, 14.263332756000068 ], [ 120.819552267000063, 14.263124412000025 ], [ 120.819760611000106, 14.263110522000034 ], [ 120.82001062300003, 14.263263308000035 ], [ 120.820274526000048, 14.263221639000051 ], [ 120.820663434000039, 14.262832730000071 ], [ 120.820774551000113, 14.26241604300003 ], [ 120.821038453000028, 14.262110472000074 ], [ 120.821107901000119, 14.261804901000062 ], [ 120.821413472000017, 14.261485440000058 ], [ 120.821871828000099, 14.261165980000044 ], [ 120.82210795200001, 14.260790961000055 ], [ 120.822399633000032, 14.260679844000038 ], [ 120.822635756000068, 14.260638175000054 ], [ 120.822927437000089, 14.260513169000035 ], [ 120.823260787000095, 14.260360383000034 ], [ 120.823441352000032, 14.259860358000026 ], [ 120.823774702000037, 14.259582566000063 ], [ 120.824316396000086, 14.259124210000039 ], [ 120.824663636000082, 14.259026983000069 ], [ 120.824802532000035, 14.258707522000066 ], [ 120.82523310900001, 14.25861029500004 ], [ 120.825469232000046, 14.25851306800007 ], [ 120.82569146600008, 14.258207497000058 ], [ 120.825751240000045, 14.257964980000054 ], [ 120.825867928000093, 14.257827998000039 ], [ 120.825949102000095, 14.257746824000037 ], [ 120.825969396000119, 14.257569255000021 ], [ 120.825969396000119, 14.257391686000062 ], [ 120.826101304000076, 14.257153237000068 ], [ 120.826223066000011, 14.257061916000055 ], [ 120.826334680000059, 14.256950301000074 ], [ 120.82648688200004, 14.25677780500007 ], [ 120.826603570000088, 14.256696631000068 ], [ 120.826654304000044, 14.256605310000054 ], [ 120.826695591000089, 14.256500539000058 ], [ 120.826720258000023, 14.25643788800005 ], [ 120.826862313000106, 14.256255246000023 ], [ 120.82697900200003, 14.25605231000003 ], [ 120.827156570000056, 14.255859521000048 ], [ 120.827273259000094, 14.255742833000056 ], [ 120.827400093000051, 14.255580484000063 ], [ 120.827445754000109, 14.255402915000047 ], [ 120.827445754000109, 14.255235493000043 ], [ 120.827501561000076, 14.255017337000027 ], [ 120.827562442000044, 14.254905722000046 ], [ 120.827658837000058, 14.254738300000042 ], [ 120.827831332000073, 14.254631759000063 ], [ 120.82803426800001, 14.254540438000049 ], [ 120.828166176000082, 14.254489704000036 ], [ 120.828293011000028, 14.254388236000068 ], [ 120.828369112000019, 14.254210667000052 ], [ 120.828440140000112, 14.253982364000024 ], [ 120.8284299930001, 14.253764208000064 ], [ 120.828384332000041, 14.253571419000025 ], [ 120.828176323000093, 14.253358337000066 ], [ 120.828019048000101, 14.253267016000052 ], [ 120.827922653000087, 14.253160474000026 ], [ 120.827780598000118, 14.252962612000033 ], [ 120.827734938000049, 14.252744456000073 ], [ 120.827750158000072, 14.252506006000033 ], [ 120.827871919000017, 14.252353804000052 ], [ 120.827953094, 14.252267557000039 ], [ 120.828049488000033, 14.252155942000059 ], [ 120.828115442000012, 14.252018960000044 ], [ 120.828054561000044, 14.251861685000051 ], [ 120.82795816700002, 14.251795731000072 ], [ 120.827907433000064, 14.251602942000034 ], [ 120.827907433000064, 14.251481180000042 ], [ 120.827927727000088, 14.251354345000038 ], [ 120.827978461000043, 14.251075308000054 ], [ 120.828090075000091, 14.250796272000059 ], [ 120.828252424000084, 14.250567969000031 ], [ 120.828470580000044, 14.25041576700005 ], [ 120.828840938000099, 14.250243272000034 ], [ 120.829155488000083, 14.250020042000074 ], [ 120.829454819000034, 14.249867840000036 ], [ 120.829678048000119, 14.249710565000044 ], [ 120.829967232000058, 14.249416308000036 ], [ 120.830114360000039, 14.249228592000065 ], [ 120.830281782000043, 14.249005363000038 ], [ 120.830459351000059, 14.248782134000066 ], [ 120.830535452000049, 14.248579198000073 ], [ 120.830692727000041, 14.248376262000022 ], [ 120.830981911000094, 14.248300161000031 ], [ 120.831078305, 14.24825450000003 ], [ 120.831245728000113, 14.248087078000026 ], [ 120.831321828000114, 14.247955170000068 ], [ 120.831453737000061, 14.247858775000054 ], [ 120.83159579200003, 14.247838482000077 ], [ 120.831839315000025, 14.247787748000064 ], [ 120.832143719000101, 14.24761525200006 ], [ 120.832341581000037, 14.247569592000048 ], [ 120.832519150000053, 14.247610179000048 ], [ 120.832590177000043, 14.247488418000046 ], [ 120.832478563000109, 14.247305775000029 ], [ 120.832402462000118, 14.247189087000038 ], [ 120.832483636, 14.247006445000068 ], [ 120.832595251000043, 14.246762922000073 ], [ 120.832752526000036, 14.246575206000045 ], [ 120.833051856000111, 14.246286023000039 ], [ 120.833305526000117, 14.246128747000057 ], [ 120.83348309500002, 14.245991766000031 ], [ 120.833626638000055, 14.245661590000054 ], [ 120.833777350000105, 14.245360164000033 ], [ 120.83406801000001, 14.245080269000027 ], [ 120.833497872000066, 14.244780468000044 ], [ 120.832418313000062, 14.24468659300004 ], [ 120.830423474000099, 14.244217219000063 ], [ 120.827888856000072, 14.243747846000076 ], [ 120.824971426000047, 14.243142535000061 ], [ 120.823359400000072, 14.242527474000042 ], [ 120.820519689000093, 14.242339724000033 ], [ 120.817961603000072, 14.241565258000037 ], [ 120.815755546000105, 14.241588727000021 ], [ 120.813690302000055, 14.241213228000049 ], [ 120.811696768000047, 14.240780361000077 ], [ 120.810720469000103, 14.240763187000027 ], [ 120.810683584000117, 14.241067490000034 ], [ 120.810526822000043, 14.241537777000076 ], [ 120.81039772400004, 14.241915851000044 ], [ 120.810277847000066, 14.242284703000053 ], [ 120.810130306000019, 14.242847203000053 ], [ 120.810038092000013, 14.243169949000048 ], [ 120.809816781000109, 14.243483474000072 ], [ 120.809595469000101, 14.243704785000034 ], [ 120.809392601000013, 14.243898433000027 ], [ 120.809088297000017, 14.244064416000072 ], [ 120.808922314000029, 14.244248842000047 ], [ 120.808830101000012, 14.24449781800007 ], [ 120.808710224000038, 14.244691465000074 ], [ 120.808479691000116, 14.244986547000053 ], [ 120.808369035000055, 14.245263187000035 ], [ 120.808304486000111, 14.24549372000007 ], [ 120.808258379000108, 14.245798023000077 ], [ 120.808276822000039, 14.246056220000071 ], [ 120.808267601000011, 14.246277531000032 ], [ 120.808120060000078, 14.246775482000032 ], [ 120.808046289000117, 14.247024457000066 ], [ 120.807769650000068, 14.247153556000058 ], [ 120.807502232000047, 14.247208883000042 ], [ 120.807207150000067, 14.247273433000032 ], [ 120.80698583800006, 14.247420974000022 ], [ 120.806792191000113, 14.247725277000029 ], [ 120.806672314000025, 14.247974252000063 ], [ 120.806543215000033, 14.248333884000033 ], [ 120.80649710900002, 14.248675072000026 ], [ 120.80649710900002, 14.248951711000075 ], [ 120.806469445000062, 14.24927445700007 ], [ 120.806229691000112, 14.249311343000045 ], [ 120.806017601, 14.24928367900003 ], [ 120.805777846000069, 14.249265236000042 ], [ 120.805427437000048, 14.249329785000043 ], [ 120.805243010000027, 14.249514211000076 ], [ 120.805012478000094, 14.249680195000053 ], [ 120.804689732000043, 14.249947613000074 ], [ 120.804440756000076, 14.250224252000066 ], [ 120.804108789000111, 14.250491670000031 ], [ 120.803869035000048, 14.250786752000067 ], [ 120.80364772300004, 14.251081834000047 ], [ 120.803472519000024, 14.251450687000045 ], [ 120.803251207000017, 14.251782654000067 ], [ 120.802974568000081, 14.251957859000072 ], [ 120.802734814000019, 14.252022408000073 ], [ 120.802439732000039, 14.252050072000031 ], [ 120.802163092000114, 14.251948638000044 ], [ 120.80195100200001, 14.25182876100007 ], [ 120.801702027000033, 14.251589007000064 ], [ 120.801489937000042, 14.25133081000007 ], [ 120.801222518000031, 14.250943515000074 ], [ 120.801010428000041, 14.250666875000036 ], [ 120.800789117000022, 14.250602326000035 ], [ 120.80050325600007, 14.250648433000038 ], [ 120.800180510000018, 14.250768310000069 ], [ 120.799765551000064, 14.250934293000057 ], [ 120.799415141000054, 14.251026507000063 ], [ 120.79915694500005, 14.251238597000054 ], [ 120.798981740000045, 14.25162589200005 ], [ 120.798907969000084, 14.251920974000029 ], [ 120.798815756000067, 14.252289826000037 ], [ 120.798815756000067, 14.252649457000075 ], [ 120.798741986000095, 14.252926097000056 ], [ 120.798428461000071, 14.252962982000042 ], [ 120.798179486000095, 14.253055195000059 ], [ 120.797727641000051, 14.253128966000077 ], [ 120.797257354000067, 14.253221179000036 ], [ 120.797217498, 14.253202268000052 ], [ 120.796916166000074, 14.253359498000066 ], [ 120.796731740000041, 14.253645359000075 ], [ 120.79660264100005, 14.253968105000069 ], [ 120.796510428000033, 14.254235523000034 ], [ 120.796528871000078, 14.254512162000026 ], [ 120.79660264100005, 14.254770359000076 ], [ 120.796676412000011, 14.255065441000056 ], [ 120.79671329700011, 14.255397408000022 ], [ 120.79660264100005, 14.255618720000029 ], [ 120.796459711000011, 14.255892285000073 ], [ 120.796361350000097, 14.256254990000059 ], [ 120.79631831800009, 14.256642285000055 ], [ 120.796355203000076, 14.257011138000053 ], [ 120.796361350000097, 14.257447613000068 ], [ 120.796342394000021, 14.258069133000049 ], [ 120.796459174, 14.258427813000026 ], [ 120.796709416000112, 14.258594642000048 ], [ 120.796976341000118, 14.258628007000027 ], [ 120.797243267000113, 14.258744787000069 ], [ 120.797435119000056, 14.259111809000046 ], [ 120.797443460000068, 14.259478831000024 ], [ 120.797109804000115, 14.259737415000075 ], [ 120.796717758000113, 14.259954292000032 ], [ 120.796384101000058, 14.26008775400004 ], [ 120.796025420000092, 14.260137803000077 ], [ 120.795658398000114, 14.26023790000005 ], [ 120.79563337400009, 14.260588239000072 ], [ 120.795675081000013, 14.260846823000065 ], [ 120.795691764000026, 14.261097065000058 ], [ 120.795700105000037, 14.261489112000049 ], [ 120.795641715000102, 14.261914524000076 ], [ 120.79548322800008, 14.262273205000042 ], [ 120.795408156, 14.262573495000026 ], [ 120.795416497000019, 14.262740324000049 ], [ 120.795349766000072, 14.263040615000023 ], [ 120.795149572000014, 14.263190760000043 ], [ 120.794874305, 14.263407637000057 ], [ 120.794540649000055, 14.263624513000025 ], [ 120.794198651000102, 14.263757976000022 ], [ 120.793990116000032, 14.263874756000064 ], [ 120.793689825000115, 14.263983194000048 ], [ 120.793381192000084, 14.263983194000048 ], [ 120.79321436400005, 14.264208412000073 ], [ 120.79306421900003, 14.264458655000055 ], [ 120.792889049000109, 14.264767287000041 ], [ 120.792805635000036, 14.265192699000067 ], [ 120.792797294000025, 14.265492990000041 ], [ 120.792763928000113, 14.265743232000034 ], [ 120.792605441000092, 14.265960109000048 ], [ 120.792421930000046, 14.266035182000053 ], [ 120.792221736000101, 14.266185327000073 ], [ 120.792004859000031, 14.26635215500005 ], [ 120.791729593000014, 14.266552349000051 ], [ 120.791512716000057, 14.266619081000044 ], [ 120.791162377000092, 14.266760885000053 ], [ 120.790887110000085, 14.26684429900007 ], [ 120.790545112000018, 14.266794250000032 ], [ 120.790303211000037, 14.266969420000066 ], [ 120.790011262, 14.267194638000035 ], [ 120.789827751000075, 14.267403173000048 ], [ 120.789827751000075, 14.267636733000074 ], [ 120.789952872000072, 14.267878634000056 ], [ 120.789936189000059, 14.268145559000061 ], [ 120.789852775000099, 14.268462533000047 ], [ 120.789619215000016, 14.268829555000025 ], [ 120.789469070000109, 14.269063115000051 ], [ 120.789435704000084, 14.269279991000076 ], [ 120.789268876000051, 14.269388430000049 ], [ 120.789060341000095, 14.269438478000041 ], [ 120.788951902, 14.269355064000024 ], [ 120.78887682900006, 14.26920491900006 ], [ 120.788609904000054, 14.269171553000035 ], [ 120.788534832000096, 14.269330040000057 ], [ 120.788276248000102, 14.269388430000049 ], [ 120.788042688000019, 14.269480185000077 ], [ 120.78773405600009, 14.269621989000029 ], [ 120.787500496, 14.269655355000054 ], [ 120.787250254000014, 14.269822183000031 ], [ 120.787100109000107, 14.270039060000045 ], [ 120.786866549000024, 14.270105791000049 ], [ 120.786574600000108, 14.270147498000028 ], [ 120.786282650000089, 14.270130815000073 ], [ 120.785965676000046, 14.270189205000065 ], [ 120.78575714100009, 14.27026427800007 ], [ 120.785431826000035, 14.270397741000068 ], [ 120.785256656000115, 14.270556228000032 ], [ 120.78508148700007, 14.270723056000065 ], [ 120.784856268000112, 14.270823153000038 ], [ 120.784581002000095, 14.270889884000042 ], [ 120.784355784000013, 14.270931591000021 ], [ 120.78416393100008, 14.271065054000076 ], [ 120.784030469000072, 14.271206858000028 ], [ 120.783821933000013, 14.271423734000052 ], [ 120.783613398000057, 14.27159890400003 ], [ 120.783429887000011, 14.271582221000074 ], [ 120.783087889000058, 14.271640611000066 ], [ 120.78331180400005, 14.272282158000053 ], [ 120.783468355000082, 14.272647444000029 ], [ 120.783650998000098, 14.273117097000068 ], [ 120.783807549000016, 14.273638935000065 ], [ 120.784055421000062, 14.274226001000045 ], [ 120.784091679000085, 14.274344664000068 ], [ 120.784198927000034, 14.274695655000073 ], [ 120.784290248000048, 14.274943527000062 ], [ 120.784472891000064, 14.275347951000072 ], [ 120.784746856000083, 14.275608870000042 ], [ 120.785021745000108, 14.275843536000025 ], [ 120.78543348300002, 14.275569044000065 ], [ 120.785737811000104, 14.275419863000025 ], [ 120.786042139000074, 14.275228912000046 ], [ 120.786435975000018, 14.275115535000054 ], [ 120.78684174600005, 14.275020060000031 ], [ 120.787217680000026, 14.275169240000025 ], [ 120.787718927000014, 14.275258749000045 ], [ 120.78790987800005, 14.275455667000074 ], [ 120.788220173000013, 14.275563077000072 ], [ 120.788387255000089, 14.275748060000069 ], [ 120.788615579000066, 14.275934523000046 ], [ 120.788745288000086, 14.276040454000054 ], [ 120.789037682000071, 14.276123995000034 ], [ 120.789264436000053, 14.276291077000053 ], [ 120.789694075000057, 14.276493962000075 ], [ 120.790384852000102, 14.276833237000062 ], [ 120.791089191000083, 14.277206621000062 ], [ 120.791589866000095, 14.277384828000038 ], [ 120.79214145800006, 14.277715783000076 ], [ 120.79268456300008, 14.277919447000045 ], [ 120.793057948000069, 14.278174028000024 ], [ 120.793531147000067, 14.278438583000025 ], [ 120.793693961000031, 14.278267420000077 ] ] ] ] } },
{ "type": "Feature", "properties": { "psgc_code": 402115022, "name": "Molino", "corr_code": 42115021.999999993, "geo_level": "Bgy", "city_class": null, "inc_class": null, "urb_rur": null, "pop_2015": "R", "pop_2020": null, "status": null, "adm4_pcode": "PH0402115022", "adm4_en": "Molino", "adm3_pcode": "PH0402115", "adm2_pcode": "PH04021", "adm1_pcode": "PH04", "adm0_pcode": "PH", "shape_len": 0.088504274474699995, "shape_area": 0.00029633571332199999, "shape_sqkm": 3.5377355381400002 }, "geometry": { "type": "MultiPolygon", "coordinates": [ [ [ [ 120.781341759000043, 14.294696688000045 ], [ 120.781348231000038, 14.294515465000075 ], [ 120.781240797, 14.294436076000068 ], [ 120.781153128000028, 14.294285787000035 ], [ 120.78112808000003, 14.294198118000054 ], [ 120.781111381000073, 14.294097925000074 ], [ 120.78103623700008, 14.293935111000053 ], [ 120.781023712000092, 14.293847442000072 ], [ 120.781061285000078, 14.293692978000024 ], [ 120.78112808000003, 14.293580261000045 ], [ 120.781253322000111, 14.293455019000078 ], [ 120.781399436000015, 14.293384049000053 ], [ 120.781541377000053, 14.29332142800007 ], [ 120.781562250000093, 14.293150265000065 ], [ 120.781466232000071, 14.293004150000058 ], [ 120.781274195000037, 14.29299162600006 ], [ 120.781082158000117, 14.293016675000047 ], [ 120.780948568000099, 14.293054247000043 ], [ 120.780819152000049, 14.29304589700007 ], [ 120.780618765000099, 14.292970753000077 ], [ 120.78046847600001, 14.292862210000067 ], [ 120.780485175000081, 14.292699396000046 ], [ 120.780535271000076, 14.292532408000056 ], [ 120.780660513000043, 14.292315323000025 ], [ 120.780685561000041, 14.292077364000022 ], [ 120.780635464000056, 14.291906201000074 ], [ 120.780681386000083, 14.291793484000038 ], [ 120.780831676000048, 14.291684942000074 ], [ 120.780973616000097, 14.291672418000076 ], [ 120.781140604000029, 14.291676592000044 ], [ 120.781274195000037, 14.291576399000064 ], [ 120.781232448000083, 14.291384362000031 ], [ 120.7811573030001, 14.291246597000054 ], [ 120.781278370000109, 14.291092133000063 ], [ 120.78147875600007, 14.291029512000023 ], [ 120.781616521000046, 14.291008638000051 ], [ 120.78178768500004, 14.290937668000026 ], [ 120.781841956000108, 14.290749806000065 ], [ 120.78188787800002, 14.29057864300006 ], [ 120.781975547000116, 14.290365733000044 ], [ 120.782100788000093, 14.290144473000055 ], [ 120.78213836000009, 14.289927388000024 ], [ 120.782159234000119, 14.289747876000035 ], [ 120.782226029000071, 14.289509917000032 ], [ 120.782276126000056, 14.289305356000057 ], [ 120.782259427000099, 14.289109145000054 ], [ 120.782221855000103, 14.288933807000035 ], [ 120.782393018000107, 14.288754294000057 ], [ 120.782593404000067, 14.288649927000051 ], [ 120.782735344000116, 14.28855390800004 ], [ 120.782935730000077, 14.288495462000071 ], [ 120.783106893000081, 14.288474589000032 ], [ 120.783315629000072, 14.288416143000063 ], [ 120.783503491000033, 14.288353522000023 ], [ 120.783683003000078, 14.288295076000054 ], [ 120.783954360000052, 14.288194883000074 ], [ 120.784112999000058, 14.288027895000027 ], [ 120.784242415000108, 14.287919352000074 ], [ 120.784388530000115, 14.287794111000039 ], [ 120.784580566000045, 14.287668869000072 ], [ 120.78474338, 14.287589550000064 ], [ 120.784906194000087, 14.28747265800007 ], [ 120.78506900800005, 14.287410037000029 ], [ 120.78528191800001, 14.287410037000029 ], [ 120.785411334000059, 14.287393339000062 ], [ 120.785490653000011, 14.287280621000036 ], [ 120.78552822600011, 14.287167904000057 ], [ 120.785453081000014, 14.287046838000037 ], [ 120.785620069000061, 14.286946644000068 ], [ 120.78574113600007, 14.286875674000044 ], [ 120.785812106000094, 14.286758782000049 ], [ 120.78594152200003, 14.286666939000042 ], [ 120.786037541000042, 14.286633541000072 ], [ 120.786066764000111, 14.286499950000064 ], [ 120.786150258000021, 14.28642480600007 ], [ 120.786187830000017, 14.286341311000058 ], [ 120.786146083000062, 14.286228594000022 ], [ 120.78604171500001, 14.286003160000064 ], [ 120.785979095000016, 14.285827822000044 ], [ 120.785916474000032, 14.285677532000022 ], [ 120.785954046000029, 14.285506369000075 ], [ 120.785983269000099, 14.285305983000057 ], [ 120.785983269000099, 14.285159868000051 ], [ 120.78594152200003, 14.285034627000073 ], [ 120.785891426000035, 14.284946958000035 ], [ 120.78584132900005, 14.284813367000027 ], [ 120.785891426000035, 14.284667252000077 ], [ 120.785999968000056, 14.284508613000071 ], [ 120.786150258000021, 14.284483565000073 ], [ 120.786308897000026, 14.284475215000043 ], [ 120.786446662000117, 14.28440007100005 ], [ 120.786530157000016, 14.284262305000027 ], [ 120.786530157000016, 14.284091142000023 ], [ 120.7865092830001, 14.283903280000061 ], [ 120.786429963000046, 14.283723767000026 ], [ 120.786321421000025, 14.283552604000022 ], [ 120.786262975000113, 14.283456586000057 ], [ 120.786217053000087, 14.283322995000049 ], [ 120.786192005000089, 14.283218627000053 ], [ 120.786162782000019, 14.283110085000033 ], [ 120.786225403000117, 14.282997368000053 ], [ 120.786375692000092, 14.282976494000025 ], [ 120.786563554000054, 14.283022416000051 ], [ 120.786713844000019, 14.283051639000064 ], [ 120.786868308000066, 14.283051639000064 ], [ 120.786997724000116, 14.282909699000072 ], [ 120.787118791000012, 14.282742710000036 ], [ 120.787177237000037, 14.282579897000062 ], [ 120.787218984000106, 14.282421258000056 ], [ 120.787244032000103, 14.282270968000034 ], [ 120.787281605000089, 14.282141552000041 ], [ 120.787352575000114, 14.282041359000061 ], [ 120.787615581000068, 14.282037184000046 ], [ 120.787749172000076, 14.282070582000074 ], [ 120.787924510000039, 14.282250094000062 ], [ 120.787995480000063, 14.282412908000026 ], [ 120.788124896000113, 14.282513101000063 ], [ 120.788208390000023, 14.282517276000021 ], [ 120.788304409000034, 14.282379510000055 ], [ 120.788458873000081, 14.282279317000075 ], [ 120.788630036000086, 14.282212522000066 ], [ 120.78880119900009, 14.282166600000039 ], [ 120.788943140000015, 14.282216697000024 ], [ 120.789055857000108, 14.282300191000047 ], [ 120.789114303000019, 14.282400384000027 ], [ 120.789218671000071, 14.282442131000039 ], [ 120.789368960000047, 14.28238368500007 ], [ 120.789419057000032, 14.282262618000061 ], [ 120.789506726000013, 14.282195823000052 ], [ 120.789586045000078, 14.282279317000075 ], [ 120.789736335000043, 14.282237570000063 ], [ 120.789915847000088, 14.282129028000043 ], [ 120.790057787000023, 14.282045534000076 ], [ 120.790166330000034, 14.281987088000051 ], [ 120.790337493000038, 14.281970389000037 ], [ 120.790450210000017, 14.281941166000024 ], [ 120.790600500000096, 14.28194534000005 ], [ 120.790721567000105, 14.282012136000048 ], [ 120.790842633000011, 14.282037184000046 ], [ 120.790980399000091, 14.282062232000044 ], [ 120.791080592000071, 14.282070582000074 ], [ 120.791239231000077, 14.28199961200005 ], [ 120.791326900000058, 14.28194534000005 ], [ 120.791376996000054, 14.281711557000051 ], [ 120.791351948000056, 14.28154874300003 ], [ 120.791326900000058, 14.281365056000027 ], [ 120.791276803000073, 14.281214766000062 ], [ 120.791301851000071, 14.281043603000057 ], [ 120.791393695000011, 14.280910012000049 ], [ 120.791556509000088, 14.280805644000054 ], [ 120.791727672000093, 14.280717975000073 ], [ 120.791806991000044, 14.280630306000035 ], [ 120.79196563000005, 14.280596909000053 ], [ 120.792149318000043, 14.280588559000023 ], [ 120.792299607000018, 14.28046749300006 ], [ 120.792370577000042, 14.280254582000055 ], [ 120.792433198000026, 14.280054196000037 ], [ 120.79240397500007, 14.279849635000062 ], [ 120.792328830000088, 14.279711870000028 ], [ 120.79227455900002, 14.27958662900005 ], [ 120.792257860000063, 14.279440514000044 ], [ 120.792149318000043, 14.279281875000038 ], [ 120.792028251000033, 14.279206730000055 ], [ 120.792040775000032, 14.279056440000033 ], [ 120.792170191000082, 14.278977121000025 ], [ 120.79239562600003, 14.278935374000071 ], [ 120.792529216000048, 14.27882683100006 ], [ 120.792754651000109, 14.278730813000038 ], [ 120.792921639000042, 14.278722463000065 ], [ 120.793051055000092, 14.278718289000039 ], [ 120.793251442000042, 14.278630620000058 ], [ 120.793389207000018, 14.278555475000076 ], [ 120.793531147000067, 14.278438583000025 ], [ 120.793057948000069, 14.278174028000024 ], [ 120.79268456300008, 14.277919447000045 ], [ 120.79214145800006, 14.277715783000076 ], [ 120.791589866000095, 14.277384828000038 ], [ 120.791089191000083, 14.277206621000062 ], [ 120.790384852000102, 14.276833237000062 ], [ 120.789694075000057, 14.276493962000075 ], [ 120.789264436000053, 14.276291077000053 ], [ 120.789037682000071, 14.276123995000034 ], [ 120.788745288000086, 14.276040454000054 ], [ 120.788615579000066, 14.275934523000046 ], [ 120.788387255000089, 14.275748060000069 ], [ 120.788220173000013, 14.275563077000072 ], [ 120.78790987800005, 14.275455667000074 ], [ 120.787718927000014, 14.275258749000045 ], [ 120.787217680000026, 14.275169240000025 ], [ 120.78684174600005, 14.275020060000031 ], [ 120.786435975000018, 14.275115535000054 ], [ 120.786042139000074, 14.275228912000046 ], [ 120.785737811000104, 14.275419863000025 ], [ 120.78543348300002, 14.275569044000065 ], [ 120.785021745000108, 14.275843536000025 ], [ 120.784669679000103, 14.27619560200003 ], [ 120.784222138000018, 14.27658943800003 ], [ 120.78359558000011, 14.276738618000024 ], [ 120.783040629000084, 14.276678946000061 ], [ 120.78243197200004, 14.276726684000039 ], [ 120.781751710000094, 14.276672979000068 ], [ 120.781280300000049, 14.276702815000021 ], [ 120.780808889000014, 14.276667012000075 ], [ 120.780068955000047, 14.277060848000076 ], [ 120.779436430000032, 14.277192127000035 ], [ 120.779012757000032, 14.277353242000061 ], [ 120.778565216000061, 14.277496455000062 ], [ 120.778260888000091, 14.27748452000003 ], [ 120.777723838000043, 14.277669504000073 ], [ 120.777389674, 14.277711275000058 ], [ 120.777145018000056, 14.277902226000037 ], [ 120.776858592000053, 14.278093177000073 ], [ 120.776590067000029, 14.278146882000044 ], [ 120.776357346000054, 14.278260259000035 ], [ 120.776154460000043, 14.278475079000032 ], [ 120.776094788000023, 14.278773439000076 ], [ 120.776005280000049, 14.278964390000056 ], [ 120.775965903000042, 14.279145923000044 ], [ 120.775603234000073, 14.279135058000065 ], [ 120.774685362000014, 14.279682652000076 ], [ 120.774600793000104, 14.279589904000034 ], [ 120.77410571900009, 14.279417512000066 ], [ 120.773849342000062, 14.279333526000073 ], [ 120.773548761000029, 14.279152294000028 ], [ 120.773239340000032, 14.27891801800007 ], [ 120.77285035400007, 14.278679322000073 ], [ 120.772505570000021, 14.278405263000025 ], [ 120.772244772000022, 14.278197509000051 ], [ 120.772151946, 14.278140045000043 ], [ 120.771988395000108, 14.278095842000027 ], [ 120.77178506100006, 14.277901349000047 ], [ 120.771621510000045, 14.277751059000025 ], [ 120.771519843000078, 14.277675913000053 ], [ 120.771427017000065, 14.27765381200004 ], [ 120.771325350000097, 14.277751059000025 ], [ 120.770649044000038, 14.278414104000035 ], [ 120.770273318000022, 14.27858649500007 ], [ 120.769919694, 14.27877214800003 ], [ 120.769513026000027, 14.279019685000037 ], [ 120.769371577000015, 14.27910367100003 ], [ 120.769296432000033, 14.279085989000066 ], [ 120.769199185000048, 14.27898874300007 ], [ 120.769044474000111, 14.27877214800003 ], [ 120.768987010000046, 14.278714684000022 ], [ 120.768885344000068, 14.27877214800003 ], [ 120.768615705000116, 14.278966641000068 ], [ 120.768350487000021, 14.27910367100003 ], [ 120.767988022000054, 14.27924954100007 ], [ 120.767462007000063, 14.279413092000027 ], [ 120.767099542000096, 14.279519179000033 ], [ 120.766997875000015, 14.279545701000075 ], [ 120.766882947000113, 14.279448454000033 ], [ 120.766768019000097, 14.279355628000076 ], [ 120.766688454000018, 14.279307005000021 ], [ 120.766595628000118, 14.279315845000042 ], [ 120.766339250000101, 14.279479396000056 ], [ 120.765198812000108, 14.280195485000036 ], [ 120.765338826000061, 14.280254053000021 ], [ 120.765484444000094, 14.280373196000028 ], [ 120.765504110000052, 14.280555795000055 ], [ 120.765510209000013, 14.280842420000056 ], [ 120.765583390000074, 14.281232718000069 ], [ 120.765650472000061, 14.281464457000027 ], [ 120.765796834000071, 14.282507285000065 ], [ 120.765956601000084, 14.283404709000024 ], [ 120.766061280000031, 14.284003363000068 ], [ 120.766200524000055, 14.284783917000027 ], [ 120.766320157000109, 14.285348740000074 ], [ 120.766371148000076, 14.285617424000066 ], [ 120.766343692000078, 14.285672337000051 ], [ 120.766337524000051, 14.285871877000034 ], [ 120.766582204000088, 14.286199499000077 ], [ 120.766764677000083, 14.286464914000021 ], [ 120.766905678000057, 14.286676417000024 ], [ 120.767030092000027, 14.286912802000074 ], [ 120.767125475000057, 14.287140893000071 ], [ 120.767278918000102, 14.287414602000069 ], [ 120.767448950000016, 14.287742224000056 ], [ 120.767614834000028, 14.287941285000045 ], [ 120.767809748000104, 14.288136199000064 ], [ 120.768008810000083, 14.288297937000038 ], [ 120.768872022000096, 14.288446356000065 ], [ 120.768876311000099, 14.288592184000038 ], [ 120.768867732000103, 14.288862395000024 ], [ 120.768846287000088, 14.289051113000028 ], [ 120.768769084000041, 14.289317034000021 ], [ 120.768781951000051, 14.289552932000049 ], [ 120.768824842000072, 14.289711627000031 ], [ 120.768893467000112, 14.28985745500006 ], [ 120.768940646000033, 14.290003283000033 ], [ 120.76893635700003, 14.290157689000068 ], [ 120.768889178000109, 14.290294938000045 ], [ 120.76885870000001, 14.290404806000026 ], [ 120.768811975000062, 14.290513680000061 ], [ 120.768811975000062, 14.290646641000023 ], [ 120.768760506000035, 14.290792469000053 ], [ 120.768747639000026, 14.290964031000044 ], [ 120.768756217000032, 14.291092702000071 ], [ 120.768775614000106, 14.291230694000035 ], [ 120.768836660000034, 14.291386085000056 ], [ 120.769033015000105, 14.291491142000041 ], [ 120.769198939000034, 14.291462535000051 ], [ 120.769256154000118, 14.291359548000059 ], [ 120.769244711000056, 14.291199346000042 ], [ 120.769256154000118, 14.29107347300004 ], [ 120.76941063400011, 14.290924714000028 ], [ 120.769570836000071, 14.290896106000048 ], [ 120.769690988000093, 14.290913271000022 ], [ 120.769731038000032, 14.291010536000044 ], [ 120.769828304000043, 14.291153574000077 ], [ 120.769948455000076, 14.291205067000021 ], [ 120.770080050000047, 14.291256561000068 ], [ 120.770228809000059, 14.291342383000028 ], [ 120.770343239000113, 14.291239396000037 ], [ 120.770354682000061, 14.291067751000071 ], [ 120.770352955000021, 14.291040123000073 ], [ 120.771554491000074, 14.29125706700006 ], [ 120.773027118000073, 14.29169885500005 ], [ 120.774002734000078, 14.292048604000058 ], [ 120.774725431000093, 14.292324649000022 ], [ 120.774867903000086, 14.29237994500005 ], [ 120.775825111000017, 14.292821733000039 ], [ 120.776800727000023, 14.293116259000044 ], [ 120.777445001000046, 14.293318745000022 ], [ 120.77823653900009, 14.29357645500005 ], [ 120.778287309, 14.293588171000067 ], [ 120.778954445000068, 14.293742126000041 ], [ 120.779525088000014, 14.294018243000039 ], [ 120.78005891600003, 14.294220730000063 ], [ 120.78066637500001, 14.294386401000054 ], [ 120.781336095000029, 14.294707308000056 ], [ 120.781341759000043, 14.294696688000045 ] ] ] ] } },
{ "type": "Feature", "properties": { "psgc_code": 402115023, "name": "Munting Mapino", "corr_code": 42115023.0, "geo_level": "Bgy", "city_class": null, "inc_class": null, "urb_rur": null, "pop_2015": "U", "pop_2020": null, "status": null, "adm4_pcode": "PH0402115023", "adm4_en": "Munting Mapino", "adm3_pcode": "PH0402115", "adm2_pcode": "PH04021", "adm1_pcode": "PH04", "adm0_pcode": "PH", "shape_len": 0.041879319085199998, "shape_area": 6.0423275368000003e-05, "shape_sqkm": 0.72119832475099999 }, "geometry": { "type": "MultiPolygon", "coordinates": [ [ [ [ 120.774312067000096, 14.339524183000037 ], [ 120.774115721000044, 14.339291182000068 ], [ 120.774240685000109, 14.339287396000032 ], [ 120.774346716000082, 14.339325264000024 ], [ 120.774418665000098, 14.339347984000028 ], [ 120.774539842000081, 14.339257101000044 ], [ 120.774551203000101, 14.339170005000028 ], [ 120.774475467000116, 14.339098056000068 ], [ 120.774376379000046, 14.339062712000043 ], [ 120.774310741000022, 14.338931436000053 ], [ 120.77425267700005, 14.338812783000037 ], [ 120.7742122840001, 14.338716851000072 ], [ 120.774159269000052, 14.338615870000069 ], [ 120.774116352000078, 14.338527511000052 ], [ 120.77408605800008, 14.338444202000062 ], [ 120.774045665000017, 14.338355843000045 ], [ 120.773997699, 14.33828515600004 ], [ 120.773939635000033, 14.338181650000024 ], [ 120.773911865000059, 14.338116012000057 ], [ 120.773884095000085, 14.338020080000035 ], [ 120.77387147200011, 14.337951918000044 ], [ 120.773853801000087, 14.337883755000064 ], [ 120.773803310000062, 14.337828216000048 ], [ 120.773735148000014, 14.337701989000038 ], [ 120.773717476000115, 14.33760858100004 ], [ 120.773659412000029, 14.337507600000038 ], [ 120.773603872000081, 14.33739399600006 ], [ 120.773563479000018, 14.337313211000037 ], [ 120.773568529000045, 14.337197083000035 ], [ 120.773596298000029, 14.337106199000061 ], [ 120.773573578000082, 14.336962301000028 ], [ 120.773530661000109, 14.33686384400005 ], [ 120.773485219, 14.336742667000067 ], [ 120.773437253000111, 14.336626538000075 ], [ 120.77340695800001, 14.33650788500006 ], [ 120.773369090000074, 14.33642457600007 ], [ 120.773350620000087, 14.336348691000069 ], [ 120.773331222000024, 14.336268054000072 ], [ 120.773305977000064, 14.33619231800003 ], [ 120.773293354000089, 14.336136779000071 ], [ 120.773293354000089, 14.336063567000053 ], [ 120.773295879000102, 14.335982782000031 ], [ 120.773338796000075, 14.335909571000059 ], [ 120.773394336000024, 14.335843933000035 ], [ 120.773477645000071, 14.335798491000048 ], [ 120.773571053000069, 14.335763148000069 ], [ 120.773656887000016, 14.335742952000032 ], [ 120.773760393000089, 14.335742952000032 ], [ 120.773858850000011, 14.335730329000057 ], [ 120.773969929000032, 14.33570508400004 ], [ 120.774038092000069, 14.33570508400004 ], [ 120.774141597000039, 14.335674789000052 ], [ 120.774235005000037, 14.335616725000023 ], [ 120.774333462000072, 14.335530891000076 ], [ 120.774414247000095, 14.335465253000052 ], [ 120.774573293000117, 14.335270864000051 ], [ 120.774646504000088, 14.335164834000068 ], [ 120.774681847000011, 14.335089098000026 ], [ 120.774717191000036, 14.335036083000034 ], [ 120.774795451000045, 14.334972969000034 ], [ 120.774888859000043, 14.334894709000025 ], [ 120.774984791000065, 14.334813924000059 ], [ 120.775037807000103, 14.33473566300006 ], [ 120.775068101000102, 14.334632157000044 ], [ 120.77512364100005, 14.334538750000036 ], [ 120.775153935000048, 14.33446301400005 ], [ 120.775201901000059, 14.334402425000064 ], [ 120.775282686000082, 14.334362032000058 ], [ 120.775391241000079, 14.33428882100003 ], [ 120.775484649000077, 14.334213085000044 ], [ 120.775560385000063, 14.334170168000071 ], [ 120.775633596000034, 14.33414239800004 ], [ 120.77573205300007, 14.334132300000022 ], [ 120.775810314000069, 14.334139873000026 ], [ 120.775893623000115, 14.334157545000039 ], [ 120.775987031000113, 14.334170168000071 ], [ 120.776082963000022, 14.334192889000064 ], [ 120.776138503000084, 14.334223183000063 ], [ 120.776252107000118, 14.334301444000062 ], [ 120.776307647000067, 14.334354459000053 ], [ 120.776355613000078, 14.334397376000027 ], [ 120.776423775000012, 14.33441504700005 ], [ 120.776504560000035, 14.334417572000064 ], [ 120.776630787000045, 14.334402425000064 ], [ 120.776741866000066, 14.334389802000032 ], [ 120.776847897000039, 14.334377179000057 ], [ 120.776898387000074, 14.334387278000065 ], [ 120.776961500000084, 14.334387278000065 ], [ 120.777009467000084, 14.334374655000033 ], [ 120.777034712000045, 14.334341836000021 ], [ 120.777092776000018, 14.334316591000061 ], [ 120.777178610000078, 14.334346885000059 ], [ 120.777256871000077, 14.334389802000032 ], [ 120.777307361000112, 14.334440293000057 ], [ 120.777395720000072, 14.334427670000025 ], [ 120.777420965000033, 14.334372130000077 ], [ 120.777463882, 14.334298919000048 ], [ 120.77752952000003, 14.334263576000069 ], [ 120.777595158000054, 14.334197938000045 ], [ 120.777648173000102, 14.334157545000039 ], [ 120.777751679000062, 14.334114628000066 ], [ 120.777850136000097, 14.334069186000022 ], [ 120.777923347000069, 14.33401617100003 ], [ 120.777983936000055, 14.333983352000075 ], [ 120.778082393000091, 14.333935386000064 ], [ 120.778158129000076, 14.333910141000047 ], [ 120.778216193000048, 14.333889945000067 ], [ 120.778347469000096, 14.333841979000056 ], [ 120.778450975000055, 14.33380663500003 ], [ 120.778524186000027, 14.333773816000075 ], [ 120.778584775000013, 14.33378139000007 ], [ 120.778660511000112, 14.333819258000062 ], [ 120.778736247000097, 14.333834405000061 ], [ 120.778824606000057, 14.333804111000063 ], [ 120.778912964000028, 14.333768767000038 ], [ 120.77896850400009, 14.333682933000034 ], [ 120.778965979000077, 14.333602148000068 ], [ 120.77894578300004, 14.333533986000077 ], [ 120.778870047000055, 14.333458250000035 ], [ 120.778806934000045, 14.333397661000049 ], [ 120.778769066000109, 14.333306778000065 ], [ 120.778764017000071, 14.333220944000061 ], [ 120.778766541000095, 14.333167928000023 ], [ 120.778766541000095, 14.333092192000038 ], [ 120.77875644300002, 14.333049275000064 ], [ 120.778764017000071, 14.332986162000054 ], [ 120.778804409000031, 14.332930622000049 ], [ 120.778890243000092, 14.332880132000071 ], [ 120.778943259000016, 14.332842264000021 ], [ 120.778988700000014, 14.332801871000072 ], [ 120.779024044000039, 14.332753905000061 ], [ 120.779059387000075, 14.332700890000069 ], [ 120.779082108000011, 14.332657973000039 ], [ 120.779114927000023, 14.332610007000028 ], [ 120.77919823600007, 14.332556991000047 ], [ 120.779226006000044, 14.332526697000048 ], [ 120.779316890000018, 14.332433289000051 ], [ 120.779144263000035, 14.332329732000062 ], [ 120.778817749000041, 14.332138912000062 ], [ 120.778185924000013, 14.331748791000052 ], [ 120.778054470000029, 14.331655501000057 ], [ 120.777710994000017, 14.331447720000028 ], [ 120.777588021000042, 14.331388354000069 ], [ 120.777465048000067, 14.331367151000052 ], [ 120.777371759000062, 14.331248419000076 ], [ 120.776930753000102, 14.330977031000032 ], [ 120.776051933000076, 14.330424907000065 ], [ 120.775380061000078, 14.33001144800005 ], [ 120.774684698000101, 14.329593290000048 ], [ 120.774510857000109, 14.329471132000037 ], [ 120.774228953000033, 14.329301989000044 ], [ 120.774149080000029, 14.329217418000042 ], [ 120.773951748000059, 14.329128148000052 ], [ 120.773834288000103, 14.329052974000035 ], [ 120.773627558000044, 14.328902625000069 ], [ 120.773500701000103, 14.328818054000067 ], [ 120.77336914600005, 14.328756975000033 ], [ 120.773237591000111, 14.328672403000041 ], [ 120.773096639000073, 14.328573737000056 ], [ 120.772913401000096, 14.328460975000041 ], [ 120.772654989000102, 14.328310627000064 ], [ 120.772142863000113, 14.32798643700005 ], [ 120.771945530000039, 14.327864279000039 ], [ 120.771668325000064, 14.327695136000045 ], [ 120.771151501000077, 14.327394439000045 ], [ 120.770503122000036, 14.327004471000066 ], [ 120.770242797000037, 14.326847435000047 ], [ 120.770209471000044, 14.326829064000037 ], [ 120.770131165000066, 14.326766419000023 ], [ 120.770127011000113, 14.326781334000032 ], [ 120.770118014000104, 14.326860435000071 ], [ 120.770098570000073, 14.326934968000046 ], [ 120.769988390000094, 14.327009502000067 ], [ 120.769900894000102, 14.327129404000061 ], [ 120.769887932000074, 14.327307637000047 ], [ 120.769949503000021, 14.327443742000071 ], [ 120.769965706000107, 14.327664103000075 ], [ 120.769867678000082, 14.327887704000034 ], [ 120.769804486000112, 14.328121027000066 ], [ 120.769673242000067, 14.328252272000043 ], [ 120.769541998000022, 14.328364072000056 ], [ 120.769405892, 14.328349490000051 ], [ 120.769264926, 14.32832032400006 ], [ 120.769119100000012, 14.328466151000043 ], [ 120.769167708000055, 14.328602256000067 ], [ 120.769157987000085, 14.32871891800005 ], [ 120.76895869000009, 14.328796692000026 ], [ 120.768701062000105, 14.328918215000044 ], [ 120.768404548000035, 14.329136955000024 ], [ 120.768093450000038, 14.329311947000065 ], [ 120.767933040000116, 14.329462635000027 ], [ 120.767733744000111, 14.329520966000075 ], [ 120.767495560000043, 14.329608462000067 ], [ 120.767359455000019, 14.32978831500003 ], [ 120.767291402000069, 14.330070247000037 ], [ 120.767060015000084, 14.330657371000029 ], [ 120.767029840000077, 14.330727866000075 ], [ 120.766978799000071, 14.330713679000041 ], [ 120.766941854000038, 14.330770835000067 ], [ 120.76696782700003, 14.330781525000077 ], [ 120.766990821000036, 14.330788487000063 ], [ 120.766997965000087, 14.330788460000065 ], [ 120.767010175000109, 14.330803125000045 ], [ 120.767017409000118, 14.33080452400003 ], [ 120.767040548000068, 14.330818536000038 ], [ 120.767079592000073, 14.330829744000027 ], [ 120.767238436000071, 14.33088839800007 ], [ 120.767311897000013, 14.330922567000073 ], [ 120.767329527000015, 14.330939651000051 ], [ 120.767341280000096, 14.33094819300004 ], [ 120.76736478600003, 14.330979512000056 ], [ 120.767382415000043, 14.331013678000033 ], [ 120.767391230000044, 14.331025066000052 ], [ 120.767402982000021, 14.331062079000048 ], [ 120.767402980000043, 14.331087703000037 ], [ 120.767411794000054, 14.331121868000025 ], [ 120.767423546000032, 14.331144645000052 ], [ 120.767441176000034, 14.33116172900003 ], [ 120.767452930000104, 14.331170271000076 ], [ 120.767479376000097, 14.331184507000046 ], [ 120.767491130000053, 14.331187355000054 ], [ 120.76750288300002, 14.331193050000024 ], [ 120.767552837000039, 14.331204441000068 ], [ 120.767564591000109, 14.331210136000038 ], [ 120.767576345000066, 14.331212984000047 ], [ 120.767588099000022, 14.331218678000027 ], [ 120.767614545000015, 14.331227221000063 ], [ 120.767640991, 14.331232917000023 ], [ 120.767676252000115, 14.331244307000077 ], [ 120.767690945000027, 14.331247155000028 ], [ 120.767702699000097, 14.331252850000055 ], [ 120.767717391000019, 14.331255697000074 ], [ 120.767767344000049, 14.331278477000069 ], [ 120.767779098, 14.331281325000077 ], [ 120.767805544000112, 14.331292714000028 ], [ 120.767820236000034, 14.331301256000074 ], [ 120.767831990000104, 14.331304104000026 ], [ 120.767879005000054, 14.331324036000069 ], [ 120.767975974000024, 14.331346818000043 ], [ 120.76799948200005, 14.331355361000021 ], [ 120.768037682000113, 14.331363904000057 ], [ 120.768061190000026, 14.331375294000054 ], [ 120.768072943000107, 14.331383835000054 ], [ 120.768131712000013, 14.331412309000029 ], [ 120.768140527000014, 14.331418004000056 ], [ 120.768166973, 14.331429394000054 ], [ 120.768199295000045, 14.33145217200007 ], [ 120.768211049000115, 14.33145786700004 ], [ 120.768216926000036, 14.331463562000067 ], [ 120.768231618000073, 14.331472104000056 ], [ 120.76825512500011, 14.331489187000045 ], [ 120.768266879000066, 14.331494882000072 ], [ 120.768287448000024, 14.331511966000051 ], [ 120.768299202000094, 14.331517661000078 ], [ 120.768325647000097, 14.331543286000056 ], [ 120.768337401000053, 14.331548981000026 ], [ 120.76834915400002, 14.331557523000072 ], [ 120.768372662000047, 14.331568912000023 ], [ 120.768428491, 14.331620163000025 ], [ 120.768446121000011, 14.331640094000022 ], [ 120.768451998000046, 14.331651482000041 ], [ 120.768469628000048, 14.331668566000076 ], [ 120.768510766000077, 14.331697039000062 ], [ 120.76854602700007, 14.331728359000067 ], [ 120.768613022000068, 14.331657783000026 ], [ 120.76863065900011, 14.331655502000046 ], [ 120.76864946, 14.331668028000024 ], [ 120.768655334000073, 14.331685113000049 ], [ 120.768677663000062, 14.331713586000035 ], [ 120.768694117000109, 14.331731808000029 ], [ 120.768710573000021, 14.331756871000039 ], [ 120.768721151000022, 14.331767121000041 ], [ 120.768750531000023, 14.331788751000033 ], [ 120.768757583000024, 14.331795584000076 ], [ 120.768795179000108, 14.331819480000036 ], [ 120.768822202000024, 14.33184110600007 ], [ 120.768838646000063, 14.331851344000029 ], [ 120.768858618000081, 14.331868418000056 ], [ 120.768869196000082, 14.331880946000069 ], [ 120.768917413000054, 14.331950455000026 ], [ 120.768942106000054, 14.331981219000056 ], [ 120.768965601000104, 14.331999425000049 ], [ 120.768993807000015, 14.332027897000046 ], [ 120.768998514000032, 14.332034736000026 ], [ 120.769010263000041, 14.332044981000024 ], [ 120.769019670000034, 14.332056376000025 ], [ 120.769034944000055, 14.332083596000075 ], [ 120.769050231000051, 14.332105230000025 ], [ 120.769056121000062, 14.332123443000057 ], [ 120.76908081900001, 14.332156473000055 ], [ 120.769093741, 14.332162173000029 ], [ 120.769118400000025, 14.332169016000023 ], [ 120.769132495, 14.33217699100004 ], [ 120.769148942000015, 14.332189520000043 ], [ 120.769177146000061, 14.332215714000029 ], [ 120.769195957000079, 14.332237353000039 ], [ 120.769200656000066, 14.332240769000066 ], [ 120.769207715000107, 14.332251020000058 ], [ 120.76923122300002, 14.332274936000033 ], [ 120.769266440000024, 14.33229429000005 ], [ 120.769279366000092, 14.332306816000028 ], [ 120.769294669000033, 14.332330736000074 ], [ 120.769295896000017, 14.33234897400007 ], [ 120.769292414, 14.332360379000022 ], [ 120.769288914000072, 14.332366085000046 ], [ 120.769284316000039, 14.332370683000022 ], [ 120.769272821000072, 14.332377633000021 ], [ 120.769264856000063, 14.332389164000062 ], [ 120.769247649000022, 14.332406534000029 ], [ 120.7692407830001, 14.332415799000046 ], [ 120.76922830500007, 14.33244359400004 ], [ 120.769227337000075, 14.33245979000003 ], [ 120.76922864900007, 14.332471352000027 ], [ 120.76923948700005, 14.332496734000074 ], [ 120.769247802000109, 14.332507082000063 ], [ 120.769271473000117, 14.332530021000025 ], [ 120.769298659000015, 14.332554074000029 ], [ 120.769312804000037, 14.332564346000026 ], [ 120.769322307000039, 14.332575844000075 ], [ 120.769362412000078, 14.332607840000037 ], [ 120.769369551000068, 14.332617046000053 ], [ 120.769387272000017, 14.332633075000047 ], [ 120.769413584000063, 14.332665203000033 ], [ 120.769421868000109, 14.332673235000073 ], [ 120.769427770000107, 14.332676699000046 ], [ 120.769455004000065, 14.332705359000045 ], [ 120.76947279400008, 14.332727122000051 ], [ 120.769494235000025, 14.332762598000045 ], [ 120.769521566000094, 14.332798140000023 ], [ 120.769543066000097, 14.33283483200006 ], [ 120.76957879400004, 14.332883066000022 ], [ 120.769594345000087, 14.332908350000025 ], [ 120.769614606000118, 14.332934801000022 ], [ 120.769630214000017, 14.332962426000051 ], [ 120.76964931100008, 14.332987758000058 ], [ 120.76966969700004, 14.333020033000025 ], [ 120.769711336000114, 14.33307071400003 ], [ 120.769728176000058, 14.333105343000057 ], [ 120.769737752000083, 14.333121499000072 ], [ 120.769750846000079, 14.333138789000031 ], [ 120.769763887000067, 14.333152598000027 ], [ 120.769787521000012, 14.333173266000074 ], [ 120.76980418100004, 14.333195161000049 ], [ 120.769825841000056, 14.333236776000035 ], [ 120.769849674000056, 14.333269072000064 ], [ 120.769854514000031, 14.333279495000056 ], [ 120.769867661000035, 14.333299129000068 ], [ 120.769876167, 14.33331884100005 ], [ 120.769886954000071, 14.333336189000022 ], [ 120.769912346000069, 14.333387219000031 ], [ 120.769939844000078, 14.333426533000022 ], [ 120.769955259000085, 14.333442639000054 ], [ 120.769963521000022, 14.333448353000051 ], [ 120.769968259000052, 14.333462743000041 ], [ 120.769977799000117, 14.333476576000066 ], [ 120.769995736000055, 14.333515765000072 ], [ 120.770007676000091, 14.333533080000052 ], [ 120.770018454000024, 14.33355616700004 ], [ 120.770022037000103, 14.333560789000046 ], [ 120.770038842000076, 14.333601239000075 ], [ 120.770050844000025, 14.333626695000078 ], [ 120.770058020000079, 14.333635955000034 ], [ 120.770060444000023, 14.33364522100004 ], [ 120.770065246000058, 14.333654488000036 ], [ 120.770099990000062, 14.333704314000045 ], [ 120.770119134000083, 14.333727489000069 ], [ 120.770123915000113, 14.333736756000064 ], [ 120.770156094000072, 14.333777234000024 ], [ 120.770167997000044, 14.333789939000042 ], [ 120.770184683000025, 14.333814221000068 ], [ 120.770203719000051, 14.333836156000075 ], [ 120.770216166000068, 14.333866236000063 ], [ 120.77024006900001, 14.333904430000075 ], [ 120.77027712000006, 14.33394723300006 ], [ 120.77028189400005, 14.333956486000034 ], [ 120.770321291000073, 14.334009653000066 ], [ 120.770341574000099, 14.334051275000036 ], [ 120.770376162000048, 14.334097457000041 ], [ 120.770395240000084, 14.334129799000038 ], [ 120.770400004000066, 14.334132086000068 ], [ 120.770409907000044, 14.334159938000028 ], [ 120.770430236000038, 14.334181896000075 ], [ 120.770463655000071, 14.33423156300006 ], [ 120.770481557000039, 14.33425234200007 ], [ 120.77048392800009, 14.334258123000041 ], [ 120.7705006220001, 14.334280062000062 ], [ 120.770557783000072, 14.334381857000039 ], [ 120.77056613600007, 14.334392250000064 ], [ 120.770601929, 14.334448642000041 ], [ 120.770638828000074, 14.334492004000026 ], [ 120.770649525000067, 14.334511515000031 ], [ 120.770657849000031, 14.334523027000046 ], [ 120.770660226000018, 14.334524170000066 ], [ 120.770679251000047, 14.334554109000067 ], [ 120.770687572000043, 14.33456446100007 ], [ 120.770698276000076, 14.334588667000048 ], [ 120.770704219000095, 14.334596721000025 ], [ 120.770707782000045, 14.334596698000041 ], [ 120.770712538000112, 14.334618627000054 ], [ 120.770756598000048, 14.334670519000042 ], [ 120.770769688000087, 14.334688957000026 ], [ 120.770807771000023, 14.33473159700003 ], [ 120.770824417000085, 14.334758086000022 ], [ 120.77082679800003, 14.33475923900005 ], [ 120.770833931000084, 14.334770755000022 ], [ 120.770847012000104, 14.334786877000056 ], [ 120.770881477000103, 14.334846746000039 ], [ 120.770898116000012, 14.334872070000074 ], [ 120.77090049100002, 14.334878979000052 ], [ 120.77091237400009, 14.334898547000023 ], [ 120.770936140000117, 14.334929614000032 ], [ 120.770942080000054, 14.334935363000056 ], [ 120.771003844, 14.335041223000076 ], [ 120.771032340000033, 14.335081466000076 ], [ 120.771044215000074, 14.335099876000072 ], [ 120.771044221000011, 14.335102199000062 ], [ 120.771047789000022, 14.33510566800004 ], [ 120.77105137, 14.335113786000022 ], [ 120.771093092000115, 14.335169443000041 ], [ 120.771105011000031, 14.335181034000072 ], [ 120.771107384000061, 14.335181019000061 ], [ 120.771136015000025, 14.335222705000035 ], [ 120.771146125000087, 14.335240613000053 ], [ 120.771151173000021, 14.335253635000072 ], [ 120.771151162000024, 14.335258513000042 ], [ 120.771156210000072, 14.33527317000005 ], [ 120.77116124500003, 14.335295977000044 ], [ 120.771171370000047, 14.335317189000023 ], [ 120.771181505000072, 14.335336786000028 ], [ 120.771223812000017, 14.335402219000059 ], [ 120.771244148000051, 14.335446445000059 ], [ 120.771267906000048, 14.335484179000048 ], [ 120.771288283000104, 14.335507175000032 ], [ 120.77130868100005, 14.335536756000067 ], [ 120.771329084000058, 14.335559783000065 ], [ 120.771339289000025, 14.335574595000026 ], [ 120.77137838200008, 14.335619047000023 ], [ 120.771391991000087, 14.335637162000069 ], [ 120.771480405000034, 14.335734340000045 ], [ 120.771495727000115, 14.335754119000057 ], [ 120.771534899000017, 14.335811823000029 ], [ 120.771553586000095, 14.335833227000023 ], [ 120.771568902000013, 14.335856303000071 ], [ 120.771607886000083, 14.335887508000042 ], [ 120.771623119000083, 14.335897338000052 ], [ 120.771743877000063, 14.336070332000077 ], [ 120.771766088000049, 14.336113266000041 ], [ 120.771796798000082, 14.336166093000031 ], [ 120.771827411000118, 14.336207289000072 ], [ 120.771830847000047, 14.336215565000032 ], [ 120.771835931000055, 14.336220489000027 ], [ 120.771839384000032, 14.336230431000047 ], [ 120.771849633000102, 14.336248606000026 ], [ 120.771927737000055, 14.336340749000044 ], [ 120.77194617400005, 14.336373545000072 ], [ 120.771966592000012, 14.336398275000022 ], [ 120.771978526000112, 14.33640654900006 ], [ 120.772005738000075, 14.336441156000035 ], [ 120.77202611000007, 14.336477366000054 ], [ 120.77203970100004, 14.336495477000028 ], [ 120.772046505000048, 14.336502069000062 ], [ 120.772054994000086, 14.336516884000048 ], [ 120.772070289000112, 14.336538296000072 ], [ 120.772073681000052, 14.336546527000053 ], [ 120.772116186000062, 14.336607498000035 ], [ 120.772136594000017, 14.336640469000031 ], [ 120.772148497000103, 14.336665205000031 ], [ 120.77216721700006, 14.336696552000035 ], [ 120.772199571000101, 14.336739463000072 ], [ 120.772202977, 14.336746067000036 ], [ 120.772208087000081, 14.336751018000029 ], [ 120.772211494000089, 14.336757624000029 ], [ 120.772230232000084, 14.336777432000076 ], [ 120.772274540000012, 14.336838544000045 ], [ 120.772289892000117, 14.336866649000058 ], [ 120.772317177000104, 14.336903011000061 ], [ 120.772344492000116, 14.336949338000068 ], [ 120.772361541, 14.336965857000052 ], [ 120.772385400000076, 14.336985661000028 ], [ 120.772399054000061, 14.33700385700007 ], [ 120.77243657300005, 14.337043520000066 ], [ 120.772451957000044, 14.337068362000025 ], [ 120.772487948000048, 14.337143013000059 ], [ 120.77252046000001, 14.33719276100004 ], [ 120.772525624000082, 14.337206062000064 ], [ 120.772537617000012, 14.337225983000053 ], [ 120.772556443000099, 14.337252525000054 ], [ 120.772580447000109, 14.337292394000031 ], [ 120.772585570000047, 14.337297357000068 ], [ 120.772590745000116, 14.337310681000076 ], [ 120.772613037000042, 14.337345578000054 ], [ 120.772628424000118, 14.337362147000022 ], [ 120.772674688000052, 14.337425266000025 ], [ 120.772710607000022, 14.337470022000048 ], [ 120.772717385000078, 14.337476555000023 ], [ 120.772724218, 14.337489797000046 ], [ 120.772727577000069, 14.337489707000032 ], [ 120.772750723000058, 14.337541376000047 ], [ 120.772762707000084, 14.337561281000035 ], [ 120.772772996000072, 14.337574588000052 ], [ 120.772796946000085, 14.337616027000024 ], [ 120.772815780000087, 14.337644236000074 ], [ 120.772832859000118, 14.337678990000029 ], [ 120.772870481000041, 14.337741954000023 ], [ 120.772925207000071, 14.337821513000051 ], [ 120.772938887, 14.337838096000041 ], [ 120.772942301000057, 14.337844712000049 ], [ 120.772961102000068, 14.337867914000071 ], [ 120.772964515000012, 14.337874528000043 ], [ 120.772983304000036, 14.337899366000045 ], [ 120.772996948000014, 14.33792911300003 ], [ 120.773020841000061, 14.337967150000054 ], [ 120.773118017000115, 14.338086142000066 ], [ 120.773128235000058, 14.338102648000074 ], [ 120.773189469000044, 14.338175196000066 ], [ 120.773213269000053, 14.338209803000041 ], [ 120.77325062500006, 14.338255889000038 ], [ 120.773265930000093, 14.33828555100007 ], [ 120.773281208000071, 14.338306942000031 ], [ 120.773294804000102, 14.338331649000054 ], [ 120.773320260000105, 14.338369486000033 ], [ 120.773328773000117, 14.338389269000061 ], [ 120.773361007000062, 14.338438604000032 ], [ 120.773361023, 14.338441917000068 ], [ 120.773371219000069, 14.338461679000034 ], [ 120.773393279000061, 14.338496218000046 ], [ 120.7734120450001, 14.338521012000058 ], [ 120.77342059800003, 14.33853590700005 ], [ 120.773441081000101, 14.338562370000034 ], [ 120.77347700100006, 14.33861702400003 ], [ 120.773519773000089, 14.338670090000051 ], [ 120.773538710000025, 14.338701713000034 ], [ 120.773542188000079, 14.338710061000029 ], [ 120.773552497000082, 14.338725036000028 ], [ 120.773558771000012, 14.33875020000005 ], [ 120.773577511000099, 14.338784695000072 ], [ 120.773589446000074, 14.338814261000039 ], [ 120.773603100000059, 14.338842231000058 ], [ 120.773611643000095, 14.338865267000074 ], [ 120.773615064000069, 14.338880075000077 ], [ 120.773615067000037, 14.33888829600005 ], [ 120.773620206000032, 14.338913005000052 ], [ 120.773620220000112, 14.338937718000068 ], [ 120.773621935000051, 14.338945971000044 ], [ 120.773616812000114, 14.338967406000052 ], [ 120.773609966000095, 14.338982250000072 ], [ 120.773599683000043, 14.339021939000077 ], [ 120.773589365000021, 14.339088328000059 ], [ 120.773585920000073, 14.339099972000042 ], [ 120.773584193000033, 14.339114958000039 ], [ 120.773584177000089, 14.339151647000051 ], [ 120.773582447000081, 14.339165008000066 ], [ 120.773584151000023, 14.339211842000054 ], [ 120.773591048000071, 14.339245325000036 ], [ 120.773606586000028, 14.339290542000072 ], [ 120.773625588000073, 14.339329066000062 ], [ 120.773644592000096, 14.339359208000076 ], [ 120.773651501000018, 14.33936757400005 ], [ 120.773654959000055, 14.339375957000073 ], [ 120.773661867000101, 14.339382642000032 ], [ 120.773665324000035, 14.339389346000075 ], [ 120.773699857000111, 14.339424446000066 ], [ 120.773711933000072, 14.339432778000059 ], [ 120.773734377000096, 14.33945953500006 ], [ 120.773737824000023, 14.339461193000034 ], [ 120.773770596000077, 14.339491233000047 ], [ 120.773777485000096, 14.339494545000036 ], [ 120.773818832000075, 14.339526180000064 ], [ 120.773844633000067, 14.339539420000051 ], [ 120.773860113000069, 14.339549378000072 ], [ 120.773873843000047, 14.339552621000053 ], [ 120.773880714000029, 14.339555923000034 ], [ 120.773897852000118, 14.339557451000076 ], [ 120.773923524000111, 14.339557220000074 ], [ 120.773964499000044, 14.33955013800005 ], [ 120.7739917990001, 14.339549896000051 ], [ 120.774025923000067, 14.339556300000027 ], [ 120.774053214000105, 14.339564433000078 ], [ 120.77409740600001, 14.339590642000076 ], [ 120.774131161000014, 14.339615082000023 ], [ 120.774166484000034, 14.339636088000077 ], [ 120.774188136000021, 14.339652612000066 ], [ 120.774312067000096, 14.339524183000037 ] ] ] ] } },
{ "type": "Feature", "properties": { "psgc_code": 402115024, "name": "Muzon", "corr_code": 42115024.0, "geo_level": "Bgy", "city_class": null, "inc_class": null, "urb_rur": null, "pop_2015": "R", "pop_2020": null, "status": null, "adm4_pcode": "PH0402115024", "adm4_en": "Muzon", "adm3_pcode": "PH0402115", "adm2_pcode": "PH04021", "adm1_pcode": "PH04", "adm0_pcode": "PH", "shape_len": 0.089576157061500003, "shape_area": 0.00032185026817899999, "shape_sqkm": 3.8421718350499998 }, "geometry": { "type": "MultiPolygon", "coordinates": [ [ [ [ 120.764752828000042, 14.303852490000054 ], [ 120.764777798000068, 14.303780353000036 ], [ 120.764891552000108, 14.303680472000053 ], [ 120.764905425000052, 14.303555620000054 ], [ 120.764910974000031, 14.303472385000077 ], [ 120.764991434000081, 14.303403023000044 ], [ 120.765052473000083, 14.303380827000069 ], [ 120.765146805000086, 14.303364180000074 ], [ 120.765216167000062, 14.303325337000047 ], [ 120.765274432000069, 14.303280946000029 ], [ 120.765332696000087, 14.303197711000053 ], [ 120.765368764000073, 14.303128349000076 ], [ 120.765415930000017, 14.303045114000042 ], [ 120.76543257700007, 14.302986850000025 ], [ 120.765377088000037, 14.302903615000048 ], [ 120.765343794000046, 14.302861998000026 ], [ 120.765435352000054, 14.302809283000045 ], [ 120.765476969000019, 14.302803734000065 ], [ 120.76554633100011, 14.302731597000047 ], [ 120.765593498000044, 14.302670558000045 ], [ 120.76562956600003, 14.302609520000033 ], [ 120.76562956600003, 14.30252906000004 ], [ 120.765712801000063, 14.302445825000063 ], [ 120.765762741000117, 14.302370914000051 ], [ 120.765768290000096, 14.302265483000042 ], [ 120.765779388000055, 14.302157278000038 ], [ 120.765815457000031, 14.302068495000071 ], [ 120.765912564000018, 14.302007456000069 ], [ 120.765993024000068, 14.301957515000026 ], [ 120.765965279000056, 14.301885378000065 ], [ 120.765998573000047, 14.301804918000073 ], [ 120.766081807000091, 14.301763301000051 ], [ 120.766095680000035, 14.301721684000029 ], [ 120.766095680000035, 14.301621802000057 ], [ 120.766112327000087, 14.301546891000044 ], [ 120.766203885000095, 14.301530244000048 ], [ 120.766292668, 14.301530244000048 ], [ 120.766342609000048, 14.301499725000042 ], [ 120.766339835000053, 14.301372098000058 ], [ 120.766317639000022, 14.301277766000055 ], [ 120.766317639000022, 14.301188982000042 ], [ 120.766337060000069, 14.301119620000065 ], [ 120.766389776000096, 14.301047483000048 ], [ 120.766453589000093, 14.30097534600003 ], [ 120.766470236000032, 14.300905984000053 ], [ 120.766581215000087, 14.300839397000061 ], [ 120.766639479000105, 14.300800554000034 ], [ 120.76671994000003, 14.300720094000042 ], [ 120.766767106000088, 14.300595242000043 ], [ 120.766783753000027, 14.300506458000029 ], [ 120.766819821000013, 14.300412126000026 ], [ 120.766814272000033, 14.300309469000069 ], [ 120.766786527000022, 14.300251205000052 ], [ 120.766689420000034, 14.300217911000061 ], [ 120.766672773000096, 14.300143 ], [ 120.76667554800008, 14.300048668000045 ], [ 120.76679437700011, 14.299960344000056 ], [ 120.76683877500011, 14.299816053000029 ], [ 120.766655635, 14.29972170800005 ], [ 120.766527992000078, 14.29958296600006 ], [ 120.766583489000027, 14.299322131000054 ], [ 120.766583489000027, 14.299077945000022 ], [ 120.766638986000089, 14.298772712000073 ], [ 120.766716682000038, 14.298606222000046 ], [ 120.767010815000049, 14.298733865000031 ], [ 120.767182855000101, 14.298794911000073 ], [ 120.76744369000005, 14.298667268000031 ], [ 120.767438140000081, 14.298411983000051 ], [ 120.76756023300004, 14.298134499000071 ], [ 120.76774337300003, 14.298029055000029 ], [ 120.767948711000031, 14.29806790300006 ], [ 120.768154049000032, 14.297945810000044 ], [ 120.768170698000063, 14.297673875000044 ], [ 120.768109652000021, 14.297462987000074 ], [ 120.768253944000094, 14.297252099000048 ], [ 120.768287242000042, 14.297085609000021 ], [ 120.768514779000043, 14.297041211000021 ], [ 120.768709018000095, 14.297063410000021 ], [ 120.768886607000013, 14.296996814000067 ], [ 120.768842210000116, 14.296730429000036 ], [ 120.768697918000044, 14.296741528000041 ], [ 120.768592474000116, 14.296724879000067 ], [ 120.768703468000012, 14.296619435000025 ], [ 120.768886607000013, 14.29651399100004 ], [ 120.769158542000014, 14.296430746000055 ], [ 120.769275085000118, 14.29633085200004 ], [ 120.769197390000045, 14.296153262000075 ], [ 120.768903257000034, 14.296075567000059 ], [ 120.768636872000116, 14.295964573000049 ], [ 120.768431534000115, 14.295909076000044 ], [ 120.768342739000104, 14.295859129000064 ], [ 120.768353838000053, 14.295775884000022 ], [ 120.768525878000105, 14.295764784000028 ], [ 120.768409335000115, 14.295614943000032 ], [ 120.768398235000063, 14.295503949000022 ], [ 120.768509229000074, 14.295420704000037 ], [ 120.768636872000116, 14.295309710000026 ], [ 120.768625772000064, 14.295137670000031 ], [ 120.768525878000105, 14.295071074000077 ], [ 120.768531428000074, 14.294921233000025 ], [ 120.768636872000116, 14.294782490000046 ], [ 120.768614673000116, 14.294443960000024 ], [ 120.768803362000085, 14.294394013000044 ], [ 120.768620223000084, 14.294183125000075 ], [ 120.768581375000053, 14.294088780000038 ], [ 120.768564726000022, 14.293955588000074 ], [ 120.768659071000116, 14.293783548000022 ], [ 120.768858859000034, 14.293650355000068 ], [ 120.768892157000096, 14.293483865000042 ], [ 120.768398235000063, 14.293345123000051 ], [ 120.768342739000104, 14.293256328000041 ], [ 120.768542527000022, 14.293134235000025 ], [ 120.768559176000053, 14.292967744000066 ], [ 120.768525878000105, 14.292817903000071 ], [ 120.768481481000094, 14.292673611000055 ], [ 120.768625772000064, 14.292529319000039 ], [ 120.768675720000033, 14.292401677000043 ], [ 120.768747865000023, 14.292185239000048 ], [ 120.768903257000034, 14.292129742000043 ], [ 120.769008701000075, 14.291996550000022 ], [ 120.768869958000096, 14.291835609000032 ], [ 120.768831111000054, 14.291608072000031 ], [ 120.768836660000034, 14.291386085000056 ], [ 120.768775614000106, 14.291230694000035 ], [ 120.768756217000032, 14.291092702000071 ], [ 120.768747639000026, 14.290964031000044 ], [ 120.768760506000035, 14.290792469000053 ], [ 120.768811975000062, 14.290646641000023 ], [ 120.768811975000062, 14.290513680000061 ], [ 120.76885870000001, 14.290404806000026 ], [ 120.768889178000109, 14.290294938000045 ], [ 120.76893635700003, 14.290157689000068 ], [ 120.768940646000033, 14.290003283000033 ], [ 120.768893467000112, 14.28985745500006 ], [ 120.768824842000072, 14.289711627000031 ], [ 120.768781951000051, 14.289552932000049 ], [ 120.768769084000041, 14.289317034000021 ], [ 120.768846287000088, 14.289051113000028 ], [ 120.768867732000103, 14.288862395000024 ], [ 120.768876311000099, 14.288592184000038 ], [ 120.768872022000096, 14.288446356000065 ], [ 120.768008810000083, 14.288297937000038 ], [ 120.767809748000104, 14.288136199000064 ], [ 120.767614834000028, 14.287941285000045 ], [ 120.767448950000016, 14.287742224000056 ], [ 120.767278918000102, 14.287414602000069 ], [ 120.767125475000057, 14.287140893000071 ], [ 120.767030092000027, 14.286912802000074 ], [ 120.766905678000057, 14.286676417000024 ], [ 120.766764677000083, 14.286464914000021 ], [ 120.766582204000088, 14.286199499000077 ], [ 120.766337524000051, 14.285871877000034 ], [ 120.766343692000078, 14.285672337000051 ], [ 120.766371148000076, 14.285617424000066 ], [ 120.766320157000109, 14.285348740000074 ], [ 120.766200524000055, 14.284783917000027 ], [ 120.766061280000031, 14.284003363000068 ], [ 120.765956601000084, 14.283404709000024 ], [ 120.765796834000071, 14.282507285000065 ], [ 120.765650472000061, 14.281464457000027 ], [ 120.765583390000074, 14.281232718000069 ], [ 120.765510209000013, 14.280842420000056 ], [ 120.765504110000052, 14.280555795000055 ], [ 120.765484444000094, 14.280373196000028 ], [ 120.765338826000061, 14.280254053000021 ], [ 120.765198812000108, 14.280195485000036 ], [ 120.764955696000015, 14.280350196000029 ], [ 120.764571130000036, 14.280703820000042 ], [ 120.764244027000018, 14.281008820000068 ], [ 120.763930186000039, 14.281265198000028 ], [ 120.763594243000057, 14.281517155000074 ], [ 120.763258300000075, 14.281835417000025 ], [ 120.762891415000013, 14.28213157700003 ], [ 120.762330037000083, 14.282317230000046 ], [ 120.762206268000114, 14.282454259000076 ], [ 120.761733296000102, 14.282953753000072 ], [ 120.761468078, 14.283311797000067 ], [ 120.761216121000075, 14.283669842000052 ], [ 120.760995106000109, 14.283877596000025 ], [ 120.760712207000097, 14.284187017000022 ], [ 120.760389525000051, 14.284545061000074 ], [ 120.760058002000051, 14.284920787000033 ], [ 120.759823726000036, 14.285097599000039 ], [ 120.759328652000022, 14.285455643000034 ], [ 120.758921985000029, 14.285804847000065 ], [ 120.758479955000098, 14.286211515000048 ], [ 120.758210316000032, 14.286463472000037 ], [ 120.757781547000036, 14.286834777000024 ], [ 120.757520749000037, 14.287099996000052 ], [ 120.757184806000055, 14.287382895000064 ], [ 120.756875385000058, 14.287652533000028 ], [ 120.756561544000078, 14.287904490000074 ], [ 120.756246358000112, 14.288153416000057 ], [ 120.755093745000067, 14.287294605000056 ], [ 120.754080522000095, 14.287351957000055 ], [ 120.753449648000014, 14.287600483000062 ], [ 120.752646716000072, 14.288212240000064 ], [ 120.751690846000088, 14.288747528000044 ], [ 120.750964384000099, 14.289225463000037 ], [ 120.750390862000017, 14.289665163000052 ], [ 120.750250353000069, 14.289788537000049 ], [ 120.74960704800003, 14.290353390000064 ], [ 120.74914823000006, 14.290984265000077 ], [ 120.748612943000012, 14.291634257000055 ], [ 120.747982068000056, 14.292532775000041 ], [ 120.747465898000087, 14.293450411000038 ], [ 120.746854141000085, 14.29413863700006 ], [ 120.745573275000083, 14.295648913000036 ], [ 120.744980635000047, 14.296662136000066 ], [ 120.744177704000094, 14.297426832000042 ], [ 120.743757121000044, 14.298287115000051 ], [ 120.744330643000012, 14.298822403000031 ], [ 120.745133574000079, 14.299185634000025 ], [ 120.745879153000033, 14.29968268600004 ], [ 120.746433558000035, 14.300065034000056 ], [ 120.747007080000117, 14.300485617000049 ], [ 120.747657072000038, 14.301001788000065 ], [ 120.748479121000059, 14.301556192000078 ], [ 120.749511461000111, 14.302091480000058 ], [ 120.750199688000066, 14.302512063000052 ], [ 120.751021737000087, 14.303009116000055 ], [ 120.751781580000056, 14.303519269000049 ], [ 120.752158999000017, 14.303323570000032 ], [ 120.75236867600006, 14.303085936000059 ], [ 120.752606310000033, 14.302736474000028 ], [ 120.752815987000076, 14.302387012000054 ], [ 120.752927815000021, 14.302107442000022 ], [ 120.752969751000023, 14.301744001000031 ], [ 120.753570825000111, 14.301394539000057 ], [ 120.753752546000101, 14.300989163000054 ], [ 120.753864374000045, 14.300625723000053 ], [ 120.754046094000046, 14.300318196000035 ], [ 120.754213836000076, 14.300024648000033 ], [ 120.75463319000005, 14.299968734000061 ], [ 120.755052545000012, 14.300066583000046 ], [ 120.755374050000114, 14.300080562000062 ], [ 120.756003082, 14.299912820000031 ], [ 120.756548242, 14.299773035000044 ], [ 120.756785877000084, 14.299717121000072 ], [ 120.757079425000029, 14.299647229000072 ], [ 120.757219210000017, 14.299479487000042 ], [ 120.757456844000103, 14.299325724000028 ], [ 120.757708456000046, 14.299283788000025 ], [ 120.758043940000107, 14.299479487000042 ], [ 120.758128588000091, 14.299625485000035 ], [ 120.758221777000017, 14.299737313000037 ], [ 120.758333605000075, 14.299681399000065 ], [ 120.758370881000019, 14.299519869000051 ], [ 120.758370881000019, 14.299290001000031 ], [ 120.758476496000071, 14.299128472000064 ], [ 120.758631813000079, 14.299091196000063 ], [ 120.758824405000041, 14.299109834000035 ], [ 120.758967297000027, 14.298998006000033 ], [ 120.75896108400002, 14.298873753000066 ], [ 120.758905170000048, 14.29873086200007 ], [ 120.758954871000014, 14.298594183000034 ], [ 120.759019885000043, 14.298505912000053 ], [ 120.759068220000017, 14.29854780200003 ], [ 120.759122999000056, 14.298596136000072 ], [ 120.759203556000102, 14.298660582000025 ], [ 120.759284114000025, 14.298731473000032 ], [ 120.759580566000068, 14.299027925000075 ], [ 120.759628900000052, 14.29907625900006 ], [ 120.759680457000059, 14.299127816000066 ], [ 120.759996243000046, 14.29943071200006 ], [ 120.760578942000052, 14.299997837000035 ], [ 120.761105252000107, 14.300491924000028 ], [ 120.76141966900002, 14.300783736000028 ], [ 120.761483058000067, 14.300847126000065 ], [ 120.762145476000114, 14.301500034000071 ], [ 120.762376846000052, 14.301718727000036 ], [ 120.763315007000074, 14.302641040000026 ], [ 120.764059830000065, 14.303382694000049 ], [ 120.764538418000029, 14.303858113000047 ], [ 120.76462399400009, 14.303956366000023 ], [ 120.764752828000042, 14.303852490000054 ] ] ] ] } },
{ "type": "Feature", "properties": { "psgc_code": 402115025, "name": "Palangue 1", "corr_code": 42115025.0, "geo_level": "Bgy", "city_class": null, "inc_class": null, "urb_rur": null, "pop_2015": "R", "pop_2020": null, "status": null, "adm4_pcode": "PH0402115025", "adm4_en": "Palangue 1", "adm3_pcode": "PH0402115", "adm2_pcode": "PH04021", "adm1_pcode": "PH04", "adm0_pcode": "PH", "shape_len": 0.10016287950699999, "shape_area": 0.000441220125901, "shape_sqkm": 5.2674929018499999 }, "geometry": { "type": "MultiPolygon", "coordinates": [ [ [ [ 120.814782419000039, 14.290491985000074 ], [ 120.81495166600007, 14.290149556000074 ], [ 120.815164208000056, 14.289885846000061 ], [ 120.815301967000096, 14.289771703000042 ], [ 120.815510573000097, 14.289744152000026 ], [ 120.815679820000014, 14.289913398000067 ], [ 120.815790027000048, 14.290110197000047 ], [ 120.815947465000022, 14.290295187000027 ], [ 120.816097032000016, 14.29039358600005 ], [ 120.816230855000072, 14.290460498000073 ], [ 120.816337126, 14.290456562000031 ], [ 120.816415846000041, 14.290291251000042 ], [ 120.816443397000057, 14.290094453000052 ], [ 120.816443397000057, 14.289885846000061 ], [ 120.816407974000072, 14.289700856000024 ], [ 120.816360742000029, 14.289531609000051 ], [ 120.816404038000087, 14.289429274000042 ], [ 120.816604772000119, 14.289342683000029 ], [ 120.81693145700001, 14.289165564000029 ], [ 120.817159743000047, 14.289067165000063 ], [ 120.817313246000026, 14.288921534000053 ], [ 120.817368350000038, 14.288811327000076 ], [ 120.817372286000023, 14.288673568000036 ], [ 120.817325054000094, 14.288551553000048 ], [ 120.817195167000023, 14.288433474000044 ], [ 120.817084960000102, 14.288244548000023 ], [ 120.81702985700008, 14.288094981000029 ], [ 120.816966881000099, 14.28794147900004 ], [ 120.816848802000095, 14.287831271000073 ], [ 120.816714979000039, 14.287784040000076 ], [ 120.816628388000026, 14.287669897000058 ], [ 120.816541797000014, 14.287500650000027 ], [ 120.816616580000073, 14.287394379000034 ], [ 120.816691363000018, 14.287284172000057 ], [ 120.816683491000049, 14.287197581000044 ], [ 120.816722851, 14.287126733000036 ], [ 120.816864546000033, 14.287075566000055 ], [ 120.817033792000075, 14.28704801400005 ], [ 120.817183359000069, 14.287004718000048 ], [ 120.817325054000094, 14.286922063000077 ], [ 120.817466749000118, 14.286815792000027 ], [ 120.817576956000039, 14.286760688000072 ], [ 120.817730459000018, 14.286729201000071 ], [ 120.817919385000096, 14.286650481000038 ], [ 120.818029592000016, 14.286575698000036 ], [ 120.818116184000019, 14.286410387000046 ], [ 120.8182460700001, 14.286225397000067 ], [ 120.81835627800001, 14.286044342000025 ], [ 120.818454677000091, 14.285942007000074 ], [ 120.818572756000094, 14.285827864000055 ], [ 120.818753810000089, 14.285725529000047 ], [ 120.818887633000031, 14.285611386000028 ], [ 120.819029328000056, 14.285422459000074 ], [ 120.819119855000054, 14.285327996000035 ], [ 120.819233998000072, 14.285198109000078 ], [ 120.819241870000042, 14.285013119000041 ], [ 120.8192851660001, 14.284847808000052 ], [ 120.819332397000039, 14.284733665000033 ], [ 120.819442605000063, 14.284639202000051 ], [ 120.819525260000091, 14.28459590600005 ], [ 120.819682699000055, 14.284556547000022 ], [ 120.819781098000021, 14.284556547000022 ], [ 120.819918857000062, 14.284536867000043 ], [ 120.820036936000065, 14.284383364000064 ], [ 120.820135335000032, 14.28428496500004 ], [ 120.82028883800001, 14.284249541000065 ], [ 120.820469892, 14.284131462000062 ], [ 120.820607651000046, 14.284021255000027 ], [ 120.820745410000086, 14.283946472000025 ], [ 120.821076031000075, 14.283867752000049 ], [ 120.821284637000076, 14.283832328000074 ], [ 120.821418460000018, 14.283757545000071 ], [ 120.82157983500008, 14.283615850000047 ], [ 120.821683852000092, 14.283527832000061 ], [ 120.821717594, 14.283482027000048 ], [ 120.82183567300001, 14.283312781000063 ], [ 120.822000983000066, 14.283100239000078 ], [ 120.822056087000078, 14.282978224000033 ], [ 120.822154486000045, 14.282801105000033 ], [ 120.822241077000058, 14.28267515400006 ], [ 120.822280437000018, 14.282584627000062 ], [ 120.822359157000051, 14.282450804000064 ], [ 120.822422132000042, 14.282340597000029 ], [ 120.822630738000043, 14.282293365000044 ], [ 120.822843280000029, 14.282234326000037 ], [ 120.822933808000016, 14.28213592700007 ], [ 120.822981039000069, 14.281931257000053 ], [ 120.822996783, 14.28181317700006 ], [ 120.823036143000081, 14.281494364000025 ], [ 120.822992847000023, 14.281395965000058 ], [ 120.822914128000093, 14.281321181000067 ], [ 120.822890512000072, 14.281222782000043 ], [ 120.822902320000026, 14.281069280000054 ], [ 120.822918064000078, 14.280860673000063 ], [ 120.822988911000039, 14.280695363000063 ], [ 120.823055823000118, 14.280553668000039 ], [ 120.823162094000054, 14.280372613000054 ], [ 120.823248685000067, 14.28027421400003 ], [ 120.823358892000101, 14.280175815000064 ], [ 120.82359111400001, 14.280022312000028 ], [ 120.823803657000099, 14.279967208000073 ], [ 120.824020135000069, 14.279896361000056 ], [ 120.824299588000031, 14.279837322000049 ], [ 120.824504259000037, 14.279727114000025 ], [ 120.824586914000065, 14.279636587000027 ], [ 120.824586914000065, 14.279400429000077 ], [ 120.82459085000005, 14.279262670000037 ], [ 120.82418528300002, 14.279061769000066 ], [ 120.823542152000073, 14.278786142000058 ], [ 120.822990897000068, 14.278464576000033 ], [ 120.82235925000009, 14.278246371000023 ], [ 120.821635728000047, 14.277867383000057 ], [ 120.820935175000045, 14.277557302000048 ], [ 120.81989008700009, 14.277178315000072 ], [ 120.819350316000055, 14.276994563000073 ], [ 120.818907313000068, 14.276759395000056 ], [ 120.818626794000011, 14.276190649000057 ], [ 120.818362651000029, 14.275800177000065 ], [ 120.817949210000052, 14.275490096000055 ], [ 120.817329048000033, 14.27524892200006 ], [ 120.817311459000052, 14.275235570000063 ], [ 120.816858184000012, 14.274892903000023 ], [ 120.816341383, 14.274571338000044 ], [ 120.815560438000034, 14.274111958000049 ], [ 120.814978285000052, 14.273659977000023 ], [ 120.813489846000039, 14.272825888000057 ], [ 120.812372002000075, 14.272197754000047 ], [ 120.811904753000022, 14.271969938000041 ], [ 120.810537923000084, 14.27108314700007 ], [ 120.810066046000088, 14.270923777000064 ], [ 120.808037127000034, 14.270162932000062 ], [ 120.806388631000118, 14.269275280000045 ], [ 120.804803538000101, 14.268768051000052 ], [ 120.80312334000007, 14.268546138000033 ], [ 120.801728458000071, 14.26845103200003 ], [ 120.799641798000039, 14.267924236000056 ], [ 120.799727448000112, 14.268055230000073 ], [ 120.799903785000083, 14.268216453000036 ], [ 120.80000958800008, 14.268423020000057 ], [ 120.800125467000043, 14.268720275000021 ], [ 120.80010027600008, 14.268891574000065 ], [ 120.799913862000039, 14.269103179000069 ], [ 120.799757677000116, 14.269234173000029 ], [ 120.799541033000082, 14.26937020500003 ], [ 120.799500728000112, 14.26953142800005 ], [ 120.799505766000038, 14.269677536000074 ], [ 120.799520881000035, 14.269813568000075 ], [ 120.799566225000035, 14.269964715000071 ], [ 120.799581339000042, 14.270120899000062 ], [ 120.799641798000039, 14.270297237000023 ], [ 120.799677065000083, 14.270438307000063 ], [ 120.799752639000076, 14.270528995000063 ], [ 120.799848365000116, 14.270937091000064 ], [ 120.799893709000116, 14.271173887000032 ], [ 120.799797983000076, 14.271355263000032 ], [ 120.799742562, 14.271536639000033 ], [ 120.799707295000076, 14.271723053000073 ], [ 120.799586377000082, 14.271944734000044 ], [ 120.799445307000042, 14.272186569000041 ], [ 120.799450346000071, 14.272337715000049 ], [ 120.799309275000041, 14.272554359000026 ], [ 120.799213549000115, 14.272715582000046 ], [ 120.799309275000041, 14.272776040000053 ], [ 120.799435231000075, 14.272937263000074 ], [ 120.799425154000119, 14.273073295000074 ], [ 120.799284084000078, 14.273219404000031 ], [ 120.799258893000115, 14.273481391000075 ], [ 120.799148052000078, 14.273632537000026 ], [ 120.79886591200011, 14.27384918100006 ], [ 120.798654307000106, 14.274015442000064 ], [ 120.798422549000065, 14.274201856000047 ], [ 120.798145447000024, 14.274347964000071 ], [ 120.79792796400011, 14.274428576000048 ], [ 120.797686129000112, 14.27439498800004 ], [ 120.797494677000032, 14.274351323000076 ], [ 120.797222613000031, 14.274331170000039 ], [ 120.796990855000104, 14.27428414700006 ], [ 120.796759097000063, 14.274257277000061 ], [ 120.796641539, 14.274361400000032 ], [ 120.796661692000043, 14.274458805000052 ], [ 120.796665051000105, 14.274569646000032 ], [ 120.796701997000014, 14.274787969000045 ], [ 120.796624745000031, 14.274972704000049 ], [ 120.796463522000067, 14.275036521000061 ], [ 120.796342605000063, 14.274986139000077 ], [ 120.796204893000095, 14.274922321000076 ], [ 120.796026876000042, 14.274821557000053 ], [ 120.79589252400001, 14.274777892000031 ], [ 120.795684277000078, 14.274757740000041 ], [ 120.795580154000049, 14.274882016000049 ], [ 120.795556642000065, 14.275110415000029 ], [ 120.795603666000034, 14.275197744000025 ], [ 120.795637254000098, 14.275308585000062 ], [ 120.795633895000037, 14.275439578000032 ], [ 120.795563360000074, 14.275557137000021 ], [ 120.795432366000114, 14.275610878000066 ], [ 120.795287938000115, 14.275617595000028 ], [ 120.79521404400009, 14.275725077000061 ], [ 120.795142586000111, 14.275866961000077 ], [ 120.795084140000085, 14.275942106000059 ], [ 120.794921326, 14.275992202000054 ], [ 120.794804434000071, 14.27609657000005 ], [ 120.794837832000098, 14.276209287000029 ], [ 120.794904627000051, 14.276309480000066 ], [ 120.79489627800001, 14.276501517000042 ], [ 120.794858705000024, 14.276655981000033 ], [ 120.794762687000116, 14.276672680000047 ], [ 120.794629096000108, 14.276651807000064 ], [ 120.794407837000108, 14.276651807000064 ], [ 120.7942742460001, 14.276731126000072 ], [ 120.794207450000044, 14.276914813000076 ], [ 120.794236673000114, 14.277127724000025 ], [ 120.79426589600007, 14.277311411000028 ], [ 120.794207450000044, 14.277445002000036 ], [ 120.794149004000019, 14.277632864000054 ], [ 120.794048811000039, 14.277799852000044 ], [ 120.793952793000017, 14.277808202000074 ], [ 120.79383590100008, 14.277916744000038 ], [ 120.793785805000084, 14.278083733000074 ], [ 120.793693961000031, 14.278267420000077 ], [ 120.793531147000067, 14.278438583000025 ], [ 120.793389207000018, 14.278555475000076 ], [ 120.793251442000042, 14.278630620000058 ], [ 120.793051055000092, 14.278718289000039 ], [ 120.792921639000042, 14.278722463000065 ], [ 120.792754651000109, 14.278730813000038 ], [ 120.792529216000048, 14.27882683100006 ], [ 120.79239562600003, 14.278935374000071 ], [ 120.792170191000082, 14.278977121000025 ], [ 120.792040775000032, 14.279056440000033 ], [ 120.792028251000033, 14.279206730000055 ], [ 120.792149318000043, 14.279281875000038 ], [ 120.792257860000063, 14.279440514000044 ], [ 120.79227455900002, 14.27958662900005 ], [ 120.792328830000088, 14.279711870000028 ], [ 120.79240397500007, 14.279849635000062 ], [ 120.792433198000026, 14.280054196000037 ], [ 120.792370577000042, 14.280254582000055 ], [ 120.792299607000018, 14.28046749300006 ], [ 120.792149318000043, 14.280588559000023 ], [ 120.79196563000005, 14.280596909000053 ], [ 120.791806991000044, 14.280630306000035 ], [ 120.791727672000093, 14.280717975000073 ], [ 120.791556509000088, 14.280805644000054 ], [ 120.791393695000011, 14.280910012000049 ], [ 120.791301851000071, 14.281043603000057 ], [ 120.791276803000073, 14.281214766000062 ], [ 120.791326900000058, 14.281365056000027 ], [ 120.791351948000056, 14.28154874300003 ], [ 120.791376996000054, 14.281711557000051 ], [ 120.791326900000058, 14.28194534000005 ], [ 120.791239231000077, 14.28199961200005 ], [ 120.791080592000071, 14.282070582000074 ], [ 120.790980399000091, 14.282062232000044 ], [ 120.790842633000011, 14.282037184000046 ], [ 120.790721567000105, 14.282012136000048 ], [ 120.790600500000096, 14.28194534000005 ], [ 120.790450210000017, 14.281941166000024 ], [ 120.790337493000038, 14.281970389000037 ], [ 120.790166330000034, 14.281987088000051 ], [ 120.790057787000023, 14.282045534000076 ], [ 120.789915847000088, 14.282129028000043 ], [ 120.789736335000043, 14.282237570000063 ], [ 120.789586045000078, 14.282279317000075 ], [ 120.789506726000013, 14.282195823000052 ], [ 120.789419057000032, 14.282262618000061 ], [ 120.789368960000047, 14.28238368500007 ], [ 120.789218671000071, 14.282442131000039 ], [ 120.789114303000019, 14.282400384000027 ], [ 120.790260419000106, 14.283116589000031 ], [ 120.791554250000104, 14.283775710000043 ], [ 120.792848081000102, 14.284434832000045 ], [ 120.793873381000026, 14.284898658000031 ], [ 120.794849857000031, 14.285338072000059 ], [ 120.79580192100002, 14.285631015000035 ], [ 120.796802809000042, 14.286094841000022 ], [ 120.797706050000102, 14.286461020000047 ], [ 120.798731350000025, 14.286851610000042 ], [ 120.799414883000054, 14.287144553000076 ], [ 120.800000769, 14.287339849000034 ], [ 120.800595343000055, 14.287566766000054 ], [ 120.800776357000018, 14.28759012300003 ], [ 120.800898980000056, 14.28771858500005 ], [ 120.801015763, 14.287812011000028 ], [ 120.80114422500003, 14.287922955000056 ], [ 120.801249329000029, 14.287987186000066 ], [ 120.801447861000042, 14.287998864000031 ], [ 120.801628875, 14.287905438000053 ], [ 120.801774854000087, 14.287759459000029 ], [ 120.801932511000018, 14.287566766000054 ], [ 120.802049294000085, 14.287409109000066 ], [ 120.802131043000031, 14.287286487000074 ], [ 120.802271182000027, 14.287245613000039 ], [ 120.802504749000036, 14.287169704000064 ], [ 120.802755833000106, 14.287134669000068 ], [ 120.80298356000003, 14.287082116000022 ], [ 120.803187931000025, 14.287122990000057 ], [ 120.803339749000088, 14.287146347000032 ], [ 120.803427336000027, 14.287012046000029 ], [ 120.803573315000108, 14.286848550000059 ], [ 120.803701777000015, 14.286673375000078 ], [ 120.803830238000046, 14.286439808000068 ], [ 120.803958700000067, 14.28621792000007 ], [ 120.804511443000024, 14.286434062000069 ], [ 120.806045962000098, 14.287177092000036 ], [ 120.806579006000106, 14.287556684000037 ], [ 120.807152432000066, 14.288049346000037 ], [ 120.807725858000026, 14.288364326000021 ], [ 120.80806506700003, 14.288695459000053 ], [ 120.808119299000055, 14.288735378000069 ], [ 120.808468888000107, 14.288978134000047 ], [ 120.80890501500005, 14.289325420000068 ], [ 120.809300760000042, 14.289640400000053 ], [ 120.809753039000043, 14.289890769000067 ], [ 120.810229548000052, 14.290205750000041 ], [ 120.810956659000112, 14.290488049000032 ], [ 120.811774163000109, 14.290557074000048 ], [ 120.812282978000098, 14.290629762000037 ], [ 120.813106772000083, 14.290690335000022 ], [ 120.813906338000038, 14.29073879300006 ], [ 120.814723380000032, 14.290826543000037 ], [ 120.814782419000039, 14.290491985000074 ] ] ] ] } },
{ "type": "Feature", "properties": { "psgc_code": 402115026, "name": "Sabang", "corr_code": 42115026.0, "geo_level": "Bgy", "city_class": null, "inc_class": null, "urb_rur": null, "pop_2015": "U", "pop_2020": null, "status": null, "adm4_pcode": "PH0402115026", "adm4_en": "Sabang", "adm3_pcode": "PH0402115", "adm2_pcode": "PH04021", "adm1_pcode": "PH04", "adm0_pcode": "PH", "shape_len": 0.143840203749, "shape_area": 0.00055195209480400002, "shape_sqkm": 6.5884963008800002 }, "geometry": { "type": "MultiPolygon", "coordinates": [ [ [ [ 120.784143471000107, 14.32735513700004 ], [ 120.784170014000097, 14.327283090000037 ], [ 120.78404867200004, 14.327199668000048 ], [ 120.784014545000105, 14.327150372000062 ], [ 120.784041088000095, 14.327059366000071 ], [ 120.784052464000069, 14.32699490300007 ], [ 120.784143471000107, 14.326983527000039 ], [ 120.784207934000051, 14.326964567000061 ], [ 120.78426481300005, 14.326915272000065 ], [ 120.784325484000078, 14.326911480000035 ], [ 120.784412698000096, 14.326911480000035 ], [ 120.784443034000105, 14.326847017000034 ], [ 120.784443034000105, 14.326786346000063 ], [ 120.784537832000069, 14.326756011000043 ], [ 120.784522664000065, 14.326627085000041 ], [ 120.78450749700005, 14.326539870000033 ], [ 120.784537832000069, 14.326460240000074 ], [ 120.784685718000105, 14.326414736000061 ], [ 120.78477293200001, 14.326369233000037 ], [ 120.784852563000072, 14.326391985000043 ], [ 120.78496252900004, 14.326357857000062 ], [ 120.784996657000079, 14.326244099000064 ], [ 120.785091455000043, 14.326179636000063 ], [ 120.7851559180001, 14.326137925000069 ], [ 120.785174878000021, 14.326050710000061 ], [ 120.785163502000046, 14.32598245500003 ], [ 120.785152126000071, 14.325895241000069 ], [ 120.785030784000014, 14.325883865000037 ], [ 120.785019408000039, 14.325762523000037 ], [ 120.785072496000112, 14.325735979000058 ], [ 120.7851559180001, 14.325675308000029 ], [ 120.785171086000105, 14.325557758000059 ], [ 120.785114207000106, 14.325413665000042 ], [ 120.785117999000022, 14.325288531000069 ], [ 120.785114207000106, 14.325208900000064 ], [ 120.785203768000088, 14.324888171000055 ], [ 120.785354310000116, 14.324386363000031 ], [ 120.785446308000019, 14.324060188000033 ], [ 120.785513216000027, 14.323834375000047 ], [ 120.785584306000032, 14.323579289000065 ], [ 120.785647031000053, 14.323374384000033 ], [ 120.785730666000063, 14.323127662000047 ], [ 120.785755757000061, 14.322993847000077 ], [ 120.785730666000063, 14.322914394000065 ], [ 120.785776665000071, 14.322839123000051 ], [ 120.785864482000079, 14.322805669000047 ], [ 120.7859481160001, 14.322759670000039 ], [ 120.786044296000114, 14.322692762000031 ], [ 120.78603175100011, 14.322579855000072 ], [ 120.786006660000112, 14.322462767000047 ], [ 120.786052659, 14.322370769000031 ], [ 120.786140476000014, 14.322207681000066 ], [ 120.786199020000026, 14.322078047000048 ], [ 120.786194838000029, 14.321965141000021 ], [ 120.786353744000053, 14.321776963000048 ], [ 120.786604648000093, 14.321480060000056 ], [ 120.786838825000018, 14.321195702000068 ], [ 120.787014458000044, 14.320986615000038 ], [ 120.787231908000081, 14.320752439000046 ], [ 120.787428449000117, 14.320522443000073 ], [ 120.787549719000026, 14.32033844700004 ], [ 120.787679353000044, 14.320116815000063 ], [ 120.787842441000066, 14.319832458000064 ], [ 120.787988801000097, 14.319594099000028 ], [ 120.788105890000111, 14.319410103000052 ], [ 120.788273159000028, 14.319138290000069 ], [ 120.788996157000042, 14.319249610000043 ], [ 120.789913106000085, 14.31941376900005 ], [ 120.790799422000077, 14.319538314000056 ], [ 120.791584754000041, 14.319890359000055 ], [ 120.792722131000119, 14.320188243000075 ], [ 120.793940749000058, 14.32021532400006 ], [ 120.795430170000031, 14.320377806000067 ], [ 120.797217477000117, 14.320567369000059 ], [ 120.798544416000027, 14.320756932000052 ], [ 120.799861324000062, 14.320992521000051 ], [ 120.801631582000027, 14.321352701000023 ], [ 120.803121004000104, 14.321785987000055 ], [ 120.804177139000103, 14.322138032000055 ], [ 120.805515088000107, 14.323203677000038 ], [ 120.806146745000092, 14.323633146000077 ], [ 120.807550226000103, 14.324087029000054 ], [ 120.808466211000109, 14.324443419000033 ], [ 120.808666955000035, 14.324171644000046 ], [ 120.809112921000064, 14.323567878000063 ], [ 120.809918806000042, 14.322927615000026 ], [ 120.810665682000035, 14.321612037000023 ], [ 120.810836311000116, 14.319834686000036 ], [ 120.811318475, 14.31869299400006 ], [ 120.811877621, 14.317622795000034 ], [ 120.812486376000038, 14.316334116000064 ], [ 120.811959302000105, 14.314834212000051 ], [ 120.811976104000109, 14.311678683000025 ], [ 120.812336159000097, 14.310843459000068 ], [ 120.812601648000054, 14.310551492000059 ], [ 120.813457582000069, 14.30979332000004 ], [ 120.814601798000012, 14.309880847000045 ], [ 120.815605181000024, 14.309034191000023 ], [ 120.816678962000083, 14.308295061000024 ], [ 120.817904106000015, 14.30718792700003 ], [ 120.817480838000051, 14.304945197000052 ], [ 120.816548782000041, 14.301457131000063 ], [ 120.815997271000015, 14.300164364000068 ], [ 120.815855144000011, 14.300170825000066 ], [ 120.815661334000083, 14.300060999000038 ], [ 120.815486905000057, 14.299970555000073 ], [ 120.815293096000119, 14.299989936000031 ], [ 120.815073445000053, 14.300086841000052 ], [ 120.814905476000035, 14.300170825000066 ], [ 120.814879635000011, 14.300332333000028 ], [ 120.813697396000066, 14.300261269000032 ], [ 120.813665095000033, 14.300022237000064 ], [ 120.813542348000055, 14.299815507000062 ], [ 120.813329158000101, 14.299744443000066 ], [ 120.813128888000051, 14.299737983000057 ], [ 120.812851094000052, 14.299731523000048 ], [ 120.812670205000018, 14.299615237000069 ], [ 120.812599141000078, 14.299343903000022 ], [ 120.812605602000076, 14.299143633000028 ], [ 120.812605602000076, 14.298911062000059 ], [ 120.812560379000047, 14.298723713000072 ], [ 120.812393496000027, 14.29846754600004 ], [ 120.812115167000115, 14.298552039000072 ], [ 120.811961092000047, 14.298557009000035 ], [ 120.811692703000062, 14.298576890000049 ], [ 120.81140443400011, 14.298606711000048 ], [ 120.811145986000042, 14.298666353000044 ], [ 120.811001851000015, 14.298800547000042 ], [ 120.810937239000054, 14.298954622000053 ], [ 120.810907419000046, 14.299108697000065 ], [ 120.810872627000094, 14.299272712000061 ], [ 120.810842806000096, 14.299441697000077 ], [ 120.810718553000015, 14.299903922000055 ], [ 120.810479985000029, 14.300117639000064 ], [ 120.810211596000045, 14.300207101000069 ], [ 120.809918357000015, 14.300241893000077 ], [ 120.809297087000118, 14.300321415000042 ], [ 120.808909415000016, 14.300430759000051 ], [ 120.808645997000099, 14.300564953000048 ], [ 120.808452161000105, 14.300723998000024 ], [ 120.808392519000108, 14.300828371000023 ], [ 120.808303056000113, 14.300992386000075 ], [ 120.807960115000014, 14.301648447000048 ], [ 120.807825921000017, 14.301906895000059 ], [ 120.807736458000022, 14.30206097000007 ], [ 120.807602264000025, 14.302279657000042 ], [ 120.807353756000111, 14.302533135000033 ], [ 120.807159920000117, 14.302682240000024 ], [ 120.806891531000019, 14.302786613000023 ], [ 120.806667874000027, 14.302876076000075 ], [ 120.806394515000079, 14.302886016000059 ], [ 120.806180799000117, 14.302876076000075 ], [ 120.805887559000098, 14.302741882000078 ], [ 120.805863440000053, 14.302567148000037 ], [ 120.805712469000014, 14.302545055000053 ], [ 120.805602003000104, 14.302504550000037 ], [ 120.805509947000019, 14.302460364000069 ], [ 120.805406845000107, 14.302408813000056 ], [ 120.805336883000109, 14.30237199000004 ], [ 120.805204323000112, 14.302268888000071 ], [ 120.805079128000102, 14.302228384000045 ], [ 120.804920792000075, 14.302191562000075 ], [ 120.80475509300004, 14.302180515000032 ], [ 120.804651990000025, 14.30220997300006 ], [ 120.804523113000073, 14.302261524000073 ], [ 120.804379506000032, 14.30233516800007 ], [ 120.804272722000064, 14.302405130000068 ], [ 120.804184349000025, 14.302427224000041 ], [ 120.804107022000039, 14.302419859000054 ], [ 120.804018649000113, 14.302405130000068 ], [ 120.803878725000118, 14.302416177000055 ], [ 120.803694614000051, 14.302471410000066 ], [ 120.803499456000054, 14.302530326000067 ], [ 120.803315345000101, 14.302603970000064 ], [ 120.803171739000049, 14.302637110000035 ], [ 120.803068637000024, 14.30267761500005 ], [ 120.802936077000027, 14.302707072000032 ], [ 120.802770377000115, 14.302754941000046 ], [ 120.802612042000078, 14.302762306000034 ], [ 120.802468435000037, 14.302758623000045 ], [ 120.802346922000083, 14.302754941000046 ], [ 120.80221068000003, 14.302743894000059 ], [ 120.802048663000051, 14.302751259000047 ], [ 120.801886645000081, 14.30280281000006 ], [ 120.801801954000098, 14.302880136000056 ], [ 120.801787225000112, 14.302979556000025 ], [ 120.801720945000056, 14.303093705000038 ], [ 120.801654665000115, 14.303189443000065 ], [ 120.80146319000005, 14.303292545000033 ], [ 120.801442476000034, 14.303322136000077 ], [ 120.801385863000064, 14.303403011000057 ], [ 120.80127539700004, 14.303495067000028 ], [ 120.801139155000101, 14.303568711000025 ], [ 120.801028688000088, 14.303568711000025 ], [ 120.80093295100005, 14.303524525000057 ], [ 120.80083353100008, 14.303476656000043 ], [ 120.800700971000083, 14.303439834000073 ], [ 120.800461627000118, 14.303388283000061 ], [ 120.800255423000067, 14.303340414000047 ], [ 120.80003449000003, 14.303347778000045 ], [ 120.799872472000061, 14.303384600000072 ], [ 120.799784099000021, 14.303480338000043 ], [ 120.799765688000093, 14.303601851000053 ], [ 120.799725183000078, 14.303745458000037 ], [ 120.799703090000094, 14.303881700000034 ], [ 120.799640492000094, 14.304047399000069 ], [ 120.799537390000069, 14.304187324000054 ], [ 120.799456381000027, 14.304323566000051 ], [ 120.799375373000089, 14.304503994000072 ], [ 120.799342233000061, 14.304610779000029 ], [ 120.799253860000022, 14.304839076000064 ], [ 120.799172851000094, 14.305148383000073 ], [ 120.79913602900001, 14.30532144700004 ], [ 120.799113935000037, 14.305523969000035 ], [ 120.799128664000023, 14.305697033000058 ], [ 120.79913602900001, 14.305862733000026 ], [ 120.79913602900001, 14.30603579700005 ], [ 120.799095524000109, 14.306197815000075 ], [ 120.799080795, 14.306334057000072 ], [ 120.799058702000025, 14.306433476000052 ], [ 120.798999786000081, 14.306481345000066 ], [ 120.798826722000058, 14.306499756000051 ], [ 120.798716256000034, 14.306481345000066 ], [ 120.798672069000077, 14.306359832000055 ], [ 120.798661022000033, 14.306267777000073 ], [ 120.798561603000053, 14.306230954000057 ], [ 120.79838853800004, 14.306186768000032 ], [ 120.798267025000087, 14.306208861000073 ], [ 120.798145512000019, 14.306234637000045 ], [ 120.798027681, 14.306271459000072 ], [ 120.797928261000038, 14.306311963000041 ], [ 120.79782147700007, 14.306315645000041 ], [ 120.797711010000057, 14.306334057000072 ], [ 120.797615273000019, 14.306370879000042 ], [ 120.797560039000018, 14.306451888000026 ], [ 120.797501124000064, 14.306473981000067 ], [ 120.797353835000081, 14.306485027000065 ], [ 120.797202864000042, 14.306507121000038 ], [ 120.797099762000016, 14.30656235400005 ], [ 120.797007707000034, 14.306639681000036 ], [ 120.796900922000077, 14.306713325000032 ], [ 120.796808867000095, 14.306779605000031 ], [ 120.796746269000096, 14.306856931000027 ], [ 120.796672625000042, 14.306945305000056 ], [ 120.796646849000012, 14.307041042000037 ], [ 120.79664316700007, 14.307125733000078 ], [ 120.7966063450001, 14.307217789000049 ], [ 120.796481150000091, 14.307280386000059 ], [ 120.796326497000109, 14.307365077000043 ], [ 120.796208666000098, 14.307431357000041 ], [ 120.796094517000029, 14.307486591000043 ], [ 120.796006144000103, 14.307586011000069 ], [ 120.795891995000034, 14.307700159000035 ], [ 120.795766799000035, 14.307821672000046 ], [ 120.795700520000082, 14.307906363000029 ], [ 120.795641604000025, 14.308020512000041 ], [ 120.795590053000069, 14.308138343000053 ], [ 120.795534820000057, 14.308259856000063 ], [ 120.795483269000101, 14.308381370000063 ], [ 120.795431718000032, 14.308499201000075 ], [ 120.795435400000088, 14.308642807000069 ], [ 120.795538502000113, 14.308723816000054 ], [ 120.795626875000039, 14.308823236000023 ], [ 120.79571893100001, 14.308907927000064 ], [ 120.79583307900009, 14.309055215000058 ], [ 120.795910406000075, 14.309209868000039 ], [ 120.795958275000089, 14.309368204000066 ], [ 120.795965639000087, 14.309474988000034 ], [ 120.795925135000061, 14.30957440800006 ], [ 120.795847808000076, 14.30975851900007 ], [ 120.795766799000035, 14.309913172000051 ], [ 120.795615829000099, 14.310174610000047 ], [ 120.795516409000015, 14.310307169000055 ], [ 120.795262336000064, 14.310539149000022 ], [ 120.795170280000093, 14.310572289000049 ], [ 120.79503403800004, 14.310612793000075 ], [ 120.794919889000084, 14.310645933000046 ], [ 120.794816787000059, 14.310704849000047 ], [ 120.794695274000105, 14.310782175000043 ], [ 120.794614265000064, 14.310841091000043 ], [ 120.794518528000026, 14.310900006000054 ], [ 120.794437519000098, 14.31097365100004 ], [ 120.794282866000117, 14.311076753000066 ], [ 120.794157670000118, 14.311154079000062 ], [ 120.79406193300008, 14.311246135000033 ], [ 120.793940420000013, 14.311345555000059 ], [ 120.793844682000099, 14.311452339000027 ], [ 120.7937820840001, 14.311544394000066 ], [ 120.793686347000062, 14.311669590000065 ], [ 120.793616384000075, 14.311772692000034 ], [ 120.793528011000035, 14.311897887000043 ], [ 120.793458049000037, 14.312000989000069 ], [ 120.793380722000052, 14.312074634000055 ], [ 120.793318125000042, 14.312140914000054 ], [ 120.7932518450001, 14.31221824000005 ], [ 120.793178201000046, 14.312321342000075 ], [ 120.793064052000091, 14.312494407000031 ], [ 120.792960950000065, 14.312564369000029 ], [ 120.792854165000108, 14.312641695000025 ], [ 120.79275842800007, 14.312733751000053 ], [ 120.792651643000113, 14.312814760000037 ], [ 120.792526448000103, 14.312881039000047 ], [ 120.792401253000094, 14.312980459000073 ], [ 120.792294468000023, 14.313079879000043 ], [ 120.792040395000072, 14.313241897000069 ], [ 120.791845238000064, 14.313344999000037 ], [ 120.791756865000025, 14.313374457000066 ], [ 120.791631669000026, 14.31339655000005 ], [ 120.791499109000029, 14.313422325000033 ], [ 120.791414418000045, 14.313444419000064 ], [ 120.791307634000077, 14.31351806300006 ], [ 120.791152981000096, 14.31361748300003 ], [ 120.791024103000041, 14.313657987000056 ], [ 120.790902590000087, 14.313683763000029 ], [ 120.790788441000018, 14.313746361000028 ], [ 120.790674293000052, 14.313816323000026 ], [ 120.790530686000011, 14.313886285000024 ], [ 120.790361304000044, 14.313974658000063 ], [ 120.790254520000076, 14.314022527000077 ], [ 120.790114595000091, 14.314081442000031 ], [ 120.789993082000024, 14.314125629000046 ], [ 120.789812654000116, 14.314129311000045 ], [ 120.789735327000017, 14.31411090000006 ], [ 120.789632225000105, 14.314088807000076 ], [ 120.789481254000066, 14.314044620000061 ], [ 120.78934133000007, 14.313970976000064 ], [ 120.789227181000115, 14.313908378000065 ], [ 120.789142490000017, 14.313816323000026 ], [ 120.789083575000063, 14.313727949000054 ], [ 120.789006248000078, 14.31358066100006 ], [ 120.788951015000066, 14.313470194000047 ], [ 120.788870006000025, 14.313403914000048 ], [ 120.788719035000099, 14.313348681000036 ], [ 120.788601204000088, 14.313311859000066 ], [ 120.788464962000035, 14.313286083000037 ], [ 120.788328720000095, 14.313322906000053 ], [ 120.788181431000112, 14.31333763400005 ], [ 120.78803782500006, 14.313385503000063 ], [ 120.787883172000079, 14.313473876000046 ], [ 120.787776387, 14.313525427000059 ], [ 120.787640759000055, 14.313616256000046 ], [ 120.787545021000028, 14.313694810000072 ], [ 120.787456648000102, 14.313731632000042 ], [ 120.787348636000047, 14.313746361000028 ], [ 120.787245534000022, 14.313765999000054 ], [ 120.78705405900007, 14.313793002000068 ], [ 120.786948502000087, 14.31382246000004 ], [ 120.786788632000025, 14.313884444000053 ], [ 120.786595316000103, 14.313939677000064 ], [ 120.78639647600005, 14.314055667000048 ], [ 120.786269440000069, 14.314144040000031 ], [ 120.786131357000045, 14.314243460000057 ], [ 120.785993273000031, 14.314282123000055 ], [ 120.78583862000005, 14.314293170000042 ], [ 120.78573920000008, 14.314276600000028 ], [ 120.785656351000057, 14.314215843000056 ], [ 120.785496174000059, 14.31413851700006 ], [ 120.78542437100009, 14.314083283000059 ], [ 120.785253148000038, 14.313956247000021 ], [ 120.785131635000084, 14.313956247000021 ], [ 120.785015645000044, 14.313989387000049 ], [ 120.78487756200002, 14.313978340000062 ], [ 120.784684245000108, 14.313934154000037 ], [ 120.784601395000095, 14.31389549000005 ], [ 120.784441219000087, 14.313751884000055 ], [ 120.784352846000047, 14.313630371000045 ], [ 120.784281042000089, 14.313464671000077 ], [ 120.784231332000104, 14.313370774000077 ], [ 120.784159529000021, 14.313260308000054 ], [ 120.784071156000095, 14.313127748000056 ], [ 120.783971736000012, 14.313055945000031 ], [ 120.78377842000009, 14.312973095000075 ], [ 120.783612720000065, 14.312906815000076 ], [ 120.783496730000024, 14.312846058000048 ], [ 120.783314460000042, 14.312790825000036 ], [ 120.783110097000076, 14.312680359000069 ], [ 120.78281736100007, 14.312547799000072 ], [ 120.78270137100003, 14.312531229000058 ], [ 120.782552241000076, 14.312531229000058 ], [ 120.78235892500004, 14.312525705000041 ], [ 120.782237412000086, 14.312393146000034 ], [ 120.782137992000116, 14.312282679000077 ], [ 120.782033048000017, 14.312266109000063 ], [ 120.781867349000095, 14.312282679000077 ], [ 120.781718219000027, 14.312293726000064 ], [ 120.781469669000103, 14.312321342000075 ], [ 120.781375773000036, 14.312337912000032 ], [ 120.781226643000082, 14.312420762000045 ], [ 120.780978093000044, 14.312536752000028 ], [ 120.780779253000105, 14.312641695000025 ], [ 120.780641170000081, 14.312730068000064 ], [ 120.7805141340001, 14.312823965000064 ], [ 120.780436807000115, 14.312939955000047 ], [ 120.78039814400006, 14.313072515000044 ], [ 120.78039814400006, 14.313210598000069 ], [ 120.780387097000016, 14.313321064000036 ], [ 120.780365004000032, 14.313492288000077 ], [ 120.780442330000028, 14.313613801000031 ], [ 120.780536227000084, 14.313729791000071 ], [ 120.780574890000025, 14.313867874000039 ], [ 120.780641170000081, 14.314039097000034 ], [ 120.780652217000011, 14.314282123000055 ], [ 120.780630124000027, 14.314425730000039 ], [ 120.780602507000026, 14.314508580000052 ], [ 120.780492040000013, 14.314646663000076 ], [ 120.780376051000076, 14.31479579300003 ], [ 120.78029872400009, 14.314928352000038 ], [ 120.780193781000094, 14.315011202000051 ], [ 120.780072268000026, 14.315044342000022 ], [ 120.779878951000114, 14.315094052000063 ], [ 120.77965249500005, 14.315160332000062 ], [ 120.779459178000025, 14.315160332000062 ], [ 120.779293479000103, 14.315160332000062 ], [ 120.779133302000105, 14.315132715000061 ], [ 120.77896760200008, 14.31510509900005 ], [ 120.778857136000056, 14.31510509900005 ], [ 120.778735623000102, 14.31510509900005 ], [ 120.778569923000077, 14.315121669000064 ], [ 120.778409746000079, 14.315094052000063 ], [ 120.778304803000083, 14.315033296000024 ], [ 120.778199860000086, 14.314939399000025 ], [ 120.778061777000062, 14.314834456000028 ], [ 120.777885030000107, 14.314646663000076 ], [ 120.777746947000082, 14.314646663000076 ], [ 120.777581247000057, 14.314685326000074 ], [ 120.777410024, 14.314701896000031 ], [ 120.777244325000083, 14.314740559000029 ], [ 120.777122811000027, 14.314762653000059 ], [ 120.776885308000033, 14.314823409000041 ], [ 120.776747225, 14.314806839000028 ], [ 120.776531815000112, 14.314812363000044 ], [ 120.776316406000092, 14.314878642000053 ], [ 120.776128613000083, 14.314895212000067 ], [ 120.775962913000058, 14.314950446000068 ], [ 120.775797213000033, 14.315022249000037 ], [ 120.775642560000051, 14.315071959000022 ], [ 120.775543140000082, 14.315154809000035 ], [ 120.775421627000014, 14.315309462000073 ], [ 120.775421627000014, 14.315397835000056 ], [ 120.775515523000081, 14.315508302000069 ], [ 120.775708840000107, 14.31554144200004 ], [ 120.775841400000104, 14.315552488000037 ], [ 120.776056809000011, 14.315574582000067 ], [ 120.776211462000106, 14.315585628000065 ], [ 120.776371639000104, 14.315657431000034 ], [ 120.7764765820001, 14.315745805000063 ], [ 120.776581525000097, 14.31588388800003 ], [ 120.776697515000023, 14.316044064000039 ], [ 120.776725132000024, 14.316160054000022 ], [ 120.776680945000066, 14.31631470700006 ], [ 120.776653329000055, 14.316452790000028 ], [ 120.776609142000098, 14.316590874000042 ], [ 120.776504199000101, 14.316762097000037 ], [ 120.776393732000088, 14.316828377000036 ], [ 120.776211462000106, 14.316927797000062 ], [ 120.776051286000097, 14.317016170000045 ], [ 120.775874540000018, 14.317093496000041 ], [ 120.775686746000019, 14.317148730000042 ], [ 120.775454767000042, 14.317226056000038 ], [ 120.775239357000032, 14.317292336000037 ], [ 120.775112321000051, 14.317424896000034 ], [ 120.775023947000022, 14.317585072000043 ], [ 120.774891387000025, 14.317728679000027 ], [ 120.774780921000115, 14.317772865000052 ], [ 120.774687024000059, 14.317772865000052 ], [ 120.774548941000035, 14.317761819000054 ], [ 120.774449521000065, 14.317745249000041 ], [ 120.774289345000057, 14.317701062000026 ], [ 120.774156785000059, 14.317656876000058 ], [ 120.774013179, 14.317629259000057 ], [ 120.773803292000025, 14.317684492000069 ], [ 120.773703872000056, 14.317778389000068 ], [ 120.773565789000031, 14.317905425000049 ], [ 120.773471893000078, 14.31802693800006 ], [ 120.773372473000109, 14.318148452000059 ], [ 120.773223343000041, 14.318264442000043 ], [ 120.773085260000016, 14.318358338000053 ], [ 120.772958223000046, 14.31836938500004 ], [ 120.772969967000108, 14.318695304000073 ], [ 120.772911586000077, 14.319298316000072 ], [ 120.772786755000084, 14.320562505000055 ], [ 120.772786755000084, 14.320757411000045 ], [ 120.772769818000029, 14.321343667000065 ], [ 120.772681829000021, 14.321796473000063 ], [ 120.772584299000073, 14.322322288000066 ], [ 120.773016824000024, 14.322402856000053 ], [ 120.773228846000052, 14.322563993000074 ], [ 120.773890355000049, 14.322377414000073 ], [ 120.775031915000113, 14.322428952000053 ], [ 120.776033959000074, 14.322615046000067 ], [ 120.776892854000039, 14.322586416000036 ], [ 120.777382418000116, 14.322513040000047 ], [ 120.777751164000051, 14.32298174500005 ], [ 120.777839158, 14.322977746000049 ], [ 120.778011147000029, 14.32284975400006 ], [ 120.778183136000052, 14.32265376600003 ], [ 120.778363125000055, 14.322445780000066 ], [ 120.778627108000023, 14.322257792000073 ], [ 120.778779098000086, 14.322269791000053 ], [ 120.778807096000037, 14.322429781000039 ], [ 120.778839094000091, 14.322533774000021 ], [ 120.778871092000031, 14.322725762000061 ], [ 120.778923089000045, 14.322885752000047 ], [ 120.779055080000035, 14.322885752000047 ], [ 120.779199071000107, 14.322893751000038 ], [ 120.779315063000013, 14.322977746000049 ], [ 120.779343062000066, 14.323097738000058 ], [ 120.779383059000111, 14.323245728000074 ], [ 120.779383059000111, 14.323385719000044 ], [ 120.779379059, 14.323593706000054 ], [ 120.77937506, 14.32375369600004 ], [ 120.779367060000027, 14.323885687000029 ], [ 120.779383059000111, 14.324013679000075 ], [ 120.779387059000101, 14.324141671000064 ], [ 120.779363060000037, 14.324261663000073 ], [ 120.779275066000082, 14.324381656000071 ], [ 120.779207070000098, 14.32451764700005 ], [ 120.779251068, 14.324597642000072 ], [ 120.77937506, 14.324625640000022 ], [ 120.779467054000065, 14.324697635000064 ], [ 120.779459054000085, 14.324825627000052 ], [ 120.77937506, 14.324921621000044 ], [ 120.779291065000052, 14.32507761100004 ], [ 120.779274116000011, 14.325111509000067 ], [ 120.779223069000068, 14.325213602000076 ], [ 120.779171073000043, 14.325357593000035 ], [ 120.779103077000059, 14.325429588000077 ], [ 120.779741907000016, 14.325662101000034 ], [ 120.780327348000014, 14.325873975000036 ], [ 120.780818003000036, 14.326057970000022 ], [ 120.781364414000109, 14.326241966000055 ], [ 120.781765859000075, 14.326431537000076 ], [ 120.782072519000053, 14.326504020000073 ], [ 120.782496266000066, 14.326766075000023 ], [ 120.782897711000032, 14.326855285000022 ], [ 120.783260127000062, 14.327039281000054 ], [ 120.783349337000118, 14.327128491000053 ], [ 120.783548136000036, 14.327298258000042 ], [ 120.783627767000098, 14.327230003000068 ], [ 120.783692230000042, 14.327214835000063 ], [ 120.783847699000034, 14.327305842000044 ], [ 120.783934914000042, 14.327370305000045 ], [ 120.784006961000046, 14.327385473000049 ], [ 120.784067632000074, 14.327385473000049 ], [ 120.784143471000107, 14.32735513700004 ] ] ] ] } },
{ "type": "Feature", "properties": { "psgc_code": 402115028, "name": "San Roque", "corr_code": 42115028.0, "geo_level": "Bgy", "city_class": null, "inc_class": null, "urb_rur": null, "pop_2015": "R", "pop_2020": null, "status": null, "adm4_pcode": "PH0402115028", "adm4_en": "San Roque", "adm3_pcode": "PH0402115", "adm2_pcode": "PH04021", "adm1_pcode": "PH04", "adm0_pcode": "PH", "shape_len": 0.055385576261300001, "shape_area": 9.4418800469000006e-05, "shape_sqkm": 1.1270838431100001 }, "geometry": { "type": "MultiPolygon", "coordinates": [ [ [ [ 120.774549494000098, 14.313095013000066 ], [ 120.774679158000026, 14.313022078000074 ], [ 120.774900667000111, 14.312922129000071 ], [ 120.775065448000078, 14.312814076000052 ], [ 120.775235631000101, 14.31275464600003 ], [ 120.775340983000092, 14.312722230000077 ], [ 120.775465244000088, 14.312719529000049 ], [ 120.775603011000044, 14.312735737000025 ], [ 120.775700259000018, 14.312781660000041 ], [ 120.775792104000061, 14.312851894000062 ], [ 120.775878547000048, 14.312892414000032 ], [ 120.775916365000057, 14.312916726000026 ], [ 120.776016314000117, 14.312876206000055 ], [ 120.776102757000103, 14.312805972000035 ], [ 120.776186498000015, 14.312738438000054 ], [ 120.776278343000058, 14.312689815000056 ], [ 120.776375591000033, 14.312687113000038 ], [ 120.776480942000035, 14.312722230000077 ], [ 120.77657819, 14.312749244000031 ], [ 120.776667334000081, 14.312765452000065 ], [ 120.77675917900001, 14.312697919000072 ], [ 120.776864531000115, 14.312554748000025 ], [ 120.776975285000049, 14.312460202000068 ], [ 120.777102247000016, 14.312395370000047 ], [ 120.777167079000037, 14.312319733000038 ], [ 120.777215703000024, 14.312181965000036 ], [ 120.777337263000049, 14.312076614000034 ], [ 120.777461524000046, 14.311987470000076 ], [ 120.777566875000048, 14.311890222000045 ], [ 120.777685734000102, 14.311803780000048 ], [ 120.777745163000077, 14.311684921000051 ], [ 120.777837008, 14.311620090000076 ], [ 120.777988282000024, 14.311630895000064 ], [ 120.778031503000079, 14.311595778000026 ], [ 120.778039607000096, 14.311512037000057 ], [ 120.778077426000095, 14.311430997000059 ], [ 120.778142258000116, 14.311422893000042 ], [ 120.778250311000079, 14.311493127000062 ], [ 120.778323246000014, 14.311549855000067 ], [ 120.778388078000035, 14.311547154000039 ], [ 120.77843129900009, 14.311479621000046 ], [ 120.778458313000101, 14.311382373000072 ], [ 120.778542054000013, 14.311314840000023 ], [ 120.77865010700009, 14.311314840000023 ], [ 120.77873114700003, 14.311349957000061 ], [ 120.778806784000039, 14.311360762000049 ], [ 120.778836498000032, 14.311260813000047 ], [ 120.778839200000107, 14.311185176000038 ], [ 120.778844602000049, 14.311125747000062 ], [ 120.778931045000036, 14.311093331000052 ], [ 120.779020188000118, 14.311093331000052 ], [ 120.779147151000075, 14.311082526000064 ], [ 120.779220087000112, 14.311087928000063 ], [ 120.779298425000093, 14.311055513000042 ], [ 120.779325438000114, 14.311020395000071 ], [ 120.779279516000088, 14.310952862000022 ], [ 120.779176865000068, 14.310931252000046 ], [ 120.779133644000012, 14.310890732000075 ], [ 120.779125540000109, 14.310834004000071 ], [ 120.779225489000055, 14.310815095000066 ], [ 120.779282217000059, 14.310790783000073 ], [ 120.77934704900008, 14.310704340000029 ], [ 120.779395673000067, 14.310601690000055 ], [ 120.779379465000034, 14.310504442000024 ], [ 120.7793825440001, 14.310368322000045 ], [ 120.779543636000085, 14.310178802000053 ], [ 120.779638396000109, 14.310088780000058 ], [ 120.77966682400006, 14.309994020000033 ], [ 120.77969525200001, 14.309880308000061 ], [ 120.7797849640001, 14.309763921000069 ], [ 120.779861082000025, 14.309733430000051 ], [ 120.779903724000064, 14.309652884000059 ], [ 120.779903724000064, 14.309534434000057 ], [ 120.779861082000025, 14.309439674000032 ], [ 120.77984686800005, 14.309363866000069 ], [ 120.779894248000119, 14.309292796000022 ], [ 120.779941627000085, 14.30921698800006 ], [ 120.779894248000119, 14.30907011000005 ], [ 120.77980896400004, 14.309055896000075 ], [ 120.779714204000015, 14.309074848000023 ], [ 120.779647872000055, 14.309117490000062 ], [ 120.77955785000006, 14.309008516000063 ], [ 120.77952942200011, 14.308847424000078 ], [ 120.77959101600004, 14.308781092000061 ], [ 120.779669193000018, 14.308765299000072 ], [ 120.77965339900004, 14.30868001500005 ], [ 120.779656558000056, 14.308588413000052 ], [ 120.779713414000071, 14.308496812000044 ], [ 120.779760794000026, 14.308424163000041 ], [ 120.779763953000042, 14.308310451000068 ], [ 120.779735525000092, 14.30825675400007 ], [ 120.779599702000041, 14.308225167000046 ], [ 120.779546005000043, 14.308139883000024 ], [ 120.779593385000112, 14.308045123000056 ], [ 120.779741842000021, 14.307944046000046 ], [ 120.779782905000047, 14.30789982400006 ], [ 120.779966107000064, 14.307814540000038 ], [ 120.780101930000114, 14.307820858000071 ], [ 120.780212483000014, 14.307887190000031 ], [ 120.780348306000064, 14.307956680000075 ], [ 120.780443066000089, 14.308026171000051 ], [ 120.780458859000078, 14.308083027000066 ], [ 120.780496763000087, 14.308177787000034 ], [ 120.780518874000109, 14.308225167000046 ], [ 120.780613634000019, 14.308278864000044 ], [ 120.780708394000044, 14.308338879000075 ], [ 120.780739980000021, 14.308402052000076 ], [ 120.780762091000042, 14.30846206700005 ], [ 120.780828423000116, 14.308449432000032 ], [ 120.780882120000115, 14.30836099000004 ], [ 120.780957928000021, 14.308288340000047 ], [ 120.781055847000061, 14.308240960000035 ], [ 120.781141131000027, 14.308237802000065 ], [ 120.781232732000035, 14.308263071000056 ], [ 120.781311699000071, 14.308345196000062 ], [ 120.781365396000069, 14.308411528000022 ], [ 120.781434887000046, 14.308417846000054 ], [ 120.781501219, 14.308342038000035 ], [ 120.781558075000021, 14.308278864000044 ], [ 120.781621248000079, 14.308228326000062 ], [ 120.781637041000067, 14.308111455000073 ], [ 120.781719167, 14.308016695000049 ], [ 120.781772864000118, 14.307918776000065 ], [ 120.78178549900008, 14.307855603000064 ], [ 120.78181392700003, 14.307773478000058 ], [ 120.781886576000034, 14.307726098000046 ], [ 120.781924480000043, 14.307688194000036 ], [ 120.78196554200008, 14.307612386000073 ], [ 120.781997129000047, 14.307549212000026 ], [ 120.782057144000078, 14.307514467000033 ], [ 120.78213611000001, 14.30754289500004 ], [ 120.782199284000058, 14.307615544000043 ], [ 120.782218236000062, 14.307710304000068 ], [ 120.78221191800003, 14.307792430000063 ], [ 120.782189808000112, 14.307877714000028 ], [ 120.782192966000025, 14.307931411000027 ], [ 120.78224982200004, 14.307953522000048 ], [ 120.782373010000015, 14.307953522000048 ], [ 120.782442501000105, 14.307953522000048 ], [ 120.782530944000086, 14.307956680000075 ], [ 120.782590958000014, 14.307925094000041 ], [ 120.782606752000106, 14.307842968000045 ], [ 120.78256568900008, 14.307735574000048 ], [ 120.782543578000059, 14.307647131000067 ], [ 120.782562530000064, 14.307571323000047 ], [ 120.782638338000083, 14.307527102000051 ], [ 120.782717305, 14.30754289500004 ], [ 120.782834176000051, 14.307634496000048 ], [ 120.782916301000114, 14.307650290000026 ], [ 120.782985791000101, 14.307647131000067 ], [ 120.783045806000018, 14.307675559000074 ], [ 120.783064758000023, 14.307735574000048 ], [ 120.783096345000104, 14.307798747000049 ], [ 120.783159518000048, 14.307820858000071 ], [ 120.783247961000029, 14.307811382000068 ], [ 120.783304817000044, 14.307745050000051 ], [ 120.783304817000044, 14.307612386000073 ], [ 120.783229009000024, 14.307498674000044 ], [ 120.783118455000022, 14.307347058000062 ], [ 120.783055282000078, 14.307249139000078 ], [ 120.783036330000073, 14.307170173000031 ], [ 120.782885296000018, 14.307014034000076 ], [ 120.782770145000086, 14.306903681000051 ], [ 120.782750953000118, 14.30672136000004 ], [ 120.782837316000041, 14.306534240000076 ], [ 120.782986052000069, 14.306404695000026 ], [ 120.783149182000102, 14.306390302000068 ], [ 120.783384282000043, 14.306476665000048 ], [ 120.783537816000035, 14.306548634000023 ], [ 120.783633775000112, 14.306587017000027 ], [ 120.783820894000087, 14.306572623000022 ], [ 120.783974429000068, 14.306539038000039 ], [ 120.783702254000104, 14.306240134000063 ], [ 120.783509864000052, 14.305913907000047 ], [ 120.78324219000001, 14.305478937000032 ], [ 120.782815584000105, 14.30505233100007 ], [ 120.782573005000017, 14.304558807000035 ], [ 120.782213318000117, 14.304015095000068 ], [ 120.781828537000024, 14.303454652000028 ], [ 120.781527403000041, 14.303028047000055 ], [ 120.780983691000074, 14.302375591000043 ], [ 120.78069550400005, 14.302024337000034 ], [ 120.780557085000055, 14.301856973000042 ], [ 120.780272681000042, 14.301522381000041 ], [ 120.780021737000084, 14.301104140000064 ], [ 120.77966205000007, 14.300593886000058 ], [ 120.779394376000027, 14.300125457000036 ], [ 120.778765811000085, 14.29958969300003 ], [ 120.778629894000119, 14.299809749000076 ], [ 120.778595046000078, 14.300106702000051 ], [ 120.778627587000074, 14.300263985000072 ], [ 120.778703517000054, 14.300415844000042 ], [ 120.77873605800005, 14.300524315000075 ], [ 120.778811988000029, 14.300692445000038 ], [ 120.778860800000075, 14.300828034000062 ], [ 120.778893341000071, 14.300958199000036 ], [ 120.778953000000115, 14.30113175300005 ], [ 120.77898011800005, 14.301261918000023 ], [ 120.779007235000108, 14.301402930000052 ], [ 120.779023506000044, 14.30158190800006 ], [ 120.77898011800005, 14.301744614000029 ], [ 120.778953000000115, 14.30190189700005 ], [ 120.778882494000072, 14.301994097000033 ], [ 120.778698093000116, 14.301972403000036 ], [ 120.77858419800009, 14.301896474000046 ], [ 120.778524539000045, 14.30178800300007 ], [ 120.7784974220001, 14.301646990000052 ], [ 120.7784974220001, 14.301500554000029 ], [ 120.778481151000051, 14.301392083000053 ], [ 120.778394374000072, 14.301272765000022 ], [ 120.778242515000102, 14.301164294000046 ], [ 120.778128620000075, 14.301137176000054 ], [ 120.778020149000099, 14.301137176000054 ], [ 120.777879137000014, 14.301148024000042 ], [ 120.777711007000107, 14.301153447000047 ], [ 120.77752118300009, 14.30116971800004 ], [ 120.777461523000056, 14.301229377000027 ], [ 120.777374747000067, 14.301370389000056 ], [ 120.777266276000091, 14.301484284000026 ], [ 120.777136110000015, 14.301554790000068 ], [ 120.777011369000093, 14.301505978000023 ], [ 120.776908321000064, 14.301446319000036 ], [ 120.776707650000048, 14.301381236000054 ], [ 120.776610026000071, 14.301321577000067 ], [ 120.776431049000053, 14.301256495000075 ], [ 120.776214107000101, 14.301267342000074 ], [ 120.775991741000098, 14.301354118000063 ], [ 120.775807341000018, 14.30145174200004 ], [ 120.775698869000053, 14.30145174200004 ], [ 120.775557857000081, 14.301435472000037 ], [ 120.77540599800011, 14.301359542000057 ], [ 120.775297527000021, 14.301261918000023 ], [ 120.775194479000106, 14.301191412000037 ], [ 120.775080585000069, 14.301185988000043 ], [ 120.774939572000108, 14.301196836000031 ], [ 120.77482567800007, 14.301240224000026 ], [ 120.774760595000089, 14.301321577000067 ], [ 120.774766019000026, 14.301446319000036 ], [ 120.774836525000069, 14.301554790000068 ], [ 120.77490160800005, 14.301663261000044 ], [ 120.775010079000026, 14.30178800300007 ], [ 120.775064314000019, 14.301885626000058 ], [ 120.775107702000014, 14.302032062000023 ], [ 120.775194479000106, 14.302243581000027 ], [ 120.775232444000039, 14.302449676000037 ], [ 120.775275833000023, 14.302617806000057 ], [ 120.775243291000038, 14.302742547000037 ], [ 120.77523786800009, 14.302888983000059 ], [ 120.775205326000105, 14.303024572000027 ], [ 120.775113126000065, 14.303181855000048 ], [ 120.775091432000067, 14.303263208000033 ], [ 120.775026349000086, 14.30349099700004 ], [ 120.775020926000025, 14.303588621000074 ], [ 120.775015502000088, 14.303713363000043 ], [ 120.774961267000094, 14.30394115200005 ], [ 120.774863643000117, 14.304055047000077 ], [ 120.774744325000029, 14.30410928200007 ], [ 120.77458161800007, 14.304190636000044 ], [ 120.774435182000047, 14.304277412000033 ], [ 120.774272476000078, 14.304315377000023 ], [ 120.774174852000101, 14.304402154000059 ], [ 120.77407722800001, 14.304526896000027 ], [ 120.773974180000096, 14.304662484000062 ], [ 120.7739416390001, 14.30478722600003 ], [ 120.774039263000077, 14.30487942600007 ], [ 120.774012145000029, 14.305015015000038 ], [ 120.773930792000101, 14.305183145000058 ], [ 120.773854862, 14.305329581000024 ], [ 120.773806050000076, 14.305470594000042 ], [ 120.773725174000106, 14.305519822000065 ], [ 120.77368130900004, 14.305546523000032 ], [ 120.773475214000086, 14.305627876000074 ], [ 120.773301660000016, 14.305725500000051 ], [ 120.773187766000092, 14.305823124000028 ], [ 120.773106412000061, 14.305991254000048 ], [ 120.773035906000018, 14.306132267000066 ], [ 120.77294912900004, 14.30626243200004 ], [ 120.772835235000116, 14.306338362000076 ], [ 120.772699646000092, 14.306446833000052 ], [ 120.772607446000052, 14.306593269000075 ], [ 120.772612869000113, 14.306745128000045 ], [ 120.772602022000115, 14.306934952000063 ], [ 120.772558634, 14.307054270000037 ], [ 120.772520669000073, 14.307151894000071 ], [ 120.77245016300003, 14.307287483000039 ], [ 120.772412198000097, 14.307395954000071 ], [ 120.7723905040001, 14.307488154000055 ], [ 120.772271185000022, 14.307672555000067 ], [ 120.772113902000115, 14.307862379000028 ], [ 120.771994584000026, 14.307927462000066 ], [ 120.771869843000104, 14.307900344000075 ], [ 120.771723407000081, 14.307846109000025 ], [ 120.771647477000101, 14.307759332000046 ], [ 120.77156612400006, 14.307634590000077 ], [ 120.771484771000019, 14.307488154000055 ], [ 120.771435959000087, 14.307363413000076 ], [ 120.77132206400006, 14.307254942000043 ], [ 120.771175628000037, 14.307146471000067 ], [ 120.770996651000019, 14.307092235000027 ], [ 120.770839368000111, 14.307097659000021 ], [ 120.770698356000025, 14.307173588000069 ], [ 120.770513955000069, 14.307309177000036 ], [ 120.770248201000072, 14.307428495000067 ], [ 120.770118036000099, 14.307547813000042 ], [ 120.770014988000071, 14.307645437000076 ], [ 120.769890247000035, 14.307748485000047 ], [ 120.769830588000104, 14.307835262000026 ], [ 120.769819740000116, 14.307943733000059 ], [ 120.769819740000116, 14.308052204000035 ], [ 120.769873976000099, 14.308193216000063 ], [ 120.769966176000025, 14.308285416000047 ], [ 120.770128883000098, 14.308339652000029 ], [ 120.770215660000076, 14.308388464000075 ], [ 120.770318707000115, 14.308475241000053 ], [ 120.770372943000098, 14.308610829000031 ], [ 120.770432602000028, 14.308746418000055 ], [ 120.770519379, 14.309017596000047 ], [ 120.770546496000065, 14.309136914000021 ], [ 120.770627850000096, 14.309294197000042 ], [ 120.770698356000025, 14.309440633000065 ], [ 120.770720050000023, 14.30955995100004 ], [ 120.770774285000016, 14.309722657000066 ], [ 120.770839368000111, 14.309890787000029 ], [ 120.770772747000024, 14.310000528000046 ], [ 120.770737463000046, 14.310055946000034 ], [ 120.77068208500009, 14.310145694000028 ], [ 120.770579038000051, 14.31029213000005 ], [ 120.770421755000029, 14.310416872000076 ], [ 120.770682863000047, 14.310594039000023 ], [ 120.770727040000111, 14.310631368000031 ], [ 120.770831908000105, 14.31071995700006 ], [ 120.771153127000048, 14.31089213000007 ], [ 120.771315021000078, 14.310735375000036 ], [ 120.771375768000098, 14.310498272000075 ], [ 120.771723733000044, 14.310830420000059 ], [ 120.772162643000115, 14.311237697000024 ], [ 120.77246315800005, 14.311514487000068 ], [ 120.772649003000083, 14.311747782000054 ], [ 120.772735994000072, 14.311957351000046 ], [ 120.772771581000029, 14.312269729000036 ], [ 120.772743902000116, 14.312463482000055 ], [ 120.772704361000024, 14.312696777000042 ], [ 120.77264109500004, 14.312858896000023 ], [ 120.772623341000099, 14.312934982000058 ], [ 120.772715294000022, 14.312943739000048 ], [ 120.772844958000064, 14.312908622000066 ], [ 120.772993531000111, 14.312832985000057 ], [ 120.773101584000074, 14.312770854000064 ], [ 120.773212338, 14.312859998000022 ], [ 120.773425743000075, 14.312892414000032 ], [ 120.773647252000046, 14.312884310000072 ], [ 120.773752603000048, 14.312884310000072 ], [ 120.773914683000044, 14.312887011000043 ], [ 120.774098373000015, 14.312935635000031 ], [ 120.774171309000053, 14.312981558000047 ], [ 120.774265855000067, 14.313019376000057 ], [ 120.774341492000076, 14.313068 ], [ 120.774425233000102, 14.313124728000048 ], [ 120.774549494000098, 14.313095013000066 ] ] ] ] } },
{ "type": "Feature", "properties": { "psgc_code": 402115029, "name": "Santulan", "corr_code": 42115029.0, "geo_level": "Bgy", "city_class": null, "inc_class": null, "urb_rur": null, "pop_2015": "R", "pop_2020": null, "status": null, "adm4_pcode": "PH0402115029", "adm4_en": "Santulan", "adm3_pcode": "PH0402115", "adm2_pcode": "PH04021", "adm1_pcode": "PH04", "adm0_pcode": "PH", "shape_len": 0.0153651941468, "shape_area": 1.0680661322e-05, "shape_sqkm": 0.12749277869 }, "geometry": { "type": "MultiPolygon", "coordinates": [ [ [ [ 120.769550289000108, 14.314859048000073 ], [ 120.769629292000104, 14.314802981000071 ], [ 120.769774556000016, 14.314698493000037 ], [ 120.76983572000006, 14.31462713600007 ], [ 120.769879044000049, 14.314484420000042 ], [ 120.769879044000049, 14.314344254000048 ], [ 120.769907077000084, 14.314201538000077 ], [ 120.76993511, 14.314079211000035 ], [ 120.769968241000015, 14.313977272000045 ], [ 120.769998823000037, 14.313870235000024 ], [ 120.770090568000114, 14.313791232000028 ], [ 120.770121150000023, 14.313747908000039 ], [ 120.770138989000088, 14.313699487000065 ], [ 120.770164474000012, 14.313617935000025 ], [ 120.770202702, 14.31354402900007 ], [ 120.770238380000023, 14.31346247700003 ], [ 120.770304641000052, 14.313424250000025 ], [ 120.770419323000056, 14.313457380000045 ], [ 120.770495777000065, 14.313454832000048 ], [ 120.770582426000033, 14.313414056000056 ], [ 120.770684365000079, 14.313365635000025 ], [ 120.77077865900003, 14.313416605000043 ], [ 120.770837275000076, 14.31345228400005 ], [ 120.770967247000044, 14.31346247700003 ], [ 120.771041153000056, 14.313436993000039 ], [ 120.771076832000062, 14.313363086000038 ], [ 120.771130350000021, 14.313327408000077 ], [ 120.771278163000034, 14.313299374000053 ], [ 120.771321487000023, 14.313296826000055 ], [ 120.771423426000069, 14.313289180000027 ], [ 120.771525366000105, 14.313250953000022 ], [ 120.771583981000049, 14.313225468000041 ], [ 120.77169101700008, 14.313199983000061 ], [ 120.771790408000015, 14.31318469200005 ], [ 120.771899993000034, 14.31315156200003 ], [ 120.7719917390001, 14.313064914000051 ], [ 120.772073290000094, 14.312970620000044 ], [ 120.772147196000105, 14.312945135000064 ], [ 120.772246587000041, 14.312952780000046 ], [ 120.772323042000039, 14.312965523000059 ], [ 120.772455967000042, 14.312930233000031 ], [ 120.772545111000113, 14.312927531000071 ], [ 120.772623341000099, 14.312934982000058 ], [ 120.77264109500004, 14.312858896000023 ], [ 120.772704361000024, 14.312696777000042 ], [ 120.772743902000116, 14.312463482000055 ], [ 120.772771581000029, 14.312269729000036 ], [ 120.772735994000072, 14.311957351000046 ], [ 120.772649003000083, 14.311747782000054 ], [ 120.77246315800005, 14.311514487000068 ], [ 120.772162643000115, 14.311237697000024 ], [ 120.771723733000044, 14.310830420000059 ], [ 120.771375768000098, 14.310498272000075 ], [ 120.771315021000078, 14.310735375000036 ], [ 120.771153127000048, 14.31089213000007 ], [ 120.770831908000105, 14.31071995700006 ], [ 120.770727040000111, 14.310631368000031 ], [ 120.770682863000047, 14.310594039000023 ], [ 120.770421755000029, 14.310416872000076 ], [ 120.770318707000115, 14.310492801000066 ], [ 120.770166848000031, 14.310579578000045 ], [ 120.769987871000012, 14.310660932000076 ], [ 120.769846858000051, 14.310758555000064 ], [ 120.769716693000078, 14.310850756000036 ], [ 120.769624493000038, 14.310942956000076 ], [ 120.769548563000058, 14.311116510000033 ], [ 120.769488904000013, 14.311300911000046 ], [ 120.769391280000036, 14.311441923000075 ], [ 120.769277385, 14.311561241000049 ], [ 120.769147220000036, 14.311637171000029 ], [ 120.769017055000063, 14.311713100000077 ], [ 120.768859772000042, 14.311783607000052 ], [ 120.768789266000113, 14.311892078000028 ], [ 120.768783842000062, 14.312033090000057 ], [ 120.768838078000044, 14.312152408000031 ], [ 120.768903160000036, 14.312309691000053 ], [ 120.768951972000082, 14.312445280000077 ], [ 120.768968243000018, 14.312602563000041 ], [ 120.769006208000064, 14.312716457000022 ], [ 120.769022479000114, 14.312960517000022 ], [ 120.769022479000114, 14.313096106000046 ], [ 120.768995361000066, 14.313258812000072 ], [ 120.768979090000016, 14.313432366000029 ], [ 120.768930278000084, 14.313578802000052 ], [ 120.768783842000062, 14.313736085000073 ], [ 120.768653677000088, 14.313898791000042 ], [ 120.768528935000063, 14.314083192000055 ], [ 120.768436735000023, 14.314343523000048 ], [ 120.768387923000091, 14.314587582000058 ], [ 120.76830657000005, 14.314853336000056 ], [ 120.76846208500001, 14.314774948000036 ], [ 120.768607349000035, 14.314797884000029 ], [ 120.768803583000022, 14.31484630500006 ], [ 120.769010010000102, 14.314874339000028 ], [ 120.769213889000071, 14.314884533000054 ], [ 120.769346410000026, 14.314910018000035 ], [ 120.769443253000077, 14.314912566000032 ], [ 120.769550289000108, 14.314859048000073 ] ] ] ] } },
{ "type": "Feature", "properties": { "psgc_code": 402115030, "name": "Sapa", "corr_code": 42115030.0, "geo_level": "Bgy", "city_class": null, "inc_class": null, "urb_rur": null, "pop_2015": "R", "pop_2020": null, "status": null, "adm4_pcode": "PH0402115030", "adm4_en": "Sapa", "adm3_pcode": "PH0402115", "adm2_pcode": "PH04021", "adm1_pcode": "PH04", "adm0_pcode": "PH", "shape_len": 0.027971841891699999, "shape_area": 3.466181006e-05, "shape_sqkm": 0.41374020504199999 }, "geometry": { "type": "MultiPolygon", "coordinates": [ [ [ [ 120.758759895000026, 14.321064616000058 ], [ 120.758952486000112, 14.320885917000055 ], [ 120.759300582000037, 14.320673804000023 ], [ 120.759971166000014, 14.320288219000076 ], [ 120.760150905000046, 14.320181845000036 ], [ 120.760765095000011, 14.320002083000077 ], [ 120.761349324000093, 14.319912201000022 ], [ 120.761978494000118, 14.319897221000076 ], [ 120.762113316000068, 14.319792359000076 ], [ 120.762353, 14.319477774000063 ], [ 120.762607664000029, 14.318968446000042 ], [ 120.762757467000029, 14.318459118000021 ], [ 120.762772447000089, 14.318144533000066 ], [ 120.762802407000095, 14.317740067000045 ], [ 120.762757467000029, 14.317380541000034 ], [ 120.762757467000029, 14.317050976000075 ], [ 120.762847348000037, 14.316721410000071 ], [ 120.76224642000011, 14.316699687000039 ], [ 120.762020876000065, 14.316633049000075 ], [ 120.761349369000072, 14.316545907000034 ], [ 120.760910358000046, 14.316158291000022 ], [ 120.760370303000059, 14.316274229000044 ], [ 120.759801317000097, 14.316192213000022 ], [ 120.759319472000016, 14.316048685000055 ], [ 120.75893502200006, 14.315761629000065 ], [ 120.758540320000066, 14.315648857000042 ], [ 120.758248138000113, 14.315515581000056 ], [ 120.75794027500001, 14.315380097000059 ], [ 120.757724515000064, 14.315326283000047 ], [ 120.757506584000112, 14.315253640000037 ], [ 120.757220283000038, 14.315206635000038 ], [ 120.756938255000023, 14.315108352000038 ], [ 120.756703231000074, 14.31503998200003 ], [ 120.756318647000057, 14.314958792000027 ], [ 120.756096443000047, 14.314877602000024 ], [ 120.755797938000114, 14.314790445000028 ], [ 120.755781291000062, 14.314877841000055 ], [ 120.755747997000071, 14.314965237000024 ], [ 120.755747997000071, 14.315102575000026 ], [ 120.755706380000106, 14.315252397000052 ], [ 120.755639792000011, 14.315310661000069 ], [ 120.755560720000062, 14.315360602000055 ], [ 120.75546083800009, 14.315414704000034 ], [ 120.755435868000063, 14.315497939000068 ], [ 120.75544835300002, 14.315589497000076 ], [ 120.755519102000108, 14.315672732000053 ], [ 120.755614822000098, 14.315751805000048 ], [ 120.755693895000036, 14.315822554000022 ], [ 120.755752159000053, 14.315893304000042 ], [ 120.755797938000114, 14.31598486200005 ], [ 120.755860364000114, 14.316055611000024 ], [ 120.755968569000061, 14.316059773000063 ], [ 120.756114230000094, 14.316143007000051 ], [ 120.75613075800004, 14.316283570000053 ], [ 120.756111482000051, 14.316347825000037 ], [ 120.75604080100004, 14.31640565400005 ], [ 120.756027950000089, 14.316527739000037 ], [ 120.756034376000116, 14.316643397000064 ], [ 120.7560986310001, 14.316791184000067 ], [ 120.756182162000073, 14.316913268000064 ], [ 120.756239991000029, 14.316983948000029 ], [ 120.756246417000057, 14.317061054000021 ], [ 120.756207864000089, 14.317125309000062 ], [ 120.756124333000116, 14.317208840000035 ], [ 120.756079354, 14.31725381900003 ], [ 120.756085780000035, 14.317324499000051 ], [ 120.756092205000073, 14.317491562000043 ], [ 120.756034376000116, 14.317620071000022 ], [ 120.755963695000105, 14.317690752000033 ], [ 120.755880164000018, 14.317787134000071 ], [ 120.75580948400011, 14.317967048000071 ], [ 120.755725952000034, 14.318134111000063 ], [ 120.755700250000018, 14.318294748000028 ], [ 120.755635996000024, 14.318442534000042 ], [ 120.755456082000023, 14.31863529900005 ], [ 120.755314222000038, 14.318732129000068 ], [ 120.754940752000039, 14.318313842000066 ], [ 120.75471592100007, 14.318489503000023 ], [ 120.754541624000012, 14.318637391000038 ], [ 120.754409581000118, 14.318774716000064 ], [ 120.754224721000014, 14.31892788600004 ], [ 120.75411942400001, 14.319097553000063 ], [ 120.754341148000094, 14.319274932000042 ], [ 120.754470771000115, 14.319496656000069 ], [ 120.754699318, 14.319643335000023 ], [ 120.75478118500007, 14.319776369000067 ], [ 120.754852819, 14.319885526000064 ], [ 120.75493468600007, 14.320001504000061 ], [ 120.755023376000054, 14.32012089400007 ], [ 120.755152999000074, 14.320257340000069 ], [ 120.75516003000007, 14.320263382000064 ], [ 120.755294889000083, 14.320379274000061 ], [ 120.755385757000113, 14.320422316000077 ], [ 120.75545988600004, 14.320510793000039 ], [ 120.755553144000032, 14.320592095000052 ], [ 120.755627273000073, 14.320675789000063 ], [ 120.755694228000038, 14.320771439000055 ], [ 120.755737271000044, 14.320869481000045 ], [ 120.755768357000079, 14.320996217000072 ], [ 120.755828139000073, 14.321118171000023 ], [ 120.755871181000089, 14.321189909000054 ], [ 120.755947701000082, 14.321319036000034 ], [ 120.756031395000036, 14.321383600000047 ], [ 120.756069446000083, 14.321408002000055 ], [ 120.75613773300006, 14.321360726000023 ], [ 120.756190263, 14.321339714000032 ], [ 120.756232286000113, 14.321334462000038 ], [ 120.756347850000111, 14.321334462000038 ], [ 120.756410885000037, 14.321323956000072 ], [ 120.756468667000036, 14.321297691000041 ], [ 120.756504145, 14.321270597000023 ], [ 120.75654248100011, 14.321220466000057 ], [ 120.75693039600003, 14.320559987000024 ], [ 120.757060913000032, 14.320511043000067 ], [ 120.757131776000051, 14.320544703000053 ], [ 120.757261245000109, 14.320808622000072 ], [ 120.757330960000104, 14.320943071000045 ], [ 120.757560021000018, 14.321147234000023 ], [ 120.757729327000106, 14.321246826000049 ], [ 120.757933491000017, 14.321346418000076 ], [ 120.758019558000115, 14.321412186000032 ], [ 120.758244639000054, 14.321620550000034 ], [ 120.758759895000026, 14.321064616000058 ] ] ] ] } },
{ "type": "Feature", "properties": { "psgc_code": 402115031, "name": "Timalan Balsahan", "corr_code": 42115031.0, "geo_level": "Bgy", "city_class": null, "inc_class": null, "urb_rur": null, "pop_2015": "U", "pop_2020": null, "status": null, "adm4_pcode": "PH0402115031", "adm4_en": "Timalan Balsahan", "adm3_pcode": "PH0402115", "adm2_pcode": "PH04021", "adm1_pcode": "PH04", "adm0_pcode": "PH", "shape_len": 0.111813338496, "shape_area": 0.00055193823847500003, "shape_sqkm": 6.5877616290100001 }, "geometry": { "type": "MultiPolygon", "coordinates": [ [ [ [ 120.780810928000051, 14.347552508000035 ], [ 120.780816626000046, 14.347531957000058 ], [ 120.780819655000073, 14.347532 ], [ 120.780833022000024, 14.347508806000064 ], [ 120.780849624000098, 14.347471033000033 ], [ 120.780890378000095, 14.34741512100004 ], [ 120.780894875000058, 14.347404616000063 ], [ 120.780902522000019, 14.347392708000029 ], [ 120.78091629100004, 14.347374849000062 ], [ 120.780923924000035, 14.347356993000062 ], [ 120.780926951000083, 14.347337654000057 ], [ 120.780926923000038, 14.347324268000023 ], [ 120.780922267000051, 14.34729601600003 ], [ 120.780914543000108, 14.347266288000071 ], [ 120.780909922000092, 14.347254400000054 ], [ 120.780896088000077, 14.347232114000064 ], [ 120.780889928000079, 14.347215774000063 ], [ 120.78088222800011, 14.34719349900007 ], [ 120.780882217000112, 14.347187560000066 ], [ 120.780880683000078, 14.347186075000025 ], [ 120.780879133000099, 14.347175683000046 ], [ 120.780877549000024, 14.34714599800003 ], [ 120.780876007000074, 14.34714006300004 ], [ 120.780875971000114, 14.34711929100007 ], [ 120.780874421000021, 14.347108908000052 ], [ 120.780871346000026, 14.347101492000036 ], [ 120.780868244000089, 14.347077765000051 ], [ 120.780868136000095, 14.347014032000061 ], [ 120.780869651000103, 14.347005143000047 ], [ 120.780868111000018, 14.346999218000065 ], [ 120.780868066000039, 14.346972559000051 ], [ 120.780872620000082, 14.346951830000023 ], [ 120.780884815000036, 14.346928147000028 ], [ 120.780893945000116, 14.346902990000046 ], [ 120.780906136000112, 14.346880800000065 ], [ 120.780909168000107, 14.346867489000033 ], [ 120.780915255000082, 14.346852701000046 ], [ 120.780927442, 14.346832003000031 ], [ 120.78093354400005, 14.346826090000036 ], [ 120.780941161000101, 14.346814265000035 ], [ 120.780964054000037, 14.346760991000053 ], [ 120.780971703000091, 14.346749138000064 ], [ 120.780997741000078, 14.346719470000039 ], [ 120.781006948000027, 14.346714993000035 ], [ 120.781016171000033, 14.346716424000022 ], [ 120.7810469530001, 14.346728096000049 ], [ 120.781107077000115, 14.346757397000033 ], [ 120.781119418000117, 14.346761783000034 ], [ 120.781148674000065, 14.346778 ], [ 120.781170175000057, 14.346786869000027 ], [ 120.781219262000036, 14.346813547000068 ], [ 120.78131431700001, 14.346871405000059 ], [ 120.781406875000016, 14.346933978000038 ], [ 120.781605253000066, 14.346636413000056 ], [ 120.781889392000039, 14.346427047000077 ], [ 120.782487579000076, 14.346127954000053 ], [ 120.782996038000078, 14.345993361000069 ], [ 120.783489542000098, 14.345903633000034 ], [ 120.783773681000071, 14.345858769000074 ], [ 120.784117639000101, 14.345813905000057 ], [ 120.784476551000012, 14.345754087000046 ], [ 120.784593542000039, 14.345728664000035 ], [ 120.784820509000042, 14.345679313000062 ], [ 120.785284104000084, 14.345679313000062 ], [ 120.785792563000086, 14.345634449000045 ], [ 120.786143998000057, 14.345549706000043 ], [ 120.786373303000119, 14.345430068000042 ], [ 120.786592638000116, 14.34531043100003 ], [ 120.786901701000033, 14.345200763000037 ], [ 120.787131007000085, 14.345111035000059 ], [ 120.787370281000108, 14.345001368000055 ], [ 120.787549738000052, 14.344841851000069 ], [ 120.787739163000083, 14.344732183000076 ], [ 120.787838861000068, 14.34458263700003 ], [ 120.788088106000032, 14.344542758000046 ], [ 120.788247623000075, 14.344632486000023 ], [ 120.788347320000071, 14.344841851000069 ], [ 120.788337351000109, 14.345081126000025 ], [ 120.788267562000101, 14.345360280000023 ], [ 120.788127985000074, 14.345519797000065 ], [ 120.78796846900002, 14.345798951000063 ], [ 120.787928589000103, 14.346028256000068 ], [ 120.787928589000103, 14.346247591000065 ], [ 120.788018317000024, 14.346496836000028 ], [ 120.788267562000101, 14.346486866000077 ], [ 120.788566656000057, 14.346496836000028 ], [ 120.7889953560001, 14.346327349000035 ], [ 120.789334329000098, 14.346227651000049 ], [ 120.78954369500002, 14.346088074000022 ], [ 120.78981287900001, 14.345968437000067 ], [ 120.790012275000095, 14.345878709000033 ], [ 120.79027148900002, 14.345788981000055 ], [ 120.790530704000048, 14.345709222000039 ], [ 120.790700190000052, 14.345649404000028 ], [ 120.790949435000016, 14.345589585000027 ], [ 120.791358196000033, 14.345440038000049 ], [ 120.791647320000038, 14.345350310000072 ], [ 120.791906534000077, 14.34531043100003 ], [ 120.792056081000055, 14.345270552000045 ], [ 120.792247761000112, 14.345251384000051 ], [ 120.792355174000022, 14.345240643000068 ], [ 120.792634328000076, 14.345190794000075 ], [ 120.792833724000047, 14.345180824000067 ], [ 120.793023150000067, 14.345150914000044 ], [ 120.793322244000024, 14.345150914000044 ], [ 120.793601398000078, 14.345200763000037 ], [ 120.793800793000059, 14.345260582000037 ], [ 120.793970280000053, 14.345290491000071 ], [ 120.794209555000066, 14.345400159000064 ], [ 120.794478739000056, 14.345519797000065 ], [ 120.794737953000094, 14.345649404000028 ], [ 120.794977228000107, 14.34574910200007 ], [ 120.795356080000033, 14.346008316000052 ], [ 120.795804720000092, 14.346207712000023 ], [ 120.796093844000097, 14.34634728900005 ], [ 120.796392938000054, 14.346337319000042 ], [ 120.796711971000036, 14.346117984000045 ], [ 120.796931306000033, 14.34582886000004 ], [ 120.79715064100003, 14.345609525000043 ], [ 120.797330098000089, 14.345440038000049 ], [ 120.797469675000116, 14.345260582000037 ], [ 120.797748829000057, 14.345031277000032 ], [ 120.798027983000111, 14.344782032000069 ], [ 120.798257288000059, 14.344552727000064 ], [ 120.798426774000063, 14.344363301000044 ], [ 120.798596260000068, 14.344223724000074 ], [ 120.798745807000046, 14.344034298000054 ], [ 120.798955173000081, 14.343854842000042 ], [ 120.799154568000063, 14.343715265000071 ], [ 120.799383873000011, 14.343625537000037 ], [ 120.799613179000062, 14.343565719000026 ], [ 120.799832514000059, 14.343535809000059 ], [ 120.800091728000098, 14.343495930000074 ], [ 120.800622911000119, 14.343438115000026 ], [ 120.80109339, 14.343357462000029 ], [ 120.801496658000019, 14.343142385000021 ], [ 120.801819273000092, 14.342886982000039 ], [ 120.802128445000108, 14.342604695000034 ], [ 120.802679578000038, 14.342308965000029 ], [ 120.802816241000073, 14.342183504000047 ], [ 120.802923779000025, 14.341956479000032 ], [ 120.802774420000105, 14.341813094000031 ], [ 120.802732600000013, 14.341633864000073 ], [ 120.8027505230001, 14.341418788000055 ], [ 120.802870010000106, 14.341221635000068 ], [ 120.803073137000069, 14.340946815000052 ], [ 120.803264316000082, 14.340767585000037 ], [ 120.803449521000061, 14.340630175000058 ], [ 120.803718366000112, 14.340421073000073 ], [ 120.803969289000065, 14.340235868000036 ], [ 120.804226185000061, 14.340050664000046 ], [ 120.80445321000002, 14.339871434000031 ], [ 120.804656338000086, 14.339686229000051 ], [ 120.804835568000044, 14.339554794000037 ], [ 120.805032721000089, 14.339447255000039 ], [ 120.805259746000047, 14.33935764000006 ], [ 120.805450925000059, 14.339190359000042 ], [ 120.805492746000027, 14.338933462000057 ], [ 120.805564438000033, 14.338700463000066 ], [ 120.805654053000012, 14.338479412000027 ], [ 120.805797437000024, 14.338228490000063 ], [ 120.805982641000014, 14.338055234000024 ], [ 120.806173820000026, 14.337917824000044 ], [ 120.806149923000021, 14.337690799000029 ], [ 120.806167846000108, 14.33755338900005 ], [ 120.806335128000114, 14.337362210000038 ], [ 120.806436691000044, 14.337242724000077 ], [ 120.806639819000111, 14.337153109000042 ], [ 120.806908664000048, 14.337188955000045 ], [ 120.807058023000081, 14.337188955000045 ], [ 120.807296996000105, 14.337081416000046 ], [ 120.807446355000025, 14.336991801000067 ], [ 120.807577790000096, 14.336920109000062 ], [ 120.807649483000091, 14.336758802000077 ], [ 120.80770325200001, 14.336591521000059 ], [ 120.807792867000103, 14.336454111000023 ], [ 120.807936251000115, 14.336340598000049 ], [ 120.808085609000045, 14.336304752000046 ], [ 120.808282763000079, 14.336245009000038 ], [ 120.808456019000118, 14.336197214000038 ], [ 120.808659146000082, 14.33618526500004 ], [ 120.808802530000094, 14.33618526500004 ], [ 120.808945915000095, 14.336149419000037 ], [ 120.809077350000052, 14.336101625000026 ], [ 120.80934022100007, 14.336041881000028 ], [ 120.809501528000055, 14.336029932000031 ], [ 120.809704656, 14.335958240000025 ], [ 120.809830117000047, 14.335856677000038 ], [ 120.809901809000053, 14.335731215000067 ], [ 120.809925706000058, 14.335528088000046 ], [ 120.810021296000059, 14.335396652000043 ], [ 120.810104937, 14.335271191000061 ], [ 120.810188577000076, 14.335193525000022 ], [ 120.810379756000088, 14.335056115000043 ], [ 120.810493269000062, 14.334978448000072 ], [ 120.810630679000042, 14.334870910000063 ], [ 120.810774063000054, 14.334811167000055 ], [ 120.810869652000065, 14.334727526000052 ], [ 120.810983165000039, 14.33464986000007 ], [ 120.811138498000105, 14.334614014000067 ], [ 120.811287856000035, 14.334560245000034 ], [ 120.811377471000014, 14.334470630000055 ], [ 120.811490984000102, 14.334404912000025 ], [ 120.811610471000108, 14.334375040000054 ], [ 120.811741906000066, 14.33438101400003 ], [ 120.811867367000104, 14.334351143000049 ], [ 120.811998803000051, 14.334183861000042 ], [ 120.812207905000037, 14.333932939000022 ], [ 120.81230946800008, 14.333771632000037 ], [ 120.812411032000114, 14.33360435000003 ], [ 120.812506622000114, 14.33341914600004 ], [ 120.812536493000039, 14.333257838000065 ], [ 120.812638057000072, 14.333060685000078 ], [ 120.812709749000078, 14.332917301000066 ], [ 120.812757544000078, 14.332738071000051 ], [ 120.812805339000079, 14.332576763000077 ], [ 120.812912877000031, 14.33243935400003 ], [ 120.813008466000042, 14.332289995000053 ], [ 120.81305028700001, 14.332140637000066 ], [ 120.813104056000043, 14.331967381000027 ], [ 120.813169773000027, 14.331734381000047 ], [ 120.813032364000037, 14.33147748500005 ], [ 120.812990543000069, 14.331196691000059 ], [ 120.812877031000085, 14.331011486000023 ], [ 120.812847159000057, 14.330832256000065 ], [ 120.812823262000052, 14.330682897000031 ], [ 120.812811313000111, 14.330479770000068 ], [ 120.812811313000111, 14.330318463000026 ], [ 120.812859108000112, 14.330097412000043 ], [ 120.812883005000117, 14.329870387000028 ], [ 120.812996518000091, 14.329679208000073 ], [ 120.813121979000016, 14.329565696000031 ], [ 120.813349004000088, 14.329535824000061 ], [ 120.813617849000025, 14.32957764400004 ], [ 120.813803054000118, 14.32957764400004 ], [ 120.813940463000108, 14.329571670000064 ], [ 120.814095796000061, 14.329494004000026 ], [ 120.814215283000067, 14.329386465000027 ], [ 120.814245155000094, 14.329290876000073 ], [ 120.814406462000079, 14.329171389000066 ], [ 120.814472180000053, 14.329045928000028 ], [ 120.81463946100007, 14.328938390000076 ], [ 120.81362819800006, 14.327716594000037 ], [ 120.812951188000056, 14.327337468000053 ], [ 120.811597168000048, 14.326145931000042 ], [ 120.810351470000114, 14.325116876000038 ], [ 120.808466211000109, 14.324443419000033 ], [ 120.807550226000103, 14.324087029000054 ], [ 120.806146745000092, 14.323633146000077 ], [ 120.805515088000107, 14.323203677000038 ], [ 120.804177139000103, 14.322138032000055 ], [ 120.803121004000104, 14.321785987000055 ], [ 120.801631582000027, 14.321352701000023 ], [ 120.799861324000062, 14.320992521000051 ], [ 120.798544416000027, 14.320756932000052 ], [ 120.797217477000117, 14.320567369000059 ], [ 120.795430170000031, 14.320377806000067 ], [ 120.793940749000058, 14.32021532400006 ], [ 120.792722131000119, 14.320188243000075 ], [ 120.791584754000041, 14.319890359000055 ], [ 120.790799422000077, 14.319538314000056 ], [ 120.789913106000085, 14.31941376900005 ], [ 120.789661809000108, 14.321303524000029 ], [ 120.789281513000105, 14.324000779000073 ], [ 120.789294915000028, 14.324175012000069 ], [ 120.789470265000091, 14.324646333000032 ], [ 120.789751718000048, 14.325553237000065 ], [ 120.789885743000013, 14.325955312000076 ], [ 120.790019768000093, 14.32635738700003 ], [ 120.790122520000068, 14.326670113000034 ], [ 120.790202935000025, 14.32688455300007 ], [ 120.790234208000015, 14.327054318000023 ], [ 120.790444181000112, 14.328099714000075 ], [ 120.790511193000043, 14.328434777000041 ], [ 120.790533531000051, 14.328604542000051 ], [ 120.790497791, 14.328787710000029 ], [ 120.790408441000068, 14.328939605000073 ], [ 120.790144858000076, 14.329207655000062 ], [ 120.78980979500011, 14.329605263000076 ], [ 120.789488135000056, 14.329967131000046 ], [ 120.789086059000056, 14.330440686000031 ], [ 120.78783962600005, 14.331847950000054 ], [ 120.787517966000109, 14.332236623000028 ], [ 120.78698186500003, 14.332848671000022 ], [ 120.78678082700003, 14.333098851000045 ], [ 120.786754022000082, 14.333299889000045 ], [ 120.786731685000063, 14.333424979000029 ], [ 120.786669140000072, 14.333827054000039 ], [ 120.786593192000055, 14.334385492000024 ], [ 120.786570855000036, 14.334582062000038 ], [ 120.786499375000062, 14.33476076200003 ], [ 120.786280467000097, 14.335077955000031 ], [ 120.785753302000103, 14.33583296300003 ], [ 120.785360161000085, 14.336377999000035 ], [ 120.785154656000032, 14.336632646000055 ], [ 120.78497148800011, 14.336820282000076 ], [ 120.784824061000108, 14.336967709000078 ], [ 120.784645361000116, 14.337106202000029 ], [ 120.784457725000038, 14.337244694000049 ], [ 120.784292428000072, 14.337387655000043 ], [ 120.784077988000035, 14.337544017000027 ], [ 120.782719866000093, 14.338473258000022 ], [ 120.78254563400003, 14.338625153000066 ], [ 120.782362466000109, 14.338790451000023 ], [ 120.782179298000074, 14.338946813000064 ], [ 120.78196932600008, 14.339138916000024 ], [ 120.781871041000045, 14.33926847400005 ], [ 120.781705743000089, 14.339625874000035 ], [ 120.781629795000072, 14.339840314000071 ], [ 120.781477900000027, 14.340059222000036 ], [ 120.781330473000025, 14.340291532000037 ], [ 120.781191980000017, 14.340505972000074 ], [ 120.780990942000017, 14.340805295000052 ], [ 120.780923930000085, 14.340934853000022 ], [ 120.780745230000093, 14.341185033000045 ], [ 120.780536680000068, 14.341405122000026 ], [ 120.779571301000033, 14.341970536000076 ], [ 120.778882431000056, 14.342367960000047 ], [ 120.778167066000037, 14.342725643000051 ], [ 120.777517939000063, 14.343123068000068 ], [ 120.777546550000011, 14.343192522000038 ], [ 120.777582430000052, 14.343214529000022 ], [ 120.777612925000085, 14.343242414000031 ], [ 120.777629057000013, 14.343259793000072 ], [ 120.777663115000109, 14.343291138000041 ], [ 120.777670281000042, 14.34330152800004 ], [ 120.777695367000092, 14.343329315000062 ], [ 120.777718634000053, 14.343353811000043 ], [ 120.777732925, 14.343366118000063 ], [ 120.77773649400001, 14.34337309700004 ], [ 120.777752541000041, 14.343392334000043 ], [ 120.777770345000022, 14.34340809300005 ], [ 120.777797, 14.343425626000055 ], [ 120.777809415000092, 14.34343609900003 ], [ 120.777830660000063, 14.343460439000069 ], [ 120.777846561000047, 14.343482976000075 ], [ 120.777862444000107, 14.343498581000063 ], [ 120.777887096000086, 14.343529696000076 ], [ 120.777897647000032, 14.343540058000031 ], [ 120.777922217000082, 14.343569352000031 ], [ 120.777978147000113, 14.343643146000034 ], [ 120.77799902400011, 14.343680765000045 ], [ 120.778032026, 14.343719957000076 ], [ 120.778066626000054, 14.343772647000037 ], [ 120.778082167000093, 14.343791275000058 ], [ 120.778101117, 14.343820051000023 ], [ 120.778109709000091, 14.343836976000034 ], [ 120.778116558000079, 14.343859001000055 ], [ 120.778125137000075, 14.343875894000064 ], [ 120.778144006000048, 14.343902828000068 ], [ 120.778150850000088, 14.343916308000075 ], [ 120.778169618000106, 14.343963490000021 ], [ 120.778183262000084, 14.343990360000078 ], [ 120.778190086000109, 14.344000397000059 ], [ 120.778196886000046, 14.344017190000045 ], [ 120.778216235000059, 14.344049470000073 ], [ 120.77823920600008, 14.344081862000053 ], [ 120.778255303000037, 14.34411437600005 ], [ 120.778262575000099, 14.344134972000063 ], [ 120.778291003000049, 14.344179469000039 ], [ 120.778317988000026, 14.344236187000035 ], [ 120.778328686, 14.344253355000035 ], [ 120.778334179000012, 14.344268888000045 ], [ 120.778343162000056, 14.344286107000073 ], [ 120.77836276000005, 14.344315321000067 ], [ 120.778375323000091, 14.344337726000049 ], [ 120.778392992000022, 14.344356554000058 ], [ 120.778411023000103, 14.344391100000053 ], [ 120.778411182000013, 14.344398088000048 ], [ 120.778416638000067, 14.34441021300006 ], [ 120.778420451000102, 14.344425881000063 ], [ 120.778424510000036, 14.34445207400006 ], [ 120.778437131000032, 14.34447459200004 ], [ 120.778440916000022, 14.344488553000076 ], [ 120.77844815900005, 14.344502440000042 ], [ 120.77846235700008, 14.344517922000023 ], [ 120.778471163000063, 14.344524742000033 ], [ 120.778488343000049, 14.344545505000042 ], [ 120.778502336000088, 14.344574399000066 ], [ 120.778509277000012, 14.344598186000042 ], [ 120.778514526000095, 14.344610101000058 ], [ 120.778519714000026, 14.344632217000026 ], [ 120.778530208, 14.344659492000062 ], [ 120.778537237000023, 14.344673151000052 ], [ 120.778547833000061, 14.344685130000073 ], [ 120.778553092000038, 14.344698792000031 ], [ 120.778575659000012, 14.344736450000028 ], [ 120.778581793000058, 14.344743881000056 ], [ 120.77860156700001, 14.344783876000065 ], [ 120.778619913000057, 14.344813569000053 ], [ 120.778651944000103, 14.344877421000035 ], [ 120.778658016, 14.344893759000058 ], [ 120.778677929000082, 14.344928 ], [ 120.77869935800004, 14.344969710000044 ], [ 120.778713105000065, 14.345002506000071 ], [ 120.778723840000112, 14.345023402000038 ], [ 120.7787376980001, 14.345042829000022 ], [ 120.778743830000053, 14.345056273000068 ], [ 120.778757680000012, 14.345078701000034 ], [ 120.778776181000012, 14.345104135000042 ], [ 120.778811613000016, 14.345165529000042 ], [ 120.778820846000031, 14.345186519000038 ], [ 120.778840806000062, 14.345254122000028 ], [ 120.778859337000085, 14.345294747000025 ], [ 120.778865495000105, 14.345318873000053 ], [ 120.77887476, 14.345347544000049 ], [ 120.778885598000102, 14.34537169500004 ], [ 120.778887137000083, 14.345380779000038 ], [ 120.778893335000021, 14.34539287900003 ], [ 120.778897982000103, 14.345409508000046 ], [ 120.778921277000109, 14.345456305000027 ], [ 120.778935260000026, 14.345506238000041 ], [ 120.778947703000085, 14.345530431000043 ], [ 120.778947703000085, 14.345533467000052 ], [ 120.778980398000044, 14.345603111000059 ], [ 120.778992869000035, 14.345634958000062 ], [ 120.77901002100009, 14.345669831000066 ], [ 120.779010024000058, 14.345672879000062 ], [ 120.779017822000014, 14.345686521000061 ], [ 120.779025636000028, 14.345710843000063 ], [ 120.779035007000061, 14.345732110000029 ], [ 120.779056861000072, 14.345768523000061 ], [ 120.779089446000057, 14.345807911000065 ], [ 120.779098739, 14.345827418000056 ], [ 120.779112753000049, 14.345845499000063 ], [ 120.779118967000045, 14.345856024000057 ], [ 120.779139092000037, 14.345904060000066 ], [ 120.779154545000097, 14.345949099000052 ], [ 120.779168534000064, 14.345976195000048 ], [ 120.779179390000081, 14.346003273000065 ], [ 120.779196512000112, 14.346034925000026 ], [ 120.779219847000036, 14.346095271000024 ], [ 120.779226126000026, 14.346119559000044 ], [ 120.779244955000081, 14.346171189000074 ], [ 120.779263771000046, 14.346204621000027 ], [ 120.779287273000023, 14.346233518000076 ], [ 120.779304496, 14.346259332000045 ], [ 120.779313885000079, 14.346277531000055 ], [ 120.779320143000064, 14.346297220000054 ], [ 120.779338908000113, 14.346342657000037 ], [ 120.779340471000069, 14.346350221000023 ], [ 120.779349848000038, 14.346368392000045 ], [ 120.779349848000038, 14.346371415000021 ], [ 120.779370155000038, 14.346401699000069 ], [ 120.779402927000092, 14.346462186000053 ], [ 120.779404487000079, 14.346468228000049 ], [ 120.779421636000052, 14.346501462000049 ], [ 120.779427870000063, 14.346516561000044 ], [ 120.779432544000088, 14.346534673000065 ], [ 120.779441890000044, 14.346555801000022 ], [ 120.779460574000041, 14.346585968000056 ], [ 120.77949168400005, 14.346623639000029 ], [ 120.779516548000061, 14.346665800000039 ], [ 120.779546044000085, 14.346727488000056 ], [ 120.77955380100002, 14.346750051000072 ], [ 120.779575575000081, 14.346798264000029 ], [ 120.779578708000031, 14.346810357000038 ], [ 120.779589634000104, 14.346834541000021 ], [ 120.779591206000077, 14.346842107000043 ], [ 120.779608388000042, 14.346878415000049 ], [ 120.77961781700003, 14.346914789000039 ], [ 120.779645949000042, 14.346963274000075 ], [ 120.779656917000011, 14.346987551000041 ], [ 120.779666290000023, 14.346999675000063 ], [ 120.779692932000103, 14.347051309000051 ], [ 120.779692919000013, 14.347048260000065 ], [ 120.779705780000086, 14.347076377000064 ], [ 120.779719811000064, 14.347094447000075 ], [ 120.779730724000046, 14.347112509000056 ], [ 120.77973384500001, 14.347114025000053 ], [ 120.779743206000035, 14.347124578000034 ], [ 120.779749446000096, 14.347133616000065 ], [ 120.779761929000074, 14.347156207000069 ], [ 120.779765051000027, 14.347166743000059 ], [ 120.779790041000069, 14.347207456000035 ], [ 120.779833874000019, 14.347319167000023 ], [ 120.779852711000103, 14.347375143000022 ], [ 120.77987156100005, 14.347422111000071 ], [ 120.77989982500003, 14.347475214000042 ], [ 120.779915512000116, 14.347499507000066 ], [ 120.779929626000012, 14.34751773000005 ], [ 120.779948473000104, 14.347554187000071 ], [ 120.779956322000089, 14.34756634200005 ], [ 120.779984569000021, 14.347604328000045 ], [ 120.780000273000041, 14.347628648000068 ], [ 120.780025432000116, 14.347675793000064 ], [ 120.780037994000054, 14.347692519000077 ], [ 120.780050542000026, 14.347704676000035 ], [ 120.780094525000095, 14.347763996000026 ], [ 120.780099249000045, 14.347773130000064 ], [ 120.780113388000018, 14.34779138600004 ], [ 120.780132268000102, 14.347821835000047 ], [ 120.78013544800001, 14.347832235000055 ], [ 120.780140195000058, 14.347847757000068 ], [ 120.780141914000069, 14.347882887000026 ], [ 120.780135761000111, 14.347905848000039 ], [ 120.780135795000092, 14.347913496000047 ], [ 120.780131222000023, 14.347941061000029 ], [ 120.780117251000092, 14.34796870100007 ], [ 120.780087512000023, 14.348014259000024 ], [ 120.780073352000045, 14.348035951000043 ], [ 120.780062340000086, 14.348066430000074 ], [ 120.780054475000043, 14.348080146000029 ], [ 120.780051356000058, 14.34809761300005 ], [ 120.780045064000092, 14.348103709000043 ], [ 120.780038771000022, 14.348115901000028 ], [ 120.780037198000059, 14.348125045000074 ], [ 120.780040344000099, 14.348132664000047 ], [ 120.780043490000025, 14.348135712000044 ], [ 120.780052928000032, 14.348135712000044 ], [ 120.780067086000031, 14.348129617000041 ], [ 120.780071805000034, 14.348125045000074 ], [ 120.780114277000052, 14.348108282000055 ], [ 120.780133669000065, 14.348096720000058 ], [ 120.780134726000028, 14.34809609000007 ], [ 120.780164614000114, 14.348085422000054 ], [ 120.780194502000086, 14.348080851000077 ], [ 120.780239999000059, 14.348065654000038 ], [ 120.78028852500006, 14.348035282000069 ], [ 120.780297914000016, 14.348032253000042 ], [ 120.780307264000044, 14.348026584000024 ], [ 120.780310418000113, 14.348024671000076 ], [ 120.780330749000086, 14.348020140000074 ], [ 120.780346387, 14.348018641000067 ], [ 120.780463496000039, 14.348014242000033 ], [ 120.780521108000016, 14.348005231000059 ], [ 120.780553718000078, 14.347991655000044 ], [ 120.780572310000025, 14.34797958200005 ], [ 120.780589260000056, 14.347955421000052 ], [ 120.780598515000065, 14.347944862000077 ], [ 120.780606165000108, 14.347926753000024 ], [ 120.780624365000108, 14.347861926000064 ], [ 120.780641073000083, 14.347825877000048 ], [ 120.780656227, 14.347809495000035 ], [ 120.780674493000106, 14.347797654000033 ], [ 120.78069115400001, 14.347782826000071 ], [ 120.780700197000101, 14.34777243800005 ], [ 120.780723710000075, 14.347708521000072 ], [ 120.780725054000072, 14.347696628000051 ], [ 120.780730932000097, 14.347681817000023 ], [ 120.780744432, 14.347667104000038 ], [ 120.780758034000087, 14.347659832000033 ], [ 120.780783751000058, 14.347649739000076 ], [ 120.780795769000065, 14.347640986000044 ], [ 120.780801722000092, 14.347633651000024 ], [ 120.780813355000078, 14.347604207000074 ], [ 120.780810928000051, 14.347552508000035 ] ] ] ] } },
{ "type": "Feature", "properties": { "psgc_code": 402115032, "name": "Timalan Concepcion", "corr_code": 42115032.0, "geo_level": "Bgy", "city_class": null, "inc_class": null, "urb_rur": null, "pop_2015": "R", "pop_2020": null, "status": null, "adm4_pcode": "PH0402115032", "adm4_en": "Timalan Concepcion", "adm3_pcode": "PH0402115", "adm2_pcode": "PH04021", "adm1_pcode": "PH04", "adm0_pcode": "PH", "shape_len": 0.078550021367600004, "shape_area": 0.00018893804885200001, "shape_sqkm": 2.2551228078099999 }, "geometry": { "type": "MultiPolygon", "coordinates": [ [ [ [ 120.777517939000063, 14.343123068000068 ], [ 120.778167066000037, 14.342725643000051 ], [ 120.778882431000056, 14.342367960000047 ], [ 120.779571301000033, 14.341970536000076 ], [ 120.780536680000068, 14.341405122000026 ], [ 120.780745230000093, 14.341185033000045 ], [ 120.780923930000085, 14.340934853000022 ], [ 120.780990942000017, 14.340805295000052 ], [ 120.781191980000017, 14.340505972000074 ], [ 120.781330473000025, 14.340291532000037 ], [ 120.781477900000027, 14.340059222000036 ], [ 120.781629795000072, 14.339840314000071 ], [ 120.781705743000089, 14.339625874000035 ], [ 120.781871041000045, 14.33926847400005 ], [ 120.78196932600008, 14.339138916000024 ], [ 120.782179298000074, 14.338946813000064 ], [ 120.782362466000109, 14.338790451000023 ], [ 120.78254563400003, 14.338625153000066 ], [ 120.782719866000093, 14.338473258000022 ], [ 120.784077988000035, 14.337544017000027 ], [ 120.784292428000072, 14.337387655000043 ], [ 120.784457725000038, 14.337244694000049 ], [ 120.784645361000116, 14.337106202000029 ], [ 120.784824061000108, 14.336967709000078 ], [ 120.78497148800011, 14.336820282000076 ], [ 120.785154656000032, 14.336632646000055 ], [ 120.785360161000085, 14.336377999000035 ], [ 120.785753302000103, 14.33583296300003 ], [ 120.786280467000097, 14.335077955000031 ], [ 120.786499375000062, 14.33476076200003 ], [ 120.786570855000036, 14.334582062000038 ], [ 120.786593192000055, 14.334385492000024 ], [ 120.786669140000072, 14.333827054000039 ], [ 120.786731685000063, 14.333424979000029 ], [ 120.786754022000082, 14.333299889000045 ], [ 120.78678082700003, 14.333098851000045 ], [ 120.78698186500003, 14.332848671000022 ], [ 120.787517966000109, 14.332236623000028 ], [ 120.78783962600005, 14.331847950000054 ], [ 120.789086059000056, 14.330440686000031 ], [ 120.789488135000056, 14.329967131000046 ], [ 120.78980979500011, 14.329605263000076 ], [ 120.790144858000076, 14.329207655000062 ], [ 120.790408441000068, 14.328939605000073 ], [ 120.790497791, 14.328787710000029 ], [ 120.790533531000051, 14.328604542000051 ], [ 120.790511193000043, 14.328434777000041 ], [ 120.790444181000112, 14.328099714000075 ], [ 120.790234208000015, 14.327054318000023 ], [ 120.790202935000025, 14.32688455300007 ], [ 120.790122520000068, 14.326670113000034 ], [ 120.790019768000093, 14.32635738700003 ], [ 120.789885743000013, 14.325955312000076 ], [ 120.789751718000048, 14.325553237000065 ], [ 120.789470265000091, 14.324646333000032 ], [ 120.789294915000028, 14.324175012000069 ], [ 120.789281513000105, 14.324000779000073 ], [ 120.789661809000108, 14.321303524000029 ], [ 120.789913106000085, 14.31941376900005 ], [ 120.788996157000042, 14.319249610000043 ], [ 120.788273159000028, 14.319138290000069 ], [ 120.788105890000111, 14.319410103000052 ], [ 120.787988801000097, 14.319594099000028 ], [ 120.787842441000066, 14.319832458000064 ], [ 120.787679353000044, 14.320116815000063 ], [ 120.787549719000026, 14.32033844700004 ], [ 120.787428449000117, 14.320522443000073 ], [ 120.787231908000081, 14.320752439000046 ], [ 120.787014458000044, 14.320986615000038 ], [ 120.786838825000018, 14.321195702000068 ], [ 120.786604648000093, 14.321480060000056 ], [ 120.786353744000053, 14.321776963000048 ], [ 120.786194838000029, 14.321965141000021 ], [ 120.786199020000026, 14.322078047000048 ], [ 120.786140476000014, 14.322207681000066 ], [ 120.786052659, 14.322370769000031 ], [ 120.786006660000112, 14.322462767000047 ], [ 120.78603175100011, 14.322579855000072 ], [ 120.786044296000114, 14.322692762000031 ], [ 120.7859481160001, 14.322759670000039 ], [ 120.785864482000079, 14.322805669000047 ], [ 120.785776665000071, 14.322839123000051 ], [ 120.785730666000063, 14.322914394000065 ], [ 120.785755757000061, 14.322993847000077 ], [ 120.785730666000063, 14.323127662000047 ], [ 120.785647031000053, 14.323374384000033 ], [ 120.785584306000032, 14.323579289000065 ], [ 120.785513216000027, 14.323834375000047 ], [ 120.785446308000019, 14.324060188000033 ], [ 120.785354310000116, 14.324386363000031 ], [ 120.785203768000088, 14.324888171000055 ], [ 120.785114207000106, 14.325208900000064 ], [ 120.785117999000022, 14.325288531000069 ], [ 120.785114207000106, 14.325413665000042 ], [ 120.785171086000105, 14.325557758000059 ], [ 120.7851559180001, 14.325675308000029 ], [ 120.785072496000112, 14.325735979000058 ], [ 120.785019408000039, 14.325762523000037 ], [ 120.785030784000014, 14.325883865000037 ], [ 120.785152126000071, 14.325895241000069 ], [ 120.785163502000046, 14.32598245500003 ], [ 120.785174878000021, 14.326050710000061 ], [ 120.7851559180001, 14.326137925000069 ], [ 120.785091455000043, 14.326179636000063 ], [ 120.784996657000079, 14.326244099000064 ], [ 120.78496252900004, 14.326357857000062 ], [ 120.784852563000072, 14.326391985000043 ], [ 120.78477293200001, 14.326369233000037 ], [ 120.784685718000105, 14.326414736000061 ], [ 120.784537832000069, 14.326460240000074 ], [ 120.78450749700005, 14.326539870000033 ], [ 120.784522664000065, 14.326627085000041 ], [ 120.784537832000069, 14.326756011000043 ], [ 120.784443034000105, 14.326786346000063 ], [ 120.784443034000105, 14.326847017000034 ], [ 120.784412698000096, 14.326911480000035 ], [ 120.784325484000078, 14.326911480000035 ], [ 120.78426481300005, 14.326915272000065 ], [ 120.784207934000051, 14.326964567000061 ], [ 120.784143471000107, 14.326983527000039 ], [ 120.784052464000069, 14.32699490300007 ], [ 120.784041088000095, 14.327059366000071 ], [ 120.784014545000105, 14.327150372000062 ], [ 120.78404867200004, 14.327199668000048 ], [ 120.784170014000097, 14.327283090000037 ], [ 120.784143471000107, 14.32735513700004 ], [ 120.784067632000074, 14.327385473000049 ], [ 120.784006961000046, 14.327385473000049 ], [ 120.783934914000042, 14.327370305000045 ], [ 120.783847699000034, 14.327305842000044 ], [ 120.783692230000042, 14.327214835000063 ], [ 120.783627767000098, 14.327230003000068 ], [ 120.783548136000036, 14.327298258000042 ], [ 120.783349337000118, 14.327128491000053 ], [ 120.783260127000062, 14.327039281000054 ], [ 120.782897711000032, 14.326855285000022 ], [ 120.782496266000066, 14.326766075000023 ], [ 120.782072519000053, 14.326504020000073 ], [ 120.781765859000075, 14.326431537000076 ], [ 120.781364414000109, 14.326241966000055 ], [ 120.780818003000036, 14.326057970000022 ], [ 120.780327348000014, 14.325873975000036 ], [ 120.779741907000016, 14.325662101000034 ], [ 120.779103077000059, 14.325429588000077 ], [ 120.778947087, 14.325521582000022 ], [ 120.778835094000101, 14.325649574000067 ], [ 120.778787097000077, 14.325793565000026 ], [ 120.778847093000081, 14.325893558000075 ], [ 120.778903090000085, 14.325985553000066 ], [ 120.77897108600007, 14.326097545000039 ], [ 120.778947087, 14.326245536000044 ], [ 120.778896867000071, 14.326367499000071 ], [ 120.778863092000051, 14.326449523000065 ], [ 120.778759099000013, 14.326441523000028 ], [ 120.778599109000083, 14.326445523000075 ], [ 120.778575111, 14.326549516000057 ], [ 120.778507115000025, 14.326681508000036 ], [ 120.77841512100008, 14.32673750400005 ], [ 120.778327127000011, 14.326789501000064 ], [ 120.778359125000065, 14.326889495000046 ], [ 120.778275130000111, 14.32694549100006 ], [ 120.778183136000052, 14.326937491000024 ], [ 120.778083143000117, 14.326981489000048 ], [ 120.778115140000068, 14.327089482000076 ], [ 120.778155138000102, 14.327153478000071 ], [ 120.778191136000032, 14.327241472000026 ], [ 120.77769348400011, 14.326957779000054 ], [ 120.777435196000056, 14.326781056000073 ], [ 120.777190502000053, 14.326617927000029 ], [ 120.776871069000094, 14.326535566000075 ], [ 120.776431904000106, 14.327182363000077 ], [ 120.776195426000072, 14.327333183000064 ], [ 120.775465510000117, 14.328197744000022 ], [ 120.774684698000101, 14.329593290000048 ], [ 120.775380061000078, 14.33001144800005 ], [ 120.776051933000076, 14.330424907000065 ], [ 120.776930753000102, 14.330977031000032 ], [ 120.777371759000062, 14.331248419000076 ], [ 120.777465048000067, 14.331367151000052 ], [ 120.777588021000042, 14.331388354000069 ], [ 120.777710994000017, 14.331447720000028 ], [ 120.778054470000029, 14.331655501000057 ], [ 120.778185924000013, 14.331748791000052 ], [ 120.778817749000041, 14.332138912000062 ], [ 120.779144263000035, 14.332329732000062 ], [ 120.779316890000018, 14.332433289000051 ], [ 120.779226006000044, 14.332526697000048 ], [ 120.77919823600007, 14.332556991000047 ], [ 120.779114927000023, 14.332610007000028 ], [ 120.779082108000011, 14.332657973000039 ], [ 120.779059387000075, 14.332700890000069 ], [ 120.779024044000039, 14.332753905000061 ], [ 120.778988700000014, 14.332801871000072 ], [ 120.778943259000016, 14.332842264000021 ], [ 120.778890243000092, 14.332880132000071 ], [ 120.778804409000031, 14.332930622000049 ], [ 120.778764017000071, 14.332986162000054 ], [ 120.77875644300002, 14.333049275000064 ], [ 120.778766541000095, 14.333092192000038 ], [ 120.778766541000095, 14.333167928000023 ], [ 120.778764017000071, 14.333220944000061 ], [ 120.778769066000109, 14.333306778000065 ], [ 120.778806934000045, 14.333397661000049 ], [ 120.778870047000055, 14.333458250000035 ], [ 120.77894578300004, 14.333533986000077 ], [ 120.778965979000077, 14.333602148000068 ], [ 120.77896850400009, 14.333682933000034 ], [ 120.778912964000028, 14.333768767000038 ], [ 120.778824606000057, 14.333804111000063 ], [ 120.778736247000097, 14.333834405000061 ], [ 120.778660511000112, 14.333819258000062 ], [ 120.778584775000013, 14.33378139000007 ], [ 120.778524186000027, 14.333773816000075 ], [ 120.778450975000055, 14.33380663500003 ], [ 120.778347469000096, 14.333841979000056 ], [ 120.778216193000048, 14.333889945000067 ], [ 120.778158129000076, 14.333910141000047 ], [ 120.778082393000091, 14.333935386000064 ], [ 120.777983936000055, 14.333983352000075 ], [ 120.777923347000069, 14.33401617100003 ], [ 120.777850136000097, 14.334069186000022 ], [ 120.777751679000062, 14.334114628000066 ], [ 120.777648173000102, 14.334157545000039 ], [ 120.777595158000054, 14.334197938000045 ], [ 120.77752952000003, 14.334263576000069 ], [ 120.777463882, 14.334298919000048 ], [ 120.777420965000033, 14.334372130000077 ], [ 120.777395720000072, 14.334427670000025 ], [ 120.777307361000112, 14.334440293000057 ], [ 120.777256871000077, 14.334389802000032 ], [ 120.777178610000078, 14.334346885000059 ], [ 120.777092776000018, 14.334316591000061 ], [ 120.777034712000045, 14.334341836000021 ], [ 120.777009467000084, 14.334374655000033 ], [ 120.776961500000084, 14.334387278000065 ], [ 120.776898387000074, 14.334387278000065 ], [ 120.776847897000039, 14.334377179000057 ], [ 120.776741866000066, 14.334389802000032 ], [ 120.776630787000045, 14.334402425000064 ], [ 120.776504560000035, 14.334417572000064 ], [ 120.776423775000012, 14.33441504700005 ], [ 120.776355613000078, 14.334397376000027 ], [ 120.776307647000067, 14.334354459000053 ], [ 120.776252107000118, 14.334301444000062 ], [ 120.776138503000084, 14.334223183000063 ], [ 120.776082963000022, 14.334192889000064 ], [ 120.775987031000113, 14.334170168000071 ], [ 120.775893623000115, 14.334157545000039 ], [ 120.775810314000069, 14.334139873000026 ], [ 120.77573205300007, 14.334132300000022 ], [ 120.775633596000034, 14.33414239800004 ], [ 120.775560385000063, 14.334170168000071 ], [ 120.775484649000077, 14.334213085000044 ], [ 120.775391241000079, 14.33428882100003 ], [ 120.775282686000082, 14.334362032000058 ], [ 120.775201901000059, 14.334402425000064 ], [ 120.775153935000048, 14.33446301400005 ], [ 120.77512364100005, 14.334538750000036 ], [ 120.775068101000102, 14.334632157000044 ], [ 120.775037807000103, 14.33473566300006 ], [ 120.774984791000065, 14.334813924000059 ], [ 120.774888859000043, 14.334894709000025 ], [ 120.774795451000045, 14.334972969000034 ], [ 120.774717191000036, 14.335036083000034 ], [ 120.774681847000011, 14.335089098000026 ], [ 120.774646504000088, 14.335164834000068 ], [ 120.774573293000117, 14.335270864000051 ], [ 120.774414247000095, 14.335465253000052 ], [ 120.774333462000072, 14.335530891000076 ], [ 120.774235005000037, 14.335616725000023 ], [ 120.774141597000039, 14.335674789000052 ], [ 120.774038092000069, 14.33570508400004 ], [ 120.773969929000032, 14.33570508400004 ], [ 120.773858850000011, 14.335730329000057 ], [ 120.773760393000089, 14.335742952000032 ], [ 120.773656887000016, 14.335742952000032 ], [ 120.773571053000069, 14.335763148000069 ], [ 120.773477645000071, 14.335798491000048 ], [ 120.773394336000024, 14.335843933000035 ], [ 120.773338796000075, 14.335909571000059 ], [ 120.773295879000102, 14.335982782000031 ], [ 120.773293354000089, 14.336063567000053 ], [ 120.773293354000089, 14.336136779000071 ], [ 120.773305977000064, 14.33619231800003 ], [ 120.773331222000024, 14.336268054000072 ], [ 120.773350620000087, 14.336348691000069 ], [ 120.773369090000074, 14.33642457600007 ], [ 120.77340695800001, 14.33650788500006 ], [ 120.773437253000111, 14.336626538000075 ], [ 120.773485219, 14.336742667000067 ], [ 120.773530661000109, 14.33686384400005 ], [ 120.773573578000082, 14.336962301000028 ], [ 120.773596298000029, 14.337106199000061 ], [ 120.773568529000045, 14.337197083000035 ], [ 120.773563479000018, 14.337313211000037 ], [ 120.773603872000081, 14.33739399600006 ], [ 120.773659412000029, 14.337507600000038 ], [ 120.773717476000115, 14.33760858100004 ], [ 120.773735148000014, 14.337701989000038 ], [ 120.773803310000062, 14.337828216000048 ], [ 120.773853801000087, 14.337883755000064 ], [ 120.77387147200011, 14.337951918000044 ], [ 120.773884095000085, 14.338020080000035 ], [ 120.773911865000059, 14.338116012000057 ], [ 120.773939635000033, 14.338181650000024 ], [ 120.773997699, 14.33828515600004 ], [ 120.774045665000017, 14.338355843000045 ], [ 120.77408605800008, 14.338444202000062 ], [ 120.774116352000078, 14.338527511000052 ], [ 120.774159269000052, 14.338615870000069 ], [ 120.7742122840001, 14.338716851000072 ], [ 120.77425267700005, 14.338812783000037 ], [ 120.774310741000022, 14.338931436000053 ], [ 120.774376379000046, 14.339062712000043 ], [ 120.774475467000116, 14.339098056000068 ], [ 120.774551203000101, 14.339170005000028 ], [ 120.774539842000081, 14.339257101000044 ], [ 120.774418665000098, 14.339347984000028 ], [ 120.774346716000082, 14.339325264000024 ], [ 120.774240685000109, 14.339287396000032 ], [ 120.774115721000044, 14.339291182000068 ], [ 120.774312067000096, 14.339524183000037 ], [ 120.774188136000021, 14.339652612000066 ], [ 120.774198421000051, 14.339660461000051 ], [ 120.774236961000042, 14.339686297000071 ], [ 120.774243623000075, 14.339687807000075 ], [ 120.774267009000027, 14.339702263000049 ], [ 120.774268649000078, 14.339700554000046 ], [ 120.774296892000052, 14.339725201000022 ], [ 120.774302267000053, 14.339732129000026 ], [ 120.774322014000063, 14.339747802000034 ], [ 120.774363251000068, 14.339775687000042 ], [ 120.774404394000044, 14.339800079000042 ], [ 120.774427569000068, 14.339822535000053 ], [ 120.774441828000022, 14.339832921000038 ], [ 120.774452495000105, 14.339846688000023 ], [ 120.774477391000119, 14.339869098000065 ], [ 120.774509311000088, 14.339910305000046 ], [ 120.774521696000079, 14.339924016000055 ], [ 120.774567625000032, 14.339995930000043 ], [ 120.774585312000113, 14.34001648900005 ], [ 120.774613614000032, 14.340038757000059 ], [ 120.774640122000051, 14.340062717000023 ], [ 120.774696590000076, 14.340102006000052 ], [ 120.774701883000034, 14.340108844000042 ], [ 120.774738869000089, 14.340136126000061 ], [ 120.77475821400003, 14.340148035000027 ], [ 120.774775828000088, 14.340161685000055 ], [ 120.774828669000044, 14.340192397000067 ], [ 120.77484280300007, 14.340207795000026 ], [ 120.774869283000044, 14.340231740000036 ], [ 120.774885211000083, 14.340250583000056 ], [ 120.774892267000041, 14.340255711000054 ], [ 120.774924105000082, 14.340288260000023 ], [ 120.774948837000011, 14.340308803000028 ], [ 120.774971771000082, 14.340324187000022 ], [ 120.774982372000068, 14.340332747000048 ], [ 120.774984160000031, 14.340336187000048 ], [ 120.775031826000031, 14.34037040100003 ], [ 120.775038910000035, 14.34037726300005 ], [ 120.775054787000045, 14.340387517000067 ], [ 120.775074300000028, 14.340408123000032 ], [ 120.775118883000118, 14.340468394000027 ], [ 120.775134885000057, 14.340485605000026 ], [ 120.775182813000015, 14.340530319000038 ], [ 120.775214668000103, 14.340553515000067 ], [ 120.775276722000058, 14.340610038000023 ], [ 120.7753208150001, 14.340646013000026 ], [ 120.775331443000027, 14.340658005000023 ], [ 120.775345706000053, 14.340680287000055 ], [ 120.775361666000094, 14.340699140000027 ], [ 120.775365253000018, 14.340706 ], [ 120.775384778000102, 14.340730002000043 ], [ 120.77539726100008, 14.340748871000073 ], [ 120.775414998000088, 14.340769449000049 ], [ 120.775452364000103, 14.340819213000032 ], [ 120.77546479800003, 14.340831227000024 ], [ 120.775480877000064, 14.340851847000067 ], [ 120.775522162000016, 14.340913783000076 ], [ 120.775527498000088, 14.340918939000062 ], [ 120.775540108000087, 14.340939610000078 ], [ 120.775551109000048, 14.340967220000039 ], [ 120.775560107000047, 14.340981013000032 ], [ 120.775563767000108, 14.340989647000072 ], [ 120.775576398000112, 14.341010354000048 ], [ 120.775583522000034, 14.341017240000042 ], [ 120.775603356000033, 14.341048316000069 ], [ 120.775625376000107, 14.341100244000074 ], [ 120.775630975000013, 14.341117584000074 ], [ 120.775641895000035, 14.341138370000067 ], [ 120.775679897000032, 14.341199002000053 ], [ 120.775685555000109, 14.341218136000066 ], [ 120.775705899000059, 14.341268580000076 ], [ 120.775709745000086, 14.341284277000057 ], [ 120.775724210000021, 14.341305116000058 ], [ 120.775740313000028, 14.341320691000021 ], [ 120.775742063000052, 14.341320672000052 ], [ 120.775765361000026, 14.341350196000064 ], [ 120.775797243000056, 14.341401771000051 ], [ 120.775809690000074, 14.341415553000047 ], [ 120.775827449000076, 14.341439661000038 ], [ 120.775855928000055, 14.341468976000044 ], [ 120.775868377000052, 14.341484490000028 ], [ 120.775886196000101, 14.341500026000062 ], [ 120.775891526, 14.341508643000054 ], [ 120.775918264000097, 14.341531093000071 ], [ 120.775944984000034, 14.341560433000041 ], [ 120.775952119000067, 14.341565618000061 ], [ 120.775978854000073, 14.341593247000048 ], [ 120.775985990000095, 14.341598432000069 ], [ 120.776002031000075, 14.341617429000053 ], [ 120.776007373000084, 14.341627788000039 ], [ 120.776021638000088, 14.341645066000069 ], [ 120.776051973000108, 14.341670998000041 ], [ 120.776059113000088, 14.341674459000046 ], [ 120.776082312000085, 14.341698663000045 ], [ 120.776137645000063, 14.341741897000077 ], [ 120.77615550400003, 14.341762657000061 ], [ 120.77617336000003, 14.341778227000077 ], [ 120.776175149000096, 14.341781689000072 ], [ 120.776218001000075, 14.341814557000077 ], [ 120.776225151000062, 14.341823213000055 ], [ 120.776232288000074, 14.341826669000056 ], [ 120.776253718000021, 14.34184397100006 ], [ 120.776260853000053, 14.341847426000072 ], [ 120.776287637000109, 14.341868187000046 ], [ 120.776307265000014, 14.341880287000038 ], [ 120.776317980000044, 14.341888938000068 ], [ 120.776384086, 14.341946059000065 ], [ 120.776407345000052, 14.341970316000072 ], [ 120.776410911000085, 14.341972041000076 ], [ 120.776457476000019, 14.342024060000028 ], [ 120.776484437000022, 14.342064014000073 ], [ 120.776514973000076, 14.342103980000047 ], [ 120.776540104000105, 14.342133521000051 ], [ 120.776565195000103, 14.34215782900003 ], [ 120.776581400000055, 14.34218045700004 ], [ 120.776597575000096, 14.342199593000032 ], [ 120.776601199000083, 14.342206571000077 ], [ 120.776615529000082, 14.342218721000052 ], [ 120.776633487000026, 14.342237853000029 ], [ 120.776638909000098, 14.342246574000058 ], [ 120.776655039000048, 14.342260467000074 ], [ 120.77668557100003, 14.342291783000064 ], [ 120.776739626000108, 14.342358035000075 ], [ 120.776748584000075, 14.34236498000007 ], [ 120.776759389000063, 14.342377184000043 ], [ 120.7767862930001, 14.34239978100004 ], [ 120.776824253000086, 14.342450453000026 ], [ 120.776836650000064, 14.342458988000033 ], [ 120.776834926000106, 14.342460792000054 ], [ 120.776863984000101, 14.342491038000048 ], [ 120.776867566000078, 14.342499688000032 ], [ 120.776872941000079, 14.342504920000067 ], [ 120.776892641000018, 14.342520660000048 ], [ 120.776924845000053, 14.342539984000041 ], [ 120.776935576000028, 14.342550434000032 ], [ 120.777015930000061, 14.342611519000059 ], [ 120.777120996, 14.342675993000057 ], [ 120.777158428, 14.342703695000068 ], [ 120.777201145000049, 14.342731422000043 ], [ 120.777252908000037, 14.342778073000034 ], [ 120.777302947000067, 14.342826448000039 ], [ 120.777335300000118, 14.342867908000073 ], [ 120.777344362, 14.342883462000032 ], [ 120.777350090000027, 14.342909399000064 ], [ 120.777366611000048, 14.342947508000066 ], [ 120.777382903000102, 14.342971786000021 ], [ 120.777386587000024, 14.342980465000039 ], [ 120.777415491000056, 14.343018657000073 ], [ 120.777426573000071, 14.343044750000047 ], [ 120.777439323000067, 14.343065631000059 ], [ 120.777455529, 14.343083016000037 ], [ 120.777479081000024, 14.343114353000033 ], [ 120.777489868000089, 14.343124787000022 ], [ 120.777502613000024, 14.343143965000024 ], [ 120.777518753000095, 14.343159605000039 ], [ 120.777534914000057, 14.343178730000034 ], [ 120.777538570000047, 14.343185709000068 ], [ 120.777543930000093, 14.343190915000037 ], [ 120.777546550000011, 14.343192522000038 ], [ 120.777517939000063, 14.343123068000068 ] ] ] ] } }
]
}
